-- Generated by Craft v1.3.2461 on Jan 4, 2014 4:10:45 PM.

--
-- Disable foreign key checks and autocommit.
--

SET FOREIGN_KEY_CHECKS = 0;
SET SQL_MODE = "NO_AUTO_VALUE_ON_ZERO";
SET AUTOCOMMIT = 0;
SET NAMES utf8;


--
-- Schema for table `craft_assetfiles`
--

DROP TABLE IF EXISTS `craft_assetfiles`;

CREATE TABLE `craft_assetfiles` (
  `id` int(11) NOT NULL,
  `sourceId` int(11) NOT NULL,
  `folderId` int(11) NOT NULL,
  `filename` varchar(255) COLLATE utf8_unicode_ci NOT NULL,
  `kind` varchar(50) COLLATE utf8_unicode_ci NOT NULL DEFAULT 'unknown',
  `width` smallint(6) unsigned DEFAULT NULL,
  `height` smallint(6) unsigned DEFAULT NULL,
  `size` int(11) unsigned DEFAULT NULL,
  `dateModified` datetime DEFAULT NULL,
  `dateCreated` datetime NOT NULL,
  `dateUpdated` datetime NOT NULL,
  `uid` char(36) COLLATE utf8_unicode_ci NOT NULL DEFAULT '0',
  PRIMARY KEY (`id`),
  UNIQUE KEY `craft_assetfiles_filename_folderId_unq_idx` (`filename`,`folderId`),
  KEY `craft_assetfiles_sourceId_fk` (`sourceId`),
  KEY `craft_assetfiles_folderId_fk` (`folderId`)
) ENGINE=InnoDB DEFAULT CHARSET=utf8 COLLATE=utf8_unicode_ci;

--
-- Data for table `craft_assetfiles`
--

INSERT INTO `craft_assetfiles` (`id`, `sourceId`, `folderId`, `filename`, `kind`, `width`, `height`, `size`, `dateModified`, `dateCreated`, `dateUpdated`, `uid`) VALUES ('10', '4', '4', '450.jpg', 'image', '655', '450', '37595', '2013-12-30 13:08:47', '2013-12-30 13:08:47', '2013-12-30 13:08:47', '74285a2b-60f9-44b0-ab97-c27b5edca452');
INSERT INTO `craft_assetfiles` (`id`, `sourceId`, `folderId`, `filename`, `kind`, `width`, `height`, `size`, `dateModified`, `dateCreated`, `dateUpdated`, `uid`) VALUES ('11', '4', '4', '320.jpg', 'image', '220', '320', '7239', '2013-12-30 13:09:01', '2013-12-30 13:09:01', '2013-12-30 13:09:01', '24345ed5-ffa1-4346-be6c-5545e063112f');
INSERT INTO `craft_assetfiles` (`id`, `sourceId`, `folderId`, `filename`, `kind`, `width`, `height`, `size`, `dateModified`, `dateCreated`, `dateUpdated`, `uid`) VALUES ('12', '4', '4', '250.jpg', 'image', '340', '250', '7714', '2013-12-30 13:09:41', '2013-12-30 13:09:23', '2013-12-30 13:09:46', '870dfe69-2baf-479c-9c32-2b60f618080d');
INSERT INTO `craft_assetfiles` (`id`, `sourceId`, `folderId`, `filename`, `kind`, `width`, `height`, `size`, `dateModified`, `dateCreated`, `dateUpdated`, `uid`) VALUES ('15', '2', '2', '700.jpg', 'image', '1200', '700', '41241', '2013-12-30 13:21:19', '2013-12-30 13:21:20', '2013-12-30 13:21:20', 'fc97bc2c-fb84-4360-8ba6-35b8f0c0e4ca');
INSERT INTO `craft_assetfiles` (`id`, `sourceId`, `folderId`, `filename`, `kind`, `width`, `height`, `size`, `dateModified`, `dateCreated`, `dateUpdated`, `uid`) VALUES ('16', '2', '2', 'cat.jpg', 'image', '1200', '700', '41241', '2014-01-02 14:45:39', '2014-01-02 14:45:39', '2014-01-02 14:45:39', '6f036e2e-602c-41b5-bcec-d9c4f40ddf65');
INSERT INTO `craft_assetfiles` (`id`, `sourceId`, `folderId`, `filename`, `kind`, `width`, `height`, `size`, `dateModified`, `dateCreated`, `dateUpdated`, `uid`) VALUES ('21', '1', '1', 'cat.jpg', 'image', '1200', '700', '41241', '2014-01-02 18:40:15', '2014-01-02 18:40:16', '2014-01-02 18:40:16', 'd7099b26-c5d4-4a4a-b741-403e5bff01f0');
INSERT INTO `craft_assetfiles` (`id`, `sourceId`, `folderId`, `filename`, `kind`, `width`, `height`, `size`, `dateModified`, `dateCreated`, `dateUpdated`, `uid`) VALUES ('24', '1', '1', 'Screen_shot_2013-11-28_at_09.18.41.png', 'image', '1105', '867', '842431', '2014-01-02 19:26:26', '2014-01-02 19:26:30', '2014-01-02 19:26:30', '2e56fe73-be08-4fe5-a01c-fad7abb604cc');
INSERT INTO `craft_assetfiles` (`id`, `sourceId`, `folderId`, `filename`, `kind`, `width`, `height`, `size`, `dateModified`, `dateCreated`, `dateUpdated`, `uid`) VALUES ('25', '1', '1', 'Screen_shot_2013-11-28_at_09.13.24.png', 'image', '1305', '871', '986020', '2014-01-02 19:26:55', '2014-01-02 19:27:01', '2014-01-02 19:27:01', 'd4eaadaa-8af8-4534-9e23-77b1c9dc8b2d');
INSERT INTO `craft_assetfiles` (`id`, `sourceId`, `folderId`, `filename`, `kind`, `width`, `height`, `size`, `dateModified`, `dateCreated`, `dateUpdated`, `uid`) VALUES ('47', '5', '5', '100x135.gif', 'image', '100', '135', '1530', '2014-01-03 14:42:40', '2014-01-03 14:42:41', '2014-01-03 14:42:41', 'eb9b38d7-55df-4a37-95cd-b9eec84c235c');



--
-- Schema for table `craft_assetfolders`
--

DROP TABLE IF EXISTS `craft_assetfolders`;

CREATE TABLE `craft_assetfolders` (
  `id` int(11) NOT NULL AUTO_INCREMENT,
  `parentId` int(11) DEFAULT NULL,
  `sourceId` int(11) NOT NULL,
  `name` varchar(255) COLLATE utf8_unicode_ci NOT NULL,
  `fullPath` varchar(255) COLLATE utf8_unicode_ci DEFAULT NULL,
  `dateCreated` datetime NOT NULL,
  `dateUpdated` datetime NOT NULL,
  `uid` char(36) COLLATE utf8_unicode_ci NOT NULL DEFAULT '0',
  PRIMARY KEY (`id`),
  UNIQUE KEY `craft_assetfolders_name_parentId_sourceId_unq_idx` (`name`,`parentId`,`sourceId`),
  KEY `craft_assetfolders_parentId_fk` (`parentId`),
  KEY `craft_assetfolders_sourceId_fk` (`sourceId`)
) ENGINE=InnoDB AUTO_INCREMENT=6 DEFAULT CHARSET=utf8 COLLATE=utf8_unicode_ci;

--
-- Data for table `craft_assetfolders`
--

INSERT INTO `craft_assetfolders` (`id`, `parentId`, `sourceId`, `name`, `fullPath`, `dateCreated`, `dateUpdated`, `uid`) VALUES ('1', NULL, '1', 'collection', '', '2013-12-20 18:49:23', '2013-12-20 18:49:23', '4a788ca0-ccb7-44fd-b32c-f8dbc8a9b7ac');
INSERT INTO `craft_assetfolders` (`id`, `parentId`, `sourceId`, `name`, `fullPath`, `dateCreated`, `dateUpdated`, `uid`) VALUES ('2', NULL, '2', 'slider', '', '2013-12-20 18:50:24', '2013-12-20 18:50:24', 'b54f6387-8be9-4b3c-a1bb-7f64a34054e2');
INSERT INTO `craft_assetfolders` (`id`, `parentId`, `sourceId`, `name`, `fullPath`, `dateCreated`, `dateUpdated`, `uid`) VALUES ('3', NULL, '3', 'shop', '', '2013-12-20 18:52:20', '2013-12-20 18:52:20', '225b0cda-c97d-4087-8f7a-3fc30283b819');
INSERT INTO `craft_assetfolders` (`id`, `parentId`, `sourceId`, `name`, `fullPath`, `dateCreated`, `dateUpdated`, `uid`) VALUES ('4', NULL, '4', 'general', '', '2013-12-20 19:13:40', '2013-12-20 19:13:40', 'a0e4932b-6125-439c-bc1f-952ef38f2fab');
INSERT INTO `craft_assetfolders` (`id`, `parentId`, `sourceId`, `name`, `fullPath`, `dateCreated`, `dateUpdated`, `uid`) VALUES ('5', NULL, '5', 'Press', '', '2013-12-20 19:20:21', '2013-12-20 19:20:21', '967b75ce-89fa-4232-9c84-afc42e9710f9');



--
-- Schema for table `craft_assetindexdata`
--

DROP TABLE IF EXISTS `craft_assetindexdata`;

CREATE TABLE `craft_assetindexdata` (
  `id` int(11) NOT NULL AUTO_INCREMENT,
  `sessionId` varchar(36) COLLATE utf8_unicode_ci NOT NULL DEFAULT '',
  `sourceId` int(10) NOT NULL,
  `offset` int(10) NOT NULL,
  `uri` varchar(255) COLLATE utf8_unicode_ci DEFAULT NULL,
  `size` int(10) DEFAULT NULL,
  `recordId` int(10) DEFAULT NULL,
  `dateCreated` datetime NOT NULL,
  `dateUpdated` datetime NOT NULL,
  `uid` char(36) COLLATE utf8_unicode_ci NOT NULL DEFAULT '0',
  PRIMARY KEY (`id`),
  UNIQUE KEY `craft_assetindexdata_sessionId_sourceId_offset_unq_idx` (`sessionId`,`sourceId`,`offset`),
  KEY `craft_assetindexdata_sourceId_fk` (`sourceId`)
) ENGINE=InnoDB DEFAULT CHARSET=utf8 COLLATE=utf8_unicode_ci;

--
-- Schema for table `craft_assetsources`
--

DROP TABLE IF EXISTS `craft_assetsources`;

CREATE TABLE `craft_assetsources` (
  `id` int(11) NOT NULL AUTO_INCREMENT,
  `name` varchar(255) COLLATE utf8_unicode_ci NOT NULL,
  `type` char(150) COLLATE utf8_unicode_ci NOT NULL,
  `settings` text COLLATE utf8_unicode_ci,
  `sortOrder` tinyint(4) DEFAULT NULL,
  `dateCreated` datetime NOT NULL,
  `dateUpdated` datetime NOT NULL,
  `uid` char(36) COLLATE utf8_unicode_ci NOT NULL DEFAULT '0',
  PRIMARY KEY (`id`),
  UNIQUE KEY `craft_assetsources_name_unq_idx` (`name`)
) ENGINE=InnoDB AUTO_INCREMENT=6 DEFAULT CHARSET=utf8 COLLATE=utf8_unicode_ci;

--
-- Data for table `craft_assetsources`
--

INSERT INTO `craft_assetsources` (`id`, `name`, `type`, `settings`, `sortOrder`, `dateCreated`, `dateUpdated`, `uid`) VALUES ('1', 'collection', 'Local', '{\"path\":\"\\/Users\\/robertfarrelly\\/Documents\\/Dropbox\\/htdocs\\/craft\\/public\\/assets\\/collection\\/\",\"url\":\"\\/assets\\/collection\\/\"}', '1', '2013-12-20 18:49:23', '2014-01-02 14:48:59', '9bdc6476-2a53-487f-bdb8-b8b74b8cb74b');
INSERT INTO `craft_assetsources` (`id`, `name`, `type`, `settings`, `sortOrder`, `dateCreated`, `dateUpdated`, `uid`) VALUES ('2', 'slider', 'Local', '{\"path\":\"\\/Users\\/robertfarrelly\\/Documents\\/Dropbox\\/htdocs\\/craft\\/public\\/assets\\/slider\\/\",\"url\":\"\\/assets\\/slider\\/\"}', '2', '2013-12-20 18:50:24', '2014-01-02 14:48:56', '50a6f4c6-2464-40c8-b24d-0e89248bf574');
INSERT INTO `craft_assetsources` (`id`, `name`, `type`, `settings`, `sortOrder`, `dateCreated`, `dateUpdated`, `uid`) VALUES ('3', 'shop', 'Local', '{\"path\":\"\\/Users\\/robertfarrelly\\/Documents\\/Dropbox\\/htdocs\\/craft\\/public\\/assets\\/shop\\/\",\"url\":\"\\/assets\\/shop\\/\"}', '3', '2013-12-20 18:52:20', '2014-01-02 14:48:53', '150687f2-b344-46a5-b31f-67e7b4ae032e');
INSERT INTO `craft_assetsources` (`id`, `name`, `type`, `settings`, `sortOrder`, `dateCreated`, `dateUpdated`, `uid`) VALUES ('4', 'general', 'Local', '{\"path\":\"\\/Users\\/robertfarrelly\\/Documents\\/Dropbox\\/htdocs\\/craft\\/public\\/assets\\/general\\/\",\"url\":\"\\/assets\\/general\\/\"}', '4', '2013-12-20 19:13:40', '2014-01-02 14:48:51', 'b02a5fc9-7b90-45ef-adc7-df3b04f10807');
INSERT INTO `craft_assetsources` (`id`, `name`, `type`, `settings`, `sortOrder`, `dateCreated`, `dateUpdated`, `uid`) VALUES ('5', 'Press', 'Local', '{\"path\":\"\\/Users\\/robertfarrelly\\/Documents\\/Dropbox\\/htdocs\\/craft\\/public\\/assets\\/press\\/\",\"url\":\"\\/assets\\/press\\/\"}', '5', '2013-12-20 19:20:21', '2014-01-02 14:48:46', 'a6020eb6-7afc-48ec-895d-368597c7851f');



--
-- Schema for table `craft_assettransformindex`
--

DROP TABLE IF EXISTS `craft_assettransformindex`;

CREATE TABLE `craft_assettransformindex` (
  `id` int(11) NOT NULL AUTO_INCREMENT,
  `fileId` int(11) NOT NULL,
  `location` varchar(255) COLLATE utf8_unicode_ci NOT NULL,
  `sourceId` int(11) NOT NULL,
  `fileExists` tinyint(1) DEFAULT NULL,
  `inProgress` tinyint(1) DEFAULT NULL,
  `dateIndexed` datetime DEFAULT NULL,
  `dateCreated` datetime NOT NULL,
  `dateUpdated` datetime NOT NULL,
  `uid` char(36) COLLATE utf8_unicode_ci NOT NULL DEFAULT '0',
  PRIMARY KEY (`id`),
  KEY `craft_assettransformindex_sourceId_fileId_location_idx` (`sourceId`,`fileId`,`location`)
) ENGINE=InnoDB AUTO_INCREMENT=7 DEFAULT CHARSET=utf8 COLLATE=utf8_unicode_ci;

--
-- Data for table `craft_assettransformindex`
--

INSERT INTO `craft_assettransformindex` (`id`, `fileId`, `location`, `sourceId`, `fileExists`, `inProgress`, `dateIndexed`, `dateCreated`, `dateUpdated`, `uid`) VALUES ('4', '21', '_collectionImg', '1', '1', '0', '2014-01-02 19:29:50', '2014-01-02 19:29:50', '2014-01-02 19:29:53', '01cb3779-1810-4fea-8768-deccde188a41');
INSERT INTO `craft_assettransformindex` (`id`, `fileId`, `location`, `sourceId`, `fileExists`, `inProgress`, `dateIndexed`, `dateCreated`, `dateUpdated`, `uid`) VALUES ('5', '24', '_collectionImg', '1', '1', '0', '2014-01-02 19:29:50', '2014-01-02 19:29:50', '2014-01-02 19:29:53', 'bca13a8c-ed83-4a88-91f8-78e17793e5ac');
INSERT INTO `craft_assettransformindex` (`id`, `fileId`, `location`, `sourceId`, `fileExists`, `inProgress`, `dateIndexed`, `dateCreated`, `dateUpdated`, `uid`) VALUES ('6', '25', '_collectionImg', '1', '1', '0', '2014-01-02 19:29:50', '2014-01-02 19:29:50', '2014-01-02 19:29:53', 'dec048a1-cff0-4edc-af75-eba62a371250');



--
-- Schema for table `craft_assettransforms`
--

DROP TABLE IF EXISTS `craft_assettransforms`;

CREATE TABLE `craft_assettransforms` (
  `id` int(11) NOT NULL AUTO_INCREMENT,
  `name` varchar(255) COLLATE utf8_unicode_ci NOT NULL,
  `handle` varchar(255) COLLATE utf8_unicode_ci NOT NULL,
  `mode` enum('stretch','fit','crop') COLLATE utf8_unicode_ci NOT NULL DEFAULT 'crop',
  `position` enum('top-left','top-center','top-right','center-left','center-center','center-right','bottom-left','bottom-center','bottom-right') COLLATE utf8_unicode_ci NOT NULL DEFAULT 'center-center',
  `height` int(10) DEFAULT NULL,
  `width` int(10) DEFAULT NULL,
  `dimensionChangeTime` datetime DEFAULT NULL,
  `dateCreated` datetime NOT NULL,
  `dateUpdated` datetime NOT NULL,
  `uid` char(36) COLLATE utf8_unicode_ci NOT NULL DEFAULT '0',
  PRIMARY KEY (`id`),
  UNIQUE KEY `craft_assettransforms_name_unq_idx` (`name`),
  UNIQUE KEY `craft_assettransforms_handle_unq_idx` (`handle`)
) ENGINE=InnoDB AUTO_INCREMENT=9 DEFAULT CHARSET=utf8 COLLATE=utf8_unicode_ci;

--
-- Data for table `craft_assettransforms`
--

INSERT INTO `craft_assettransforms` (`id`, `name`, `handle`, `mode`, `position`, `height`, `width`, `dimensionChangeTime`, `dateCreated`, `dateUpdated`, `uid`) VALUES ('1', 'Slider Image', 'sliderImage', 'fit', 'center-center', '700', '1200', '2013-12-20 18:55:07', '2013-12-20 18:55:07', '2013-12-20 19:06:45', '185ae3f0-4ad8-4a04-90c7-1a3ad2c87d63');
INSERT INTO `craft_assettransforms` (`id`, `name`, `handle`, `mode`, `position`, `height`, `width`, `dimensionChangeTime`, `dateCreated`, `dateUpdated`, `uid`) VALUES ('2', 'About Image One', 'ImageOne', 'fit', 'center-center', '450', '655', '2013-12-20 18:56:40', '2013-12-20 18:56:40', '2013-12-20 18:56:40', '820483b3-e4e1-48c2-8ab2-08d77c386068');
INSERT INTO `craft_assettransforms` (`id`, `name`, `handle`, `mode`, `position`, `height`, `width`, `dimensionChangeTime`, `dateCreated`, `dateUpdated`, `uid`) VALUES ('3', 'About Image Two', 'ImageTwo', 'fit', 'center-center', '250', '340', '2013-12-20 18:57:38', '2013-12-20 18:57:38', '2013-12-20 18:57:38', 'c8b0cd59-4b92-4e0f-b586-69b36f213951');
INSERT INTO `craft_assettransforms` (`id`, `name`, `handle`, `mode`, `position`, `height`, `width`, `dimensionChangeTime`, `dateCreated`, `dateUpdated`, `uid`) VALUES ('4', 'About Image Three', 'ImageThree', 'fit', 'center-center', '320', '220', '2013-12-20 18:58:38', '2013-12-20 18:58:38', '2013-12-20 18:58:38', '436cbfd0-7bdc-48ab-ae41-06a6993ce190');
INSERT INTO `craft_assettransforms` (`id`, `name`, `handle`, `mode`, `position`, `height`, `width`, `dimensionChangeTime`, `dateCreated`, `dateUpdated`, `uid`) VALUES ('5', 'Collection', 'collectionImg', 'crop', 'center-center', '700', '1200', '2014-01-02 19:29:29', '2013-12-20 19:00:35', '2014-01-02 19:29:29', '583bff33-615a-4eae-a24a-ad7cd150acd0');
INSERT INTO `craft_assettransforms` (`id`, `name`, `handle`, `mode`, `position`, `height`, `width`, `dimensionChangeTime`, `dateCreated`, `dateUpdated`, `uid`) VALUES ('6', 'Shop Thumbnail', 'shopThumbnail', 'crop', 'center-center', '300', '280', '2013-12-20 19:02:46', '2013-12-20 19:02:46', '2013-12-20 19:02:46', '34f7d7f8-f7e2-4161-9840-97df94ee62c9');
INSERT INTO `craft_assettransforms` (`id`, `name`, `handle`, `mode`, `position`, `height`, `width`, `dimensionChangeTime`, `dateCreated`, `dateUpdated`, `uid`) VALUES ('7', 'Product Image', 'productImage', 'crop', 'center-center', '450', '500', '2013-12-20 19:03:48', '2013-12-20 19:03:48', '2013-12-20 19:03:48', 'fbe02d67-f742-4cdb-a2d1-c9f35c35bec3');
INSERT INTO `craft_assettransforms` (`id`, `name`, `handle`, `mode`, `position`, `height`, `width`, `dimensionChangeTime`, `dateCreated`, `dateUpdated`, `uid`) VALUES ('8', 'Press Image', 'pressImage', 'crop', 'center-center', '135', '100', '2013-12-20 19:06:12', '2013-12-20 19:06:12', '2013-12-20 19:06:12', 'e2352348-08a1-4233-9ab0-4b122ccb0334');



--
-- Schema for table `craft_content`
--

DROP TABLE IF EXISTS `craft_content`;

CREATE TABLE `craft_content` (
  `id` int(11) NOT NULL AUTO_INCREMENT,
  `elementId` int(11) NOT NULL,
  `locale` char(12) COLLATE utf8_unicode_ci NOT NULL,
  `title` varchar(255) COLLATE utf8_unicode_ci DEFAULT NULL,
  `field_heading` text COLLATE utf8_unicode_ci,
  `field_body` text COLLATE utf8_unicode_ci,
  `field_sliderCaption` text COLLATE utf8_unicode_ci,
  `field_sliderLink` text COLLATE utf8_unicode_ci,
  `field_pageIntro` text COLLATE utf8_unicode_ci,
  `field_contactInfo` text COLLATE utf8_unicode_ci,
  `field_collectionName` text COLLATE utf8_unicode_ci,
  `field_productName` text COLLATE utf8_unicode_ci,
  `field_price` text COLLATE utf8_unicode_ci,
  `field_productInfo` text COLLATE utf8_unicode_ci,
  `field_collectionInfo` text COLLATE utf8_unicode_ci,
  `field_collectionId` text COLLATE utf8_unicode_ci,
  `field_shop` text COLLATE utf8_unicode_ci,
  `field_section` text COLLATE utf8_unicode_ci,
  `field_test` text COLLATE utf8_unicode_ci,
  `field_articleName` text COLLATE utf8_unicode_ci,
  `field_publicationLink` text COLLATE utf8_unicode_ci,
  `dateCreated` datetime NOT NULL,
  `dateUpdated` datetime NOT NULL,
  `uid` char(36) COLLATE utf8_unicode_ci NOT NULL DEFAULT '0',
  PRIMARY KEY (`id`),
  UNIQUE KEY `craft_content_elementId_locale_unq_idx` (`elementId`,`locale`),
  KEY `craft_content_title_idx` (`title`),
  KEY `craft_content_locale_fk` (`locale`)
) ENGINE=InnoDB AUTO_INCREMENT=52 DEFAULT CHARSET=utf8 COLLATE=utf8_unicode_ci;

--
-- Data for table `craft_content`
--

INSERT INTO `craft_content` (`id`, `elementId`, `locale`, `title`, `field_heading`, `field_body`, `field_sliderCaption`, `field_sliderLink`, `field_pageIntro`, `field_contactInfo`, `field_collectionName`, `field_productName`, `field_price`, `field_productInfo`, `field_collectionInfo`, `field_collectionId`, `field_shop`, `field_section`, `field_test`, `field_articleName`, `field_publicationLink`, `dateCreated`, `dateUpdated`, `uid`) VALUES ('1', '1', 'en_us', NULL, NULL, NULL, NULL, NULL, NULL, NULL, NULL, NULL, NULL, NULL, NULL, NULL, NULL, NULL, NULL, NULL, NULL, '2013-12-18 18:11:01', '2013-12-18 18:11:01', 'fb803d4c-7840-4b3f-be5d-831cbf1436bd');
INSERT INTO `craft_content` (`id`, `elementId`, `locale`, `title`, `field_heading`, `field_body`, `field_sliderCaption`, `field_sliderLink`, `field_pageIntro`, `field_contactInfo`, `field_collectionName`, `field_productName`, `field_price`, `field_productInfo`, `field_collectionInfo`, `field_collectionId`, `field_shop`, `field_section`, `field_test`, `field_articleName`, `field_publicationLink`, `dateCreated`, `dateUpdated`, `uid`) VALUES ('2', '2', 'en_us', 'Homepage', 'Welcome to Blobs!', '<p>Bláithín is a 2011 BDes (Hons) graduate of the National College of Art and Design (NCAD), Dublin. Coupled with her studies in embroidery and a wonderful industry internship with New York based designer Diane Von Furstenberg, she found her niche.</p><p>Within a year of graduating, Blaithin went about setting up her own label ‘Blaithin Ennis’. In early 2012 she launched her first collection of high-end fashion pieces, alongside her range of contemporary jewellery. She stands by her ethos, “A unique accessory can give a new lease of life to the very simple garment”.</p><p>She prides herself on her unique approach and ability to source, manipulate and combine unusual materials from around the world, to produce wearable, special and striking pieces. Her designs have an avant-garde, ethnic motivation behind them. With mixtures of delicate and ro-bust heavy metals, sparkling crystals and soft whimsical shell mesh, her creations represent the ‘unconventional’ in accessories and jewellery. Her use of intricate hand embellishment is simple yet effective, powerful and preciously delicate adding to the couture vibe in her work.The label is affordable and beautifully crafted encorporating simple craft driven techniques. The essence of her collections give women freedom to put their own stamp on design in an elegant way.</p><p>Bláithín is based from her studio in the South east of Ireland where each piece is designed and hand-made.</p>', NULL, NULL, '<p>\r\n	Bláithín Ennis is a 2011 BDes (Hons) graduate of the National College of Art and Design (NCAD), Dublin. Coupled with her studies in embroidery and a wonderful industry internship with New York based designer Diane Von Furstenberg, she found her niche.</p>', '[{\"col1\":\"hello@blaithinennis.com\",\"col2\":\"+353 (0) 87 767 6026\"}]', NULL, NULL, NULL, NULL, NULL, NULL, NULL, NULL, NULL, NULL, NULL, '2013-12-18 18:11:04', '2014-01-02 17:08:04', '60426b91-f766-4c32-88c5-152ff67c6354');
INSERT INTO `craft_content` (`id`, `elementId`, `locale`, `title`, `field_heading`, `field_body`, `field_sliderCaption`, `field_sliderLink`, `field_pageIntro`, `field_contactInfo`, `field_collectionName`, `field_productName`, `field_price`, `field_productInfo`, `field_collectionInfo`, `field_collectionId`, `field_shop`, `field_section`, `field_test`, `field_articleName`, `field_publicationLink`, `dateCreated`, `dateUpdated`, `uid`) VALUES ('4', '4', 'en_us', 'About', NULL, '<p>\r\n	Bláithín is a 2011 BDes (Hons) graduate of the National College of Art and Design (NCAD), Dublin. Coupled with her studies in embroidery and a wonderful industry internship with New York based designer Diane Von Furstenberg, she found her niche.</p><p>\r\n	Within a year of graduating, Blaithin went about setting up her own label ‘Blaithin Ennis’. In early 2012 she launched her first collection of high-end fashion pieces, alongside her range of contemporary jewellery. She stands by her ethos, “A unique accessory can give a new lease of life to the very simple garment”.</p><p>\r\n	She prides herself on her unique approach and ability to source, manipulate and combine unusual materials from around the world, to produce wearable, special and striking pieces. Her designs have an avant-garde, ethnic motivation behind them. With mixtures of delicate and ro-bust heavy metals, sparkling crystals and soft whimsical shell mesh, her creations represent the ‘unconventional’ in accessories and jewellery. Her use of intricate hand embellishment is simple yet effective, powerful and preciously delicate adding to the couture vibe in her work.The label is affordable and beautifully crafted encorporating simple craft driven techniques. The essence of her collections give women freedom to put their own stamp on design in an elegant way.</p><p>\r\n	Bláithín is based from her studio in the South east of Ireland where each piece is designed and hand-made.</p>', NULL, NULL, '<p>\r\n	Bláithín Ennis is a 2011 BDes (Hons) graduate of the National College of Art and Design (NCAD), Dublin. Coupled with her studies in embroidery and a wonderful industry internship with New York based designer Diane Von Furstenberg, she found her niche.</p>', NULL, NULL, NULL, NULL, NULL, NULL, NULL, NULL, NULL, NULL, NULL, NULL, '2013-12-20 17:01:04', '2014-01-02 17:16:28', 'b5db51ef-a1c1-45b3-9a58-5fa2a1993834');
INSERT INTO `craft_content` (`id`, `elementId`, `locale`, `title`, `field_heading`, `field_body`, `field_sliderCaption`, `field_sliderLink`, `field_pageIntro`, `field_contactInfo`, `field_collectionName`, `field_productName`, `field_price`, `field_productInfo`, `field_collectionInfo`, `field_collectionId`, `field_shop`, `field_section`, `field_test`, `field_articleName`, `field_publicationLink`, `dateCreated`, `dateUpdated`, `uid`) VALUES ('5', '5', 'en_us', 'Contact', NULL, NULL, NULL, NULL, NULL, '[{\"col1\":\"hello@blaithinennis.com\",\"col2\":\"+353 (0) 87 767 6026\"}]', NULL, NULL, NULL, NULL, NULL, NULL, NULL, NULL, NULL, NULL, NULL, '2013-12-20 17:01:10', '2014-01-02 17:46:53', '7ee869ef-7e10-448a-a013-9b1c65f56e26');
INSERT INTO `craft_content` (`id`, `elementId`, `locale`, `title`, `field_heading`, `field_body`, `field_sliderCaption`, `field_sliderLink`, `field_pageIntro`, `field_contactInfo`, `field_collectionName`, `field_productName`, `field_price`, `field_productInfo`, `field_collectionInfo`, `field_collectionId`, `field_shop`, `field_section`, `field_test`, `field_articleName`, `field_publicationLink`, `dateCreated`, `dateUpdated`, `uid`) VALUES ('7', '7', 'en_us', 'Wexford', NULL, NULL, NULL, NULL, NULL, NULL, NULL, NULL, NULL, NULL, NULL, NULL, '[{\"col1\":\"Place, John Street, Gorey.\"}]', NULL, NULL, NULL, NULL, '2013-12-20 17:01:36', '2014-01-03 12:08:37', 'cdfdfaf6-faae-4120-b4d7-23c6292adada');
INSERT INTO `craft_content` (`id`, `elementId`, `locale`, `title`, `field_heading`, `field_body`, `field_sliderCaption`, `field_sliderLink`, `field_pageIntro`, `field_contactInfo`, `field_collectionName`, `field_productName`, `field_price`, `field_productInfo`, `field_collectionInfo`, `field_collectionId`, `field_shop`, `field_section`, `field_test`, `field_articleName`, `field_publicationLink`, `dateCreated`, `dateUpdated`, `uid`) VALUES ('8', '8', 'en_us', 'Shop', NULL, NULL, NULL, NULL, NULL, NULL, NULL, NULL, NULL, NULL, NULL, NULL, NULL, NULL, NULL, NULL, NULL, '2013-12-20 17:02:40', '2013-12-20 17:02:40', 'b4c77a79-e107-44ba-b250-78e031ea0ae2');
INSERT INTO `craft_content` (`id`, `elementId`, `locale`, `title`, `field_heading`, `field_body`, `field_sliderCaption`, `field_sliderLink`, `field_pageIntro`, `field_contactInfo`, `field_collectionName`, `field_productName`, `field_price`, `field_productInfo`, `field_collectionInfo`, `field_collectionId`, `field_shop`, `field_section`, `field_test`, `field_articleName`, `field_publicationLink`, `dateCreated`, `dateUpdated`, `uid`) VALUES ('9', '9', 'en_us', 'Press', NULL, NULL, NULL, NULL, '<p>Bláithín’s creations have received a great deal of press attention over the past year, with regular articles and features in the Sunday Independent, Life magazine, Stellar, Tatler, Image, Ireland Am, TV3 and The Voice of Ireland. She was delighted when her Karelian cuff and Teardrop earrings were worn by X-Factor judge Nicole Scherzinger during a performance with Gary Barlow on New Years Day. She was also one of five Irish designers chosen to represent Cadburys with the launch of their new range of ‘Crispello’ products. Each designer was commissioned to make a piece inspired by the product. These are currently featuring on XPOSE and will continue to feature throughout 2013.</p>', NULL, NULL, NULL, NULL, NULL, NULL, NULL, NULL, NULL, NULL, NULL, NULL, '2013-12-20 17:03:59', '2014-01-03 14:54:16', '6b342bd1-d08d-4fb4-a4e7-12f969215297');
INSERT INTO `craft_content` (`id`, `elementId`, `locale`, `title`, `field_heading`, `field_body`, `field_sliderCaption`, `field_sliderLink`, `field_pageIntro`, `field_contactInfo`, `field_collectionName`, `field_productName`, `field_price`, `field_productInfo`, `field_collectionInfo`, `field_collectionId`, `field_shop`, `field_section`, `field_test`, `field_articleName`, `field_publicationLink`, `dateCreated`, `dateUpdated`, `uid`) VALUES ('11', '10', 'en_us', '450', NULL, NULL, NULL, NULL, NULL, NULL, NULL, NULL, NULL, NULL, NULL, NULL, NULL, NULL, NULL, NULL, NULL, '2013-12-30 13:08:47', '2013-12-30 13:08:47', 'bf3f66e1-1f49-4247-9525-5e3530392d8f');
INSERT INTO `craft_content` (`id`, `elementId`, `locale`, `title`, `field_heading`, `field_body`, `field_sliderCaption`, `field_sliderLink`, `field_pageIntro`, `field_contactInfo`, `field_collectionName`, `field_productName`, `field_price`, `field_productInfo`, `field_collectionInfo`, `field_collectionId`, `field_shop`, `field_section`, `field_test`, `field_articleName`, `field_publicationLink`, `dateCreated`, `dateUpdated`, `uid`) VALUES ('12', '11', 'en_us', '320', NULL, NULL, NULL, NULL, NULL, NULL, NULL, NULL, NULL, NULL, NULL, NULL, NULL, NULL, NULL, NULL, NULL, '2013-12-30 13:09:01', '2013-12-30 13:09:01', 'c861f829-7159-4ccb-81c5-977a2b685580');
INSERT INTO `craft_content` (`id`, `elementId`, `locale`, `title`, `field_heading`, `field_body`, `field_sliderCaption`, `field_sliderLink`, `field_pageIntro`, `field_contactInfo`, `field_collectionName`, `field_productName`, `field_price`, `field_productInfo`, `field_collectionInfo`, `field_collectionId`, `field_shop`, `field_section`, `field_test`, `field_articleName`, `field_publicationLink`, `dateCreated`, `dateUpdated`, `uid`) VALUES ('13', '12', 'en_us', '250', NULL, NULL, NULL, NULL, NULL, NULL, NULL, NULL, NULL, NULL, NULL, NULL, NULL, NULL, NULL, NULL, NULL, '2013-12-30 13:09:23', '2013-12-30 13:09:23', '861c794f-69ca-4ad1-83d3-2ae8125b76ef');
INSERT INTO `craft_content` (`id`, `elementId`, `locale`, `title`, `field_heading`, `field_body`, `field_sliderCaption`, `field_sliderLink`, `field_pageIntro`, `field_contactInfo`, `field_collectionName`, `field_productName`, `field_price`, `field_productInfo`, `field_collectionInfo`, `field_collectionId`, `field_shop`, `field_section`, `field_test`, `field_articleName`, `field_publicationLink`, `dateCreated`, `dateUpdated`, `uid`) VALUES ('16', '15', 'en_us', 'Different Title', NULL, NULL, '<p>different text here</p>', 'http://www.google.com', NULL, NULL, NULL, NULL, NULL, NULL, NULL, NULL, NULL, NULL, NULL, NULL, NULL, '2013-12-30 13:21:20', '2014-01-02 17:08:01', '49cfa5bd-d6cf-4458-b9eb-f38db9869c48');
INSERT INTO `craft_content` (`id`, `elementId`, `locale`, `title`, `field_heading`, `field_body`, `field_sliderCaption`, `field_sliderLink`, `field_pageIntro`, `field_contactInfo`, `field_collectionName`, `field_productName`, `field_price`, `field_productInfo`, `field_collectionInfo`, `field_collectionId`, `field_shop`, `field_section`, `field_test`, `field_articleName`, `field_publicationLink`, `dateCreated`, `dateUpdated`, `uid`) VALUES ('17', '16', 'en_us', 'cat', NULL, NULL, '<p>Bláithin Ennis is a designer based in North Co.Wexford. She specializes in bespoke fashion accessories, both statement pieces and smaller, ready to wear jewellery.</p>', 'http://www.google.com', NULL, NULL, NULL, NULL, NULL, NULL, NULL, NULL, NULL, NULL, NULL, NULL, NULL, '2014-01-02 14:45:39', '2014-01-02 15:35:06', '8a930c32-d8f4-458b-a453-ab7d518e5148');
INSERT INTO `craft_content` (`id`, `elementId`, `locale`, `title`, `field_heading`, `field_body`, `field_sliderCaption`, `field_sliderLink`, `field_pageIntro`, `field_contactInfo`, `field_collectionName`, `field_productName`, `field_price`, `field_productInfo`, `field_collectionInfo`, `field_collectionId`, `field_shop`, `field_section`, `field_test`, `field_articleName`, `field_publicationLink`, `dateCreated`, `dateUpdated`, `uid`) VALUES ('18', '17', 'en_us', 'Collections', 'Hello', NULL, NULL, NULL, '<p>Bláithín Ennis is a 2011 BDes (Hons) graduate of the National College of Art and Design (NCAD), Dublin. Coupled with her studies in embroidery and a wonderful industry internship with New York based designer Diane Von Furstenberg, she found her niche.</p>', NULL, NULL, NULL, NULL, NULL, NULL, NULL, NULL, NULL, NULL, NULL, NULL, '2014-01-02 18:14:43', '2014-01-03 12:18:37', '1af7c1cd-9da4-4000-8c11-575178b7e175');
INSERT INTO `craft_content` (`id`, `elementId`, `locale`, `title`, `field_heading`, `field_body`, `field_sliderCaption`, `field_sliderLink`, `field_pageIntro`, `field_contactInfo`, `field_collectionName`, `field_productName`, `field_price`, `field_productInfo`, `field_collectionInfo`, `field_collectionId`, `field_shop`, `field_section`, `field_test`, `field_articleName`, `field_publicationLink`, `dateCreated`, `dateUpdated`, `uid`) VALUES ('24', '21', 'en_us', 'cat', NULL, NULL, '', NULL, NULL, NULL, NULL, NULL, NULL, NULL, NULL, NULL, NULL, NULL, NULL, NULL, NULL, '2014-01-02 18:40:16', '2014-01-02 18:40:16', 'aff56ae0-ec5d-4de9-855b-3c7e477544fa');
INSERT INTO `craft_content` (`id`, `elementId`, `locale`, `title`, `field_heading`, `field_body`, `field_sliderCaption`, `field_sliderLink`, `field_pageIntro`, `field_contactInfo`, `field_collectionName`, `field_productName`, `field_price`, `field_productInfo`, `field_collectionInfo`, `field_collectionId`, `field_shop`, `field_section`, `field_test`, `field_articleName`, `field_publicationLink`, `dateCreated`, `dateUpdated`, `uid`) VALUES ('25', '22', 'en_us', 'Spinnaker', NULL, NULL, NULL, NULL, NULL, NULL, NULL, NULL, NULL, NULL, '<p>Was up Lorem ipsum dolor sit amet, consectetur adipisicing elit. Impedit, quod, voluptates, asperiores reprehenderit omnis magni fuga. Suscipit voluptatum nobis dignissimos quia voluptas magnam ipsum eligendi sapiente perferendis provident culpa ab.</p><p>Lorem ipsum dolor sit amet, consectetur adipisicing elit. Impedit, quod, voluptates, asperiores reprehenderit omnis magni fuga. Suscipit voluptatum nobis dignissimos quia voluptas magnam ipsum eligendi sapiente perferendis provident culpa ab.</p>', 'spinnaker', NULL, NULL, NULL, NULL, NULL, '2014-01-02 18:40:24', '2014-01-02 19:21:41', '7ecfbf7a-18e5-4157-a14a-3288efe1609c');
INSERT INTO `craft_content` (`id`, `elementId`, `locale`, `title`, `field_heading`, `field_body`, `field_sliderCaption`, `field_sliderLink`, `field_pageIntro`, `field_contactInfo`, `field_collectionName`, `field_productName`, `field_price`, `field_productInfo`, `field_collectionInfo`, `field_collectionId`, `field_shop`, `field_section`, `field_test`, `field_articleName`, `field_publicationLink`, `dateCreated`, `dateUpdated`, `uid`) VALUES ('26', '23', 'en_us', 'Karelain', NULL, NULL, NULL, NULL, NULL, NULL, NULL, NULL, NULL, NULL, '<p>Lorem ipsum dolor sit amet, consectetur adipisicing elit. Minima, sed dignissimos quisquam recusandae! Nulla, porro quia! Repellendus, officia, illo, laboriosam consequuntur dolores eveniet porro alias omnis magni similique illum sapiente!</p><p>Lorem ipsum dolor sit amet, consectetur adipisicing elit. Minima, sed dignissimos quisquam recusandae! Nulla, porro quia! Repellendus, officia, illo, laboriosam consequuntur dolores eveniet porro alias omnis magni similique illum sapiente!</p>', 'karelain', NULL, NULL, NULL, NULL, NULL, '2014-01-02 18:46:50', '2014-01-02 19:30:52', '761cf512-88d9-48b0-a852-a073ddf297ce');
INSERT INTO `craft_content` (`id`, `elementId`, `locale`, `title`, `field_heading`, `field_body`, `field_sliderCaption`, `field_sliderLink`, `field_pageIntro`, `field_contactInfo`, `field_collectionName`, `field_productName`, `field_price`, `field_productInfo`, `field_collectionInfo`, `field_collectionId`, `field_shop`, `field_section`, `field_test`, `field_articleName`, `field_publicationLink`, `dateCreated`, `dateUpdated`, `uid`) VALUES ('27', '24', 'en_us', 'Screen shot 2013-11-28 at 09.18.41', NULL, NULL, '', NULL, NULL, NULL, NULL, NULL, NULL, NULL, NULL, NULL, NULL, NULL, NULL, NULL, NULL, '2014-01-02 19:26:30', '2014-01-02 19:26:30', '53f3e5fa-899e-457e-acd4-069406fcc8e6');
INSERT INTO `craft_content` (`id`, `elementId`, `locale`, `title`, `field_heading`, `field_body`, `field_sliderCaption`, `field_sliderLink`, `field_pageIntro`, `field_contactInfo`, `field_collectionName`, `field_productName`, `field_price`, `field_productInfo`, `field_collectionInfo`, `field_collectionId`, `field_shop`, `field_section`, `field_test`, `field_articleName`, `field_publicationLink`, `dateCreated`, `dateUpdated`, `uid`) VALUES ('28', '25', 'en_us', 'Screen shot 2013-11-28 at 09.13.24', NULL, NULL, '', NULL, NULL, NULL, NULL, NULL, NULL, NULL, NULL, NULL, NULL, NULL, NULL, NULL, NULL, '2014-01-02 19:27:01', '2014-01-02 19:27:01', 'e2808e4c-6a79-4861-87c4-22fd49fc1fdd');
INSERT INTO `craft_content` (`id`, `elementId`, `locale`, `title`, `field_heading`, `field_body`, `field_sliderCaption`, `field_sliderLink`, `field_pageIntro`, `field_contactInfo`, `field_collectionName`, `field_productName`, `field_price`, `field_productInfo`, `field_collectionInfo`, `field_collectionId`, `field_shop`, `field_section`, `field_test`, `field_articleName`, `field_publicationLink`, `dateCreated`, `dateUpdated`, `uid`) VALUES ('29', '27', 'en_us', 'Dublin', NULL, NULL, NULL, NULL, NULL, NULL, NULL, NULL, NULL, NULL, NULL, NULL, '[{\"col1\":\"Kilkenny Design, Nassau Street.\"},{\"col1\":\"Kilkenny Design, Pavillons, Swords.\"},{\"col1\":\"Project 51, South William Street.\"},{\"col1\":\"The Guinness Gallery, Foxrock.\"},{\"col1\":\"Fran and Jane, Dundrum.\"}]', NULL, NULL, NULL, NULL, '2014-01-03 11:30:39', '2014-01-03 11:30:39', '7d84b24e-0b89-4be9-8b79-737a7204a0b9');
INSERT INTO `craft_content` (`id`, `elementId`, `locale`, `title`, `field_heading`, `field_body`, `field_sliderCaption`, `field_sliderLink`, `field_pageIntro`, `field_contactInfo`, `field_collectionName`, `field_productName`, `field_price`, `field_productInfo`, `field_collectionInfo`, `field_collectionId`, `field_shop`, `field_section`, `field_test`, `field_articleName`, `field_publicationLink`, `dateCreated`, `dateUpdated`, `uid`) VALUES ('30', '28', 'en_us', 'Offaly', NULL, NULL, NULL, NULL, NULL, NULL, NULL, NULL, NULL, NULL, NULL, NULL, '[{\"col1\":\"Noelle Interiors, 1 Highstreet, Tullamore.\"}]', NULL, NULL, NULL, NULL, '2014-01-03 12:09:06', '2014-01-03 12:09:06', '6a30ae59-df34-4151-9fd7-5d6c1c1e660c');
INSERT INTO `craft_content` (`id`, `elementId`, `locale`, `title`, `field_heading`, `field_body`, `field_sliderCaption`, `field_sliderLink`, `field_pageIntro`, `field_contactInfo`, `field_collectionName`, `field_productName`, `field_price`, `field_productInfo`, `field_collectionInfo`, `field_collectionId`, `field_shop`, `field_section`, `field_test`, `field_articleName`, `field_publicationLink`, `dateCreated`, `dateUpdated`, `uid`) VALUES ('31', '29', 'en_us', 'Carlow', NULL, NULL, NULL, NULL, NULL, NULL, NULL, NULL, NULL, NULL, NULL, NULL, '[{\"col1\":\"Elaine Curtis, Exchequer House, Potato Market.\"}]', NULL, NULL, NULL, NULL, '2014-01-03 12:09:35', '2014-01-03 12:09:35', '50f8bc2a-da9c-498b-9506-1421adfb2585');
INSERT INTO `craft_content` (`id`, `elementId`, `locale`, `title`, `field_heading`, `field_body`, `field_sliderCaption`, `field_sliderLink`, `field_pageIntro`, `field_contactInfo`, `field_collectionName`, `field_productName`, `field_price`, `field_productInfo`, `field_collectionInfo`, `field_collectionId`, `field_shop`, `field_section`, `field_test`, `field_articleName`, `field_publicationLink`, `dateCreated`, `dateUpdated`, `uid`) VALUES ('32', '30', 'en_us', 'Tippearary', NULL, NULL, NULL, NULL, NULL, NULL, NULL, NULL, NULL, NULL, NULL, NULL, '[{\"col1\":\"The Craft Granary, Cahir.\"},{\"col1\":\"The Design Atelier, Nenagh.\"}]', NULL, NULL, NULL, NULL, '2014-01-03 12:10:39', '2014-01-03 12:10:56', '18477a31-f5da-4f09-860a-d35a7445acd3');
INSERT INTO `craft_content` (`id`, `elementId`, `locale`, `title`, `field_heading`, `field_body`, `field_sliderCaption`, `field_sliderLink`, `field_pageIntro`, `field_contactInfo`, `field_collectionName`, `field_productName`, `field_price`, `field_productInfo`, `field_collectionInfo`, `field_collectionId`, `field_shop`, `field_section`, `field_test`, `field_articleName`, `field_publicationLink`, `dateCreated`, `dateUpdated`, `uid`) VALUES ('33', '31', 'en_us', 'Cork', NULL, NULL, NULL, NULL, NULL, NULL, NULL, NULL, NULL, NULL, NULL, NULL, '[{\"col1\":\"Kilkenny Design, Shanagarry.\"},{\"col1\":\"Fiona Turley Gallery Crafts, Kilworth.\"},{\"col1\":\"Anne McCarthy, Midleton.\"},{\"col1\":\"Pure Boutique, Douglas.\"},{\"col1\":\"Enibas, Kinsale.\"},{\"col1\":\"Enibas, Schull.\"}]', NULL, NULL, NULL, NULL, '2014-01-03 12:13:02', '2014-01-03 12:13:02', 'ed3ec2ba-fc2b-42f6-bce3-cfeef124fd6a');
INSERT INTO `craft_content` (`id`, `elementId`, `locale`, `title`, `field_heading`, `field_body`, `field_sliderCaption`, `field_sliderLink`, `field_pageIntro`, `field_contactInfo`, `field_collectionName`, `field_productName`, `field_price`, `field_productInfo`, `field_collectionInfo`, `field_collectionId`, `field_shop`, `field_section`, `field_test`, `field_articleName`, `field_publicationLink`, `dateCreated`, `dateUpdated`, `uid`) VALUES ('34', '32', 'en_us', 'Galway', NULL, NULL, NULL, NULL, NULL, NULL, NULL, NULL, NULL, NULL, NULL, NULL, '[{\"col1\":\"E-Von Fashions, Moycullen.\"}]', NULL, NULL, NULL, NULL, '2014-01-03 12:13:24', '2014-01-03 12:13:24', '5b7a64d4-5b68-467d-b2eb-76026630ba3a');
INSERT INTO `craft_content` (`id`, `elementId`, `locale`, `title`, `field_heading`, `field_body`, `field_sliderCaption`, `field_sliderLink`, `field_pageIntro`, `field_contactInfo`, `field_collectionName`, `field_productName`, `field_price`, `field_productInfo`, `field_collectionInfo`, `field_collectionId`, `field_shop`, `field_section`, `field_test`, `field_articleName`, `field_publicationLink`, `dateCreated`, `dateUpdated`, `uid`) VALUES ('35', '33', 'en_us', 'Sligo', NULL, NULL, NULL, NULL, NULL, NULL, NULL, NULL, NULL, NULL, NULL, NULL, '[{\"col1\":\"The Cat and the Moon, 4 Castle Street.\"}]', NULL, NULL, NULL, NULL, '2014-01-03 12:13:42', '2014-01-03 12:13:42', '02ceb54b-55cc-4573-bd87-a0816aeaf9ee');
INSERT INTO `craft_content` (`id`, `elementId`, `locale`, `title`, `field_heading`, `field_body`, `field_sliderCaption`, `field_sliderLink`, `field_pageIntro`, `field_contactInfo`, `field_collectionName`, `field_productName`, `field_price`, `field_productInfo`, `field_collectionInfo`, `field_collectionId`, `field_shop`, `field_section`, `field_test`, `field_articleName`, `field_publicationLink`, `dateCreated`, `dateUpdated`, `uid`) VALUES ('36', '34', 'en_us', 'Donegal', NULL, NULL, NULL, NULL, NULL, NULL, NULL, NULL, NULL, NULL, NULL, NULL, '[{\"col1\":\"C. Bonner and Son Ltd, Front Street Ardara.\"}]', NULL, NULL, NULL, NULL, '2014-01-03 12:14:06', '2014-01-03 12:14:06', '6a9b126c-3287-4a47-9c4f-fdbb9d837fd3');
INSERT INTO `craft_content` (`id`, `elementId`, `locale`, `title`, `field_heading`, `field_body`, `field_sliderCaption`, `field_sliderLink`, `field_pageIntro`, `field_contactInfo`, `field_collectionName`, `field_productName`, `field_price`, `field_productInfo`, `field_collectionInfo`, `field_collectionId`, `field_shop`, `field_section`, `field_test`, `field_articleName`, `field_publicationLink`, `dateCreated`, `dateUpdated`, `uid`) VALUES ('37', '35', 'en_us', 'Online', NULL, NULL, NULL, NULL, NULL, NULL, NULL, NULL, NULL, NULL, NULL, NULL, '[{\"col1\":\"Coldlillies\"},{\"col1\":\"NJAL \\u2013 Not Just A Label\"}]', NULL, NULL, NULL, NULL, '2014-01-03 12:14:41', '2014-01-03 12:14:41', '51146d60-8412-4209-93f3-9ebdb62eb76e');
INSERT INTO `craft_content` (`id`, `elementId`, `locale`, `title`, `field_heading`, `field_body`, `field_sliderCaption`, `field_sliderLink`, `field_pageIntro`, `field_contactInfo`, `field_collectionName`, `field_productName`, `field_price`, `field_productInfo`, `field_collectionInfo`, `field_collectionId`, `field_shop`, `field_section`, `field_test`, `field_articleName`, `field_publicationLink`, `dateCreated`, `dateUpdated`, `uid`) VALUES ('43', '47', 'en_us', '100x135', NULL, NULL, '', NULL, NULL, NULL, NULL, NULL, NULL, NULL, NULL, NULL, NULL, NULL, NULL, NULL, NULL, '2014-01-03 14:42:41', '2014-01-03 14:42:41', 'a9e5b4ca-e026-462f-953a-c1f47e2e00e6');
INSERT INTO `craft_content` (`id`, `elementId`, `locale`, `title`, `field_heading`, `field_body`, `field_sliderCaption`, `field_sliderLink`, `field_pageIntro`, `field_contactInfo`, `field_collectionName`, `field_productName`, `field_price`, `field_productInfo`, `field_collectionInfo`, `field_collectionId`, `field_shop`, `field_section`, `field_test`, `field_articleName`, `field_publicationLink`, `dateCreated`, `dateUpdated`, `uid`) VALUES ('49', '52', 'en_us', 'Some magazine', NULL, NULL, NULL, NULL, NULL, NULL, NULL, NULL, NULL, NULL, NULL, NULL, NULL, '[\"articles\"]', 'test', 'Article Name', 'Article Link', '2014-01-03 19:38:44', '2014-01-04 16:08:06', '91e8e0b6-7127-42b3-8970-dbce6ae7338b');
INSERT INTO `craft_content` (`id`, `elementId`, `locale`, `title`, `field_heading`, `field_body`, `field_sliderCaption`, `field_sliderLink`, `field_pageIntro`, `field_contactInfo`, `field_collectionName`, `field_productName`, `field_price`, `field_productInfo`, `field_collectionInfo`, `field_collectionId`, `field_shop`, `field_section`, `field_test`, `field_articleName`, `field_publicationLink`, `dateCreated`, `dateUpdated`, `uid`) VALUES ('50', '53', 'en_us', 'title', NULL, NULL, NULL, NULL, NULL, NULL, NULL, NULL, NULL, NULL, '', '', NULL, NULL, NULL, NULL, NULL, '2014-01-04 15:48:27', '2014-01-04 15:48:27', 'ab92e432-8207-4179-8264-27970b5ab877');
INSERT INTO `craft_content` (`id`, `elementId`, `locale`, `title`, `field_heading`, `field_body`, `field_sliderCaption`, `field_sliderLink`, `field_pageIntro`, `field_contactInfo`, `field_collectionName`, `field_productName`, `field_price`, `field_productInfo`, `field_collectionInfo`, `field_collectionId`, `field_shop`, `field_section`, `field_test`, `field_articleName`, `field_publicationLink`, `dateCreated`, `dateUpdated`, `uid`) VALUES ('51', '54', 'en_us', 'Publication Two', NULL, NULL, NULL, NULL, NULL, NULL, NULL, NULL, NULL, NULL, NULL, NULL, NULL, '[\"articles\"]', NULL, 'Article two', 'link for article', '2014-01-04 16:09:36', '2014-01-04 16:10:02', '88bed540-e2da-4f9f-b51a-9da9af325d72');



--
-- Schema for table `craft_elements`
--

DROP TABLE IF EXISTS `craft_elements`;

CREATE TABLE `craft_elements` (
  `id` int(11) NOT NULL AUTO_INCREMENT,
  `type` char(150) COLLATE utf8_unicode_ci NOT NULL,
  `enabled` tinyint(1) unsigned NOT NULL DEFAULT '1',
  `archived` tinyint(1) unsigned NOT NULL DEFAULT '0',
  `dateCreated` datetime NOT NULL,
  `dateUpdated` datetime NOT NULL,
  `uid` char(36) COLLATE utf8_unicode_ci NOT NULL DEFAULT '0',
  PRIMARY KEY (`id`),
  KEY `craft_elements_type_idx` (`type`),
  KEY `craft_elements_enabled_idx` (`enabled`),
  KEY `craft_elements_archived_idx` (`archived`)
) ENGINE=InnoDB AUTO_INCREMENT=55 DEFAULT CHARSET=utf8 COLLATE=utf8_unicode_ci;

--
-- Data for table `craft_elements`
--

INSERT INTO `craft_elements` (`id`, `type`, `enabled`, `archived`, `dateCreated`, `dateUpdated`, `uid`) VALUES ('1', 'User', '1', '0', '2013-12-18 18:11:01', '2013-12-18 18:11:01', '1555fce7-aad6-42f4-bd18-339190af25e3');
INSERT INTO `craft_elements` (`id`, `type`, `enabled`, `archived`, `dateCreated`, `dateUpdated`, `uid`) VALUES ('2', 'Entry', '1', '0', '2013-12-18 18:11:04', '2014-01-02 17:08:04', 'c56ce128-ad26-4be0-8690-2720e28824fb');
INSERT INTO `craft_elements` (`id`, `type`, `enabled`, `archived`, `dateCreated`, `dateUpdated`, `uid`) VALUES ('4', 'Entry', '1', '0', '2013-12-20 17:01:04', '2014-01-02 17:16:28', 'c8cc8fc6-2c19-4514-9c1c-6ac7921bbe5b');
INSERT INTO `craft_elements` (`id`, `type`, `enabled`, `archived`, `dateCreated`, `dateUpdated`, `uid`) VALUES ('5', 'Entry', '1', '0', '2013-12-20 17:01:10', '2014-01-02 17:46:53', '3c3485e3-66a6-4ef9-af60-c4ee1b5e8860');
INSERT INTO `craft_elements` (`id`, `type`, `enabled`, `archived`, `dateCreated`, `dateUpdated`, `uid`) VALUES ('7', 'Entry', '1', '0', '2013-12-20 17:01:36', '2014-01-03 12:08:37', 'e0be25bc-d45e-49bd-944c-69faac0a167d');
INSERT INTO `craft_elements` (`id`, `type`, `enabled`, `archived`, `dateCreated`, `dateUpdated`, `uid`) VALUES ('8', 'Entry', '1', '0', '2013-12-20 17:02:40', '2013-12-20 17:02:40', '8960a575-e6d0-40d1-95d0-83fb44c53991');
INSERT INTO `craft_elements` (`id`, `type`, `enabled`, `archived`, `dateCreated`, `dateUpdated`, `uid`) VALUES ('9', 'Entry', '1', '0', '2013-12-20 17:03:59', '2014-01-03 14:54:16', 'ec741786-ba1a-4df4-8de7-55de10df48e1');
INSERT INTO `craft_elements` (`id`, `type`, `enabled`, `archived`, `dateCreated`, `dateUpdated`, `uid`) VALUES ('10', 'Asset', '1', '0', '2013-12-30 13:08:47', '2013-12-30 13:08:47', 'f802406e-3934-421c-b3af-c52a36ad6e1e');
INSERT INTO `craft_elements` (`id`, `type`, `enabled`, `archived`, `dateCreated`, `dateUpdated`, `uid`) VALUES ('11', 'Asset', '1', '0', '2013-12-30 13:09:01', '2013-12-30 13:09:01', 'b51bca9f-5cf6-42ec-bb0d-3920867aae30');
INSERT INTO `craft_elements` (`id`, `type`, `enabled`, `archived`, `dateCreated`, `dateUpdated`, `uid`) VALUES ('12', 'Asset', '1', '0', '2013-12-30 13:09:23', '2013-12-30 13:09:23', '44573e04-af70-478a-b636-e143c7e73fdd');
INSERT INTO `craft_elements` (`id`, `type`, `enabled`, `archived`, `dateCreated`, `dateUpdated`, `uid`) VALUES ('15', 'Asset', '1', '0', '2013-12-30 13:21:20', '2013-12-30 13:21:20', '8f771f6f-dfae-442c-8811-da53924431a0');
INSERT INTO `craft_elements` (`id`, `type`, `enabled`, `archived`, `dateCreated`, `dateUpdated`, `uid`) VALUES ('16', 'Asset', '1', '0', '2014-01-02 14:45:39', '2014-01-02 14:45:39', 'd322b92a-45fa-416e-9dc9-8934f65b89a7');
INSERT INTO `craft_elements` (`id`, `type`, `enabled`, `archived`, `dateCreated`, `dateUpdated`, `uid`) VALUES ('17', 'Entry', '1', '0', '2014-01-02 18:14:43', '2014-01-03 12:18:37', '72de2bdd-ed5a-48ec-b140-5112e4bd6d3b');
INSERT INTO `craft_elements` (`id`, `type`, `enabled`, `archived`, `dateCreated`, `dateUpdated`, `uid`) VALUES ('20', 'Entry', '1', '0', '2014-01-02 18:36:16', '2014-01-02 18:36:16', 'f79fd36b-026c-4f87-ae0e-477c5b72b621');
INSERT INTO `craft_elements` (`id`, `type`, `enabled`, `archived`, `dateCreated`, `dateUpdated`, `uid`) VALUES ('21', 'Asset', '1', '0', '2014-01-02 18:40:16', '2014-01-02 18:40:16', 'b4db5119-3b58-4353-9742-3b99a5c941aa');
INSERT INTO `craft_elements` (`id`, `type`, `enabled`, `archived`, `dateCreated`, `dateUpdated`, `uid`) VALUES ('22', 'Entry', '1', '0', '2014-01-02 18:40:24', '2014-01-02 19:21:41', '69b3c63f-95f7-4f4d-9540-7900e3144032');
INSERT INTO `craft_elements` (`id`, `type`, `enabled`, `archived`, `dateCreated`, `dateUpdated`, `uid`) VALUES ('23', 'Entry', '1', '0', '2014-01-02 18:46:50', '2014-01-02 19:30:52', '18cc8525-511d-4c39-8aa4-4b6330308ad1');
INSERT INTO `craft_elements` (`id`, `type`, `enabled`, `archived`, `dateCreated`, `dateUpdated`, `uid`) VALUES ('24', 'Asset', '1', '0', '2014-01-02 19:26:30', '2014-01-02 19:26:30', '3edda18d-b303-4db0-bdad-9bc54ba0aad8');
INSERT INTO `craft_elements` (`id`, `type`, `enabled`, `archived`, `dateCreated`, `dateUpdated`, `uid`) VALUES ('25', 'Asset', '1', '0', '2014-01-02 19:27:01', '2014-01-02 19:27:01', '3e4a4e63-9e28-4434-92ff-3486b96a0fa4');
INSERT INTO `craft_elements` (`id`, `type`, `enabled`, `archived`, `dateCreated`, `dateUpdated`, `uid`) VALUES ('26', 'Entry', '1', '0', '2014-01-03 11:27:20', '2014-01-03 11:27:20', '54aa74d9-e16d-4bd4-b6be-f5e0ddc6e306');
INSERT INTO `craft_elements` (`id`, `type`, `enabled`, `archived`, `dateCreated`, `dateUpdated`, `uid`) VALUES ('27', 'Entry', '1', '0', '2014-01-03 11:30:39', '2014-01-03 11:30:39', '35aaac96-9370-44b6-a9b0-9721522eda06');
INSERT INTO `craft_elements` (`id`, `type`, `enabled`, `archived`, `dateCreated`, `dateUpdated`, `uid`) VALUES ('28', 'Entry', '1', '0', '2014-01-03 12:09:06', '2014-01-03 12:09:06', 'bd85c948-e5b1-4e75-8770-15a86014068e');
INSERT INTO `craft_elements` (`id`, `type`, `enabled`, `archived`, `dateCreated`, `dateUpdated`, `uid`) VALUES ('29', 'Entry', '1', '0', '2014-01-03 12:09:35', '2014-01-03 12:09:35', '8d9ec540-c325-48ac-a54d-de7df5437fb5');
INSERT INTO `craft_elements` (`id`, `type`, `enabled`, `archived`, `dateCreated`, `dateUpdated`, `uid`) VALUES ('30', 'Entry', '1', '0', '2014-01-03 12:10:39', '2014-01-03 12:10:56', '4c65ca5c-08cb-48a9-85c7-638f59e4349d');
INSERT INTO `craft_elements` (`id`, `type`, `enabled`, `archived`, `dateCreated`, `dateUpdated`, `uid`) VALUES ('31', 'Entry', '1', '0', '2014-01-03 12:13:02', '2014-01-03 12:13:02', '9605914e-d64e-4898-b9f7-a697c497635d');
INSERT INTO `craft_elements` (`id`, `type`, `enabled`, `archived`, `dateCreated`, `dateUpdated`, `uid`) VALUES ('32', 'Entry', '1', '0', '2014-01-03 12:13:24', '2014-01-03 12:13:24', '0e185151-d7b5-44ed-a723-4ec6f4bbebdf');
INSERT INTO `craft_elements` (`id`, `type`, `enabled`, `archived`, `dateCreated`, `dateUpdated`, `uid`) VALUES ('33', 'Entry', '1', '0', '2014-01-03 12:13:42', '2014-01-03 12:13:42', 'b2b69a86-5cfd-4c6e-b5fd-5d6f80b785f7');
INSERT INTO `craft_elements` (`id`, `type`, `enabled`, `archived`, `dateCreated`, `dateUpdated`, `uid`) VALUES ('34', 'Entry', '1', '0', '2014-01-03 12:14:06', '2014-01-03 12:14:06', '8a86b4f3-2f27-41b2-b6b8-7f1f49485af3');
INSERT INTO `craft_elements` (`id`, `type`, `enabled`, `archived`, `dateCreated`, `dateUpdated`, `uid`) VALUES ('35', 'Entry', '1', '0', '2014-01-03 12:14:41', '2014-01-03 12:14:41', '39dffe3f-bf60-429e-8e18-a61904c02fb9');
INSERT INTO `craft_elements` (`id`, `type`, `enabled`, `archived`, `dateCreated`, `dateUpdated`, `uid`) VALUES ('47', 'Asset', '1', '0', '2014-01-03 14:42:40', '2014-01-03 14:42:40', '3ea69b4a-09fd-4d97-9491-0ea9c70288b3');
INSERT INTO `craft_elements` (`id`, `type`, `enabled`, `archived`, `dateCreated`, `dateUpdated`, `uid`) VALUES ('52', 'Entry', '1', '0', '2014-01-03 19:38:44', '2014-01-04 16:08:06', 'c7191df5-baea-4672-ad20-316b87cb2e4e');
INSERT INTO `craft_elements` (`id`, `type`, `enabled`, `archived`, `dateCreated`, `dateUpdated`, `uid`) VALUES ('53', 'Entry', '1', '0', '2014-01-04 15:48:27', '2014-01-04 15:48:27', '3c8487e2-0508-4a72-baf3-9c57ed38152f');
INSERT INTO `craft_elements` (`id`, `type`, `enabled`, `archived`, `dateCreated`, `dateUpdated`, `uid`) VALUES ('54', 'Entry', '1', '0', '2014-01-04 16:09:36', '2014-01-04 16:10:02', 'c3e64dbb-8f18-43b1-ae68-8d8b2349c550');



--
-- Schema for table `craft_elements_i18n`
--

DROP TABLE IF EXISTS `craft_elements_i18n`;

CREATE TABLE `craft_elements_i18n` (
  `id` int(11) NOT NULL AUTO_INCREMENT,
  `elementId` int(11) NOT NULL,
  `locale` char(12) COLLATE utf8_unicode_ci NOT NULL,
  `uri` varchar(255) COLLATE utf8_unicode_ci DEFAULT NULL,
  `dateCreated` datetime NOT NULL,
  `dateUpdated` datetime NOT NULL,
  `uid` char(36) COLLATE utf8_unicode_ci NOT NULL DEFAULT '0',
  PRIMARY KEY (`id`),
  UNIQUE KEY `craft_elements_i18n_elementId_locale_unq_idx` (`elementId`,`locale`),
  UNIQUE KEY `craft_elements_i18n_uri_locale_unq_idx` (`uri`,`locale`),
  KEY `craft_elements_i18n_locale_fk` (`locale`)
) ENGINE=InnoDB AUTO_INCREMENT=39 DEFAULT CHARSET=utf8 COLLATE=utf8_unicode_ci;

--
-- Data for table `craft_elements_i18n`
--

INSERT INTO `craft_elements_i18n` (`id`, `elementId`, `locale`, `uri`, `dateCreated`, `dateUpdated`, `uid`) VALUES ('1', '2', 'en_us', '__home__', '2013-12-18 18:11:04', '2013-12-18 18:11:04', 'd86202bb-08f3-4b55-9285-789d021d8c48');
INSERT INTO `craft_elements_i18n` (`id`, `elementId`, `locale`, `uri`, `dateCreated`, `dateUpdated`, `uid`) VALUES ('3', '4', 'en_us', 'about', '2013-12-20 17:01:04', '2013-12-30 12:59:26', '813c299d-fdad-40f9-969e-98711389b34b');
INSERT INTO `craft_elements_i18n` (`id`, `elementId`, `locale`, `uri`, `dateCreated`, `dateUpdated`, `uid`) VALUES ('4', '5', 'en_us', 'contact', '2013-12-20 17:01:10', '2013-12-20 17:01:10', 'dd3d4880-7ae9-4241-b1f9-3987122196fe');
INSERT INTO `craft_elements_i18n` (`id`, `elementId`, `locale`, `uri`, `dateCreated`, `dateUpdated`, `uid`) VALUES ('6', '7', 'en_us', 'stockists', '2013-12-20 17:01:36', '2014-01-03 12:08:37', 'd5e0c603-4bd5-4c91-a7d1-c3d4617c8d4f');
INSERT INTO `craft_elements_i18n` (`id`, `elementId`, `locale`, `uri`, `dateCreated`, `dateUpdated`, `uid`) VALUES ('7', '8', 'en_us', 'shop', '2013-12-20 17:02:40', '2013-12-20 17:02:40', '04de0255-ca51-4ad0-99e2-dc1c80b789a6');
INSERT INTO `craft_elements_i18n` (`id`, `elementId`, `locale`, `uri`, `dateCreated`, `dateUpdated`, `uid`) VALUES ('8', '9', 'en_us', 'press', '2013-12-20 17:03:59', '2014-01-03 14:54:16', '5d90bd9e-72c6-40cb-8e76-0bed37d41584');
INSERT INTO `craft_elements_i18n` (`id`, `elementId`, `locale`, `uri`, `dateCreated`, `dateUpdated`, `uid`) VALUES ('9', '17', 'en_us', 'collections', '2014-01-02 18:14:43', '2014-01-02 18:35:48', 'cacfda66-4d29-4486-bebd-4ae17a3d4860');
INSERT INTO `craft_elements_i18n` (`id`, `elementId`, `locale`, `uri`, `dateCreated`, `dateUpdated`, `uid`) VALUES ('15', '22', 'en_us', 'single-collection/collection-title', '2014-01-02 18:40:24', '2014-01-02 19:21:41', 'bde3a944-3e5c-4c12-9f0c-cbf2f6a46534');
INSERT INTO `craft_elements_i18n` (`id`, `elementId`, `locale`, `uri`, `dateCreated`, `dateUpdated`, `uid`) VALUES ('16', '23', 'en_us', 'single-collection/collection-two', '2014-01-02 18:46:50', '2014-01-04 15:48:55', '04c06b52-6fed-4b5d-9463-634a12c7baa4');
INSERT INTO `craft_elements_i18n` (`id`, `elementId`, `locale`, `uri`, `dateCreated`, `dateUpdated`, `uid`) VALUES ('17', '27', 'en_us', 'dublin', '2014-01-03 11:30:39', '2014-01-03 11:35:49', 'ca545244-3f68-479c-b8c4-3aefb36d5376');
INSERT INTO `craft_elements_i18n` (`id`, `elementId`, `locale`, `uri`, `dateCreated`, `dateUpdated`, `uid`) VALUES ('18', '28', 'en_us', 'offaly', '2014-01-03 12:09:06', '2014-01-03 12:09:06', 'f36c70f2-3eac-4922-8fe0-6ace47a29574');
INSERT INTO `craft_elements_i18n` (`id`, `elementId`, `locale`, `uri`, `dateCreated`, `dateUpdated`, `uid`) VALUES ('19', '29', 'en_us', 'carlow', '2014-01-03 12:09:35', '2014-01-03 12:09:35', '75ec6823-45fc-4aac-b860-7e734a37bd50');
INSERT INTO `craft_elements_i18n` (`id`, `elementId`, `locale`, `uri`, `dateCreated`, `dateUpdated`, `uid`) VALUES ('20', '30', 'en_us', 'tippearary', '2014-01-03 12:10:39', '2014-01-03 12:10:56', '29851732-7f03-406c-be3f-cf60ed4fa5c5');
INSERT INTO `craft_elements_i18n` (`id`, `elementId`, `locale`, `uri`, `dateCreated`, `dateUpdated`, `uid`) VALUES ('21', '31', 'en_us', 'cork', '2014-01-03 12:13:02', '2014-01-03 12:13:02', '5907decb-c3ec-422b-aef0-60fb84905ca7');
INSERT INTO `craft_elements_i18n` (`id`, `elementId`, `locale`, `uri`, `dateCreated`, `dateUpdated`, `uid`) VALUES ('22', '32', 'en_us', 'galway', '2014-01-03 12:13:24', '2014-01-03 12:13:24', 'd215ccb8-c1c8-4555-a535-add05db32bd5');
INSERT INTO `craft_elements_i18n` (`id`, `elementId`, `locale`, `uri`, `dateCreated`, `dateUpdated`, `uid`) VALUES ('23', '33', 'en_us', 'sligo', '2014-01-03 12:13:42', '2014-01-03 12:13:42', '93179a24-9ccf-4389-ae89-4ca0eeb40986');
INSERT INTO `craft_elements_i18n` (`id`, `elementId`, `locale`, `uri`, `dateCreated`, `dateUpdated`, `uid`) VALUES ('24', '34', 'en_us', 'donegal', '2014-01-03 12:14:06', '2014-01-03 12:14:06', 'cd8ab387-2728-4d06-b45d-84ccc482c10a');
INSERT INTO `craft_elements_i18n` (`id`, `elementId`, `locale`, `uri`, `dateCreated`, `dateUpdated`, `uid`) VALUES ('25', '35', 'en_us', 'online', '2014-01-03 12:14:41', '2014-01-03 12:14:41', '4e316452-9e10-4082-9d82-c0f4477d82b9');
INSERT INTO `craft_elements_i18n` (`id`, `elementId`, `locale`, `uri`, `dateCreated`, `dateUpdated`, `uid`) VALUES ('36', '52', 'en_us', 'some-magazine', '2014-01-03 19:38:44', '2014-01-04 16:08:06', 'c8ffbf71-0e97-4d88-9a36-fb1ad6234ad4');
INSERT INTO `craft_elements_i18n` (`id`, `elementId`, `locale`, `uri`, `dateCreated`, `dateUpdated`, `uid`) VALUES ('37', '53', 'en_us', 'single-collection/title', '2014-01-04 15:48:27', '2014-01-04 15:48:27', 'fdcf859a-d965-4d80-8bca-5d26fc6724c0');
INSERT INTO `craft_elements_i18n` (`id`, `elementId`, `locale`, `uri`, `dateCreated`, `dateUpdated`, `uid`) VALUES ('38', '54', 'en_us', 'publication-two', '2014-01-04 16:09:36', '2014-01-04 16:10:02', '37866271-35d4-48c4-800c-1341cc693564');



--
-- Schema for table `craft_emailmessages`
--

DROP TABLE IF EXISTS `craft_emailmessages`;

CREATE TABLE `craft_emailmessages` (
  `id` int(11) NOT NULL AUTO_INCREMENT,
  `key` char(150) COLLATE utf8_unicode_ci NOT NULL,
  `locale` char(12) COLLATE utf8_unicode_ci NOT NULL,
  `subject` varchar(1000) COLLATE utf8_unicode_ci NOT NULL,
  `body` text COLLATE utf8_unicode_ci NOT NULL,
  `dateCreated` datetime NOT NULL,
  `dateUpdated` datetime NOT NULL,
  `uid` char(36) COLLATE utf8_unicode_ci NOT NULL DEFAULT '0',
  PRIMARY KEY (`id`),
  UNIQUE KEY `craft_emailmessages_key_locale_unq_idx` (`key`,`locale`)
) ENGINE=InnoDB DEFAULT CHARSET=utf8 COLLATE=utf8_unicode_ci;

--
-- Schema for table `craft_entries`
--

DROP TABLE IF EXISTS `craft_entries`;

CREATE TABLE `craft_entries` (
  `id` int(11) NOT NULL,
  `sectionId` int(11) NOT NULL,
  `typeId` int(11) DEFAULT NULL,
  `authorId` int(11) DEFAULT NULL,
  `root` int(10) DEFAULT NULL,
  `lft` int(10) unsigned DEFAULT NULL,
  `rgt` int(10) unsigned DEFAULT NULL,
  `depth` smallint(6) unsigned DEFAULT NULL,
  `postDate` datetime DEFAULT NULL,
  `expiryDate` datetime DEFAULT NULL,
  `dateCreated` datetime NOT NULL,
  `dateUpdated` datetime NOT NULL,
  `uid` char(36) COLLATE utf8_unicode_ci NOT NULL DEFAULT '0',
  PRIMARY KEY (`id`),
  KEY `craft_entries_sectionId_idx` (`sectionId`),
  KEY `craft_entries_typeId_idx` (`typeId`),
  KEY `craft_entries_root_idx` (`root`),
  KEY `craft_entries_lft_idx` (`lft`),
  KEY `craft_entries_rgt_idx` (`rgt`),
  KEY `craft_entries_depth_idx` (`depth`),
  KEY `craft_entries_postDate_idx` (`postDate`),
  KEY `craft_entries_expiryDate_idx` (`expiryDate`),
  KEY `craft_entries_authorId_fk` (`authorId`)
) ENGINE=InnoDB DEFAULT CHARSET=utf8 COLLATE=utf8_unicode_ci;

--
-- Data for table `craft_entries`
--

INSERT INTO `craft_entries` (`id`, `sectionId`, `typeId`, `authorId`, `root`, `lft`, `rgt`, `depth`, `postDate`, `expiryDate`, `dateCreated`, `dateUpdated`, `uid`) VALUES ('2', '1', '1', NULL, NULL, NULL, NULL, NULL, '2013-12-18 18:11:04', NULL, '2013-12-18 18:11:04', '2014-01-02 17:08:04', 'db25c24d-68c1-46e0-8b49-14eb7b138aea');
INSERT INTO `craft_entries` (`id`, `sectionId`, `typeId`, `authorId`, `root`, `lft`, `rgt`, `depth`, `postDate`, `expiryDate`, `dateCreated`, `dateUpdated`, `uid`) VALUES ('4', '3', '3', NULL, NULL, NULL, NULL, NULL, '2013-12-30 12:59:26', NULL, '2013-12-20 17:01:04', '2014-01-02 17:16:28', '84779722-0832-466f-9cfd-7ab93d92a388');
INSERT INTO `craft_entries` (`id`, `sectionId`, `typeId`, `authorId`, `root`, `lft`, `rgt`, `depth`, `postDate`, `expiryDate`, `dateCreated`, `dateUpdated`, `uid`) VALUES ('5', '4', '4', NULL, NULL, NULL, NULL, NULL, '2013-12-20 17:01:10', NULL, '2013-12-20 17:01:10', '2014-01-02 17:46:53', '38873fd0-2cff-45cc-aac5-1011215839e2');
INSERT INTO `craft_entries` (`id`, `sectionId`, `typeId`, `authorId`, `root`, `lft`, `rgt`, `depth`, `postDate`, `expiryDate`, `dateCreated`, `dateUpdated`, `uid`) VALUES ('7', '6', '6', '1', '26', '12', '13', '1', '2013-12-20 17:01:00', NULL, '2013-12-20 17:01:36', '2014-01-03 12:08:37', 'dec8b1bc-3c1e-4e38-8027-71d7f7c3fbd7');
INSERT INTO `craft_entries` (`id`, `sectionId`, `typeId`, `authorId`, `root`, `lft`, `rgt`, `depth`, `postDate`, `expiryDate`, `dateCreated`, `dateUpdated`, `uid`) VALUES ('8', '8', '8', NULL, NULL, NULL, NULL, NULL, '2013-12-20 17:02:40', NULL, '2013-12-20 17:02:40', '2013-12-20 17:02:40', '480da097-6f7c-4da3-b467-7a1914716aab');
INSERT INTO `craft_entries` (`id`, `sectionId`, `typeId`, `authorId`, `root`, `lft`, `rgt`, `depth`, `postDate`, `expiryDate`, `dateCreated`, `dateUpdated`, `uid`) VALUES ('9', '7', '7', NULL, NULL, NULL, NULL, NULL, '2014-01-03 14:54:16', NULL, '2013-12-20 17:03:59', '2014-01-03 14:54:16', '7c451fba-3beb-4eb6-9a11-8b9dd48ec2f7');
INSERT INTO `craft_entries` (`id`, `sectionId`, `typeId`, `authorId`, `root`, `lft`, `rgt`, `depth`, `postDate`, `expiryDate`, `dateCreated`, `dateUpdated`, `uid`) VALUES ('17', '9', '9', NULL, '0', NULL, NULL, NULL, '2014-01-02 18:35:48', NULL, '2014-01-02 18:14:43', '2014-01-03 12:18:37', '54e0bbb4-0660-4c1a-9ac3-eb2b4250d616');
INSERT INTO `craft_entries` (`id`, `sectionId`, `typeId`, `authorId`, `root`, `lft`, `rgt`, `depth`, `postDate`, `expiryDate`, `dateCreated`, `dateUpdated`, `uid`) VALUES ('20', '10', NULL, NULL, '20', '1', '8', '0', NULL, NULL, '2014-01-02 18:36:16', '2014-01-02 18:36:16', '974b4a66-22f0-48aa-bc3d-9d4edfd44215');
INSERT INTO `craft_entries` (`id`, `sectionId`, `typeId`, `authorId`, `root`, `lft`, `rgt`, `depth`, `postDate`, `expiryDate`, `dateCreated`, `dateUpdated`, `uid`) VALUES ('22', '10', '10', '1', '20', '2', '3', '1', '2014-01-02 18:40:00', NULL, '2014-01-02 18:40:24', '2014-01-02 19:21:41', 'da2696ed-a9af-48d0-ba5e-6f00de203c01');
INSERT INTO `craft_entries` (`id`, `sectionId`, `typeId`, `authorId`, `root`, `lft`, `rgt`, `depth`, `postDate`, `expiryDate`, `dateCreated`, `dateUpdated`, `uid`) VALUES ('23', '10', '10', '1', '20', '4', '5', '1', '2014-01-02 18:46:00', NULL, '2014-01-02 18:46:50', '2014-01-02 19:30:52', '9e0f8f99-1e95-4477-b660-6bdc727b23f9');
INSERT INTO `craft_entries` (`id`, `sectionId`, `typeId`, `authorId`, `root`, `lft`, `rgt`, `depth`, `postDate`, `expiryDate`, `dateCreated`, `dateUpdated`, `uid`) VALUES ('26', '6', NULL, NULL, '26', '1', '22', '0', NULL, NULL, '2014-01-03 11:27:20', '2014-01-03 11:27:20', 'f9e90c0b-bb11-47ef-b7a8-ad1c0e9cff8e');
INSERT INTO `craft_entries` (`id`, `sectionId`, `typeId`, `authorId`, `root`, `lft`, `rgt`, `depth`, `postDate`, `expiryDate`, `dateCreated`, `dateUpdated`, `uid`) VALUES ('27', '6', '6', '1', '26', '2', '3', '1', '2014-01-03 11:30:39', NULL, '2014-01-03 11:30:39', '2014-01-03 11:30:39', 'f987e925-dcfc-4b5d-94b1-bded55e0f8b8');
INSERT INTO `craft_entries` (`id`, `sectionId`, `typeId`, `authorId`, `root`, `lft`, `rgt`, `depth`, `postDate`, `expiryDate`, `dateCreated`, `dateUpdated`, `uid`) VALUES ('28', '6', '6', '1', '26', '14', '15', '1', '2014-01-03 12:09:06', NULL, '2014-01-03 12:09:06', '2014-01-03 12:09:06', 'a4a4e250-b764-4776-b9ce-563a682abeca');
INSERT INTO `craft_entries` (`id`, `sectionId`, `typeId`, `authorId`, `root`, `lft`, `rgt`, `depth`, `postDate`, `expiryDate`, `dateCreated`, `dateUpdated`, `uid`) VALUES ('29', '6', '6', '1', '26', '6', '7', '1', '2014-01-03 12:09:35', NULL, '2014-01-03 12:09:35', '2014-01-03 12:09:35', '42372809-9a33-4ef0-bea6-77d7a453a81c');
INSERT INTO `craft_entries` (`id`, `sectionId`, `typeId`, `authorId`, `root`, `lft`, `rgt`, `depth`, `postDate`, `expiryDate`, `dateCreated`, `dateUpdated`, `uid`) VALUES ('30', '6', '6', '1', '26', '18', '19', '1', '2014-01-03 12:10:00', NULL, '2014-01-03 12:10:39', '2014-01-03 12:10:56', '5b759aa0-6940-4691-920e-a87070450504');
INSERT INTO `craft_entries` (`id`, `sectionId`, `typeId`, `authorId`, `root`, `lft`, `rgt`, `depth`, `postDate`, `expiryDate`, `dateCreated`, `dateUpdated`, `uid`) VALUES ('31', '6', '6', '1', '26', '4', '5', '1', '2014-01-03 12:13:02', NULL, '2014-01-03 12:13:02', '2014-01-03 12:13:02', 'e1c99bfd-8351-4b3a-9a65-ee5002942c3b');
INSERT INTO `craft_entries` (`id`, `sectionId`, `typeId`, `authorId`, `root`, `lft`, `rgt`, `depth`, `postDate`, `expiryDate`, `dateCreated`, `dateUpdated`, `uid`) VALUES ('32', '6', '6', '1', '26', '10', '11', '1', '2014-01-03 12:13:24', NULL, '2014-01-03 12:13:24', '2014-01-03 12:13:24', 'ad55fca6-b851-4e7f-b18f-1a616be40e4b');
INSERT INTO `craft_entries` (`id`, `sectionId`, `typeId`, `authorId`, `root`, `lft`, `rgt`, `depth`, `postDate`, `expiryDate`, `dateCreated`, `dateUpdated`, `uid`) VALUES ('33', '6', '6', '1', '26', '16', '17', '1', '2014-01-03 12:13:42', NULL, '2014-01-03 12:13:42', '2014-01-03 12:13:42', '26024355-dff9-4ad5-916d-1705f2f70ebc');
INSERT INTO `craft_entries` (`id`, `sectionId`, `typeId`, `authorId`, `root`, `lft`, `rgt`, `depth`, `postDate`, `expiryDate`, `dateCreated`, `dateUpdated`, `uid`) VALUES ('34', '6', '6', '1', '26', '8', '9', '1', '2014-01-03 12:14:06', NULL, '2014-01-03 12:14:06', '2014-01-03 12:14:06', '743e4d7d-7949-45f3-a42a-6a6889318a49');
INSERT INTO `craft_entries` (`id`, `sectionId`, `typeId`, `authorId`, `root`, `lft`, `rgt`, `depth`, `postDate`, `expiryDate`, `dateCreated`, `dateUpdated`, `uid`) VALUES ('35', '6', '6', '1', '26', '20', '21', '1', '2014-01-03 12:14:41', NULL, '2014-01-03 12:14:41', '2014-01-03 12:14:41', '096b719b-4c2f-436d-be6b-1b5f6674043b');
INSERT INTO `craft_entries` (`id`, `sectionId`, `typeId`, `authorId`, `root`, `lft`, `rgt`, `depth`, `postDate`, `expiryDate`, `dateCreated`, `dateUpdated`, `uid`) VALUES ('52', '18', '24', '1', NULL, NULL, NULL, NULL, '2014-01-03 19:38:00', NULL, '2014-01-03 19:38:44', '2014-01-04 16:08:06', '7bf2667f-f116-469e-9047-4832c573c7d4');
INSERT INTO `craft_entries` (`id`, `sectionId`, `typeId`, `authorId`, `root`, `lft`, `rgt`, `depth`, `postDate`, `expiryDate`, `dateCreated`, `dateUpdated`, `uid`) VALUES ('53', '10', '10', '1', '20', '6', '7', '1', '2014-01-04 15:48:27', NULL, '2014-01-04 15:48:27', '2014-01-04 15:48:27', '7f1307c8-9a35-446d-a3b6-a5e425a0ec1a');
INSERT INTO `craft_entries` (`id`, `sectionId`, `typeId`, `authorId`, `root`, `lft`, `rgt`, `depth`, `postDate`, `expiryDate`, `dateCreated`, `dateUpdated`, `uid`) VALUES ('54', '18', '24', '1', NULL, NULL, NULL, NULL, '2014-01-04 16:09:00', NULL, '2014-01-04 16:09:36', '2014-01-04 16:10:02', '1a8df84d-1b14-4c15-a50b-7b36d21b2616');



--
-- Schema for table `craft_entries_i18n`
--

DROP TABLE IF EXISTS `craft_entries_i18n`;

CREATE TABLE `craft_entries_i18n` (
  `id` int(11) NOT NULL AUTO_INCREMENT,
  `entryId` int(11) NOT NULL,
  `sectionId` int(11) NOT NULL,
  `locale` char(12) COLLATE utf8_unicode_ci NOT NULL,
  `slug` varchar(255) COLLATE utf8_unicode_ci NOT NULL,
  `dateCreated` datetime NOT NULL,
  `dateUpdated` datetime NOT NULL,
  `uid` char(36) COLLATE utf8_unicode_ci NOT NULL DEFAULT '0',
  PRIMARY KEY (`id`),
  UNIQUE KEY `craft_entries_i18n_entryId_locale_unq_idx` (`entryId`,`locale`),
  UNIQUE KEY `craft_entries_i18n_slug_sectionId_locale_unq_idx` (`slug`,`sectionId`,`locale`),
  KEY `craft_entries_i18n_sectionId_fk` (`sectionId`),
  KEY `craft_entries_i18n_locale_fk` (`locale`)
) ENGINE=InnoDB AUTO_INCREMENT=39 DEFAULT CHARSET=utf8 COLLATE=utf8_unicode_ci;

--
-- Data for table `craft_entries_i18n`
--

INSERT INTO `craft_entries_i18n` (`id`, `entryId`, `sectionId`, `locale`, `slug`, `dateCreated`, `dateUpdated`, `uid`) VALUES ('1', '2', '1', 'en_us', 'homepage', '2013-12-18 18:11:04', '2013-12-18 18:11:04', '6bfd939d-75af-4c0b-a715-120d75f509c9');
INSERT INTO `craft_entries_i18n` (`id`, `entryId`, `sectionId`, `locale`, `slug`, `dateCreated`, `dateUpdated`, `uid`) VALUES ('3', '4', '3', 'en_us', 'about', '2013-12-20 17:01:04', '2013-12-30 12:59:26', 'e7520029-6707-42cc-ae67-e155f3f35ff4');
INSERT INTO `craft_entries_i18n` (`id`, `entryId`, `sectionId`, `locale`, `slug`, `dateCreated`, `dateUpdated`, `uid`) VALUES ('4', '5', '4', 'en_us', 'contact', '2013-12-20 17:01:10', '2013-12-20 17:01:10', '6217604a-1e0e-407b-abad-b98a8f5f372c');
INSERT INTO `craft_entries_i18n` (`id`, `entryId`, `sectionId`, `locale`, `slug`, `dateCreated`, `dateUpdated`, `uid`) VALUES ('6', '7', '6', 'en_us', 'stockists', '2013-12-20 17:01:36', '2014-01-03 12:08:37', '8a69ce94-02d5-4531-b5df-71627173d157');
INSERT INTO `craft_entries_i18n` (`id`, `entryId`, `sectionId`, `locale`, `slug`, `dateCreated`, `dateUpdated`, `uid`) VALUES ('7', '8', '8', 'en_us', 'shop', '2013-12-20 17:02:40', '2013-12-20 17:02:40', 'ef219180-4fa0-44ea-ac4d-ad4890a51cb6');
INSERT INTO `craft_entries_i18n` (`id`, `entryId`, `sectionId`, `locale`, `slug`, `dateCreated`, `dateUpdated`, `uid`) VALUES ('8', '9', '7', 'en_us', 'press', '2013-12-20 17:03:59', '2014-01-03 14:54:16', '0052d3b2-6040-4baa-bff4-07fe10fce05b');
INSERT INTO `craft_entries_i18n` (`id`, `entryId`, `sectionId`, `locale`, `slug`, `dateCreated`, `dateUpdated`, `uid`) VALUES ('9', '17', '9', 'en_us', 'collections', '2014-01-02 18:14:43', '2014-01-02 18:35:48', '749a2649-57af-4abd-9238-4c654d541226');
INSERT INTO `craft_entries_i18n` (`id`, `entryId`, `sectionId`, `locale`, `slug`, `dateCreated`, `dateUpdated`, `uid`) VALUES ('15', '22', '10', 'en_us', 'collection-title', '2014-01-02 18:40:24', '2014-01-02 19:21:41', 'efba8297-a952-4844-8422-150cedb7635c');
INSERT INTO `craft_entries_i18n` (`id`, `entryId`, `sectionId`, `locale`, `slug`, `dateCreated`, `dateUpdated`, `uid`) VALUES ('16', '23', '10', 'en_us', 'collection-two', '2014-01-02 18:46:50', '2014-01-02 19:30:52', '608af424-4115-4e60-9311-4f101c5a9570');
INSERT INTO `craft_entries_i18n` (`id`, `entryId`, `sectionId`, `locale`, `slug`, `dateCreated`, `dateUpdated`, `uid`) VALUES ('17', '27', '6', 'en_us', 'dublin', '2014-01-03 11:30:39', '2014-01-03 11:30:39', '70852a68-26b2-444f-a1e7-6a94205d5752');
INSERT INTO `craft_entries_i18n` (`id`, `entryId`, `sectionId`, `locale`, `slug`, `dateCreated`, `dateUpdated`, `uid`) VALUES ('18', '28', '6', 'en_us', 'offaly', '2014-01-03 12:09:06', '2014-01-03 12:09:06', '273fad81-124a-45da-a38e-5290ff03d080');
INSERT INTO `craft_entries_i18n` (`id`, `entryId`, `sectionId`, `locale`, `slug`, `dateCreated`, `dateUpdated`, `uid`) VALUES ('19', '29', '6', 'en_us', 'carlow', '2014-01-03 12:09:35', '2014-01-03 12:09:35', '815a0d5e-f565-4b7d-88ce-2002db4b2afe');
INSERT INTO `craft_entries_i18n` (`id`, `entryId`, `sectionId`, `locale`, `slug`, `dateCreated`, `dateUpdated`, `uid`) VALUES ('20', '30', '6', 'en_us', 'tippearary', '2014-01-03 12:10:39', '2014-01-03 12:10:56', 'cc09ba60-3f9c-4350-9b83-c7f88426d3f9');
INSERT INTO `craft_entries_i18n` (`id`, `entryId`, `sectionId`, `locale`, `slug`, `dateCreated`, `dateUpdated`, `uid`) VALUES ('21', '31', '6', 'en_us', 'cork', '2014-01-03 12:13:02', '2014-01-03 12:13:02', 'd99ce205-b343-47f3-9eb8-74aeea47151f');
INSERT INTO `craft_entries_i18n` (`id`, `entryId`, `sectionId`, `locale`, `slug`, `dateCreated`, `dateUpdated`, `uid`) VALUES ('22', '32', '6', 'en_us', 'galway', '2014-01-03 12:13:24', '2014-01-03 12:13:24', 'cba76fb7-bcd2-4be6-ace6-80d250594c0f');
INSERT INTO `craft_entries_i18n` (`id`, `entryId`, `sectionId`, `locale`, `slug`, `dateCreated`, `dateUpdated`, `uid`) VALUES ('23', '33', '6', 'en_us', 'sligo', '2014-01-03 12:13:42', '2014-01-03 12:13:42', '461d211c-cd19-4577-b7d9-0a29c3e0b4a6');
INSERT INTO `craft_entries_i18n` (`id`, `entryId`, `sectionId`, `locale`, `slug`, `dateCreated`, `dateUpdated`, `uid`) VALUES ('24', '34', '6', 'en_us', 'donegal', '2014-01-03 12:14:06', '2014-01-03 12:14:06', 'b00710ab-d5ac-4274-899e-4d85b394b80f');
INSERT INTO `craft_entries_i18n` (`id`, `entryId`, `sectionId`, `locale`, `slug`, `dateCreated`, `dateUpdated`, `uid`) VALUES ('25', '35', '6', 'en_us', 'online', '2014-01-03 12:14:41', '2014-01-03 12:14:41', 'd3d94d52-a637-482f-9619-fccbecf7a7be');
INSERT INTO `craft_entries_i18n` (`id`, `entryId`, `sectionId`, `locale`, `slug`, `dateCreated`, `dateUpdated`, `uid`) VALUES ('36', '52', '18', 'en_us', 'some-magazine', '2014-01-03 19:38:44', '2014-01-04 16:08:06', 'e504649c-7787-43fd-b62d-2c3415a531a8');
INSERT INTO `craft_entries_i18n` (`id`, `entryId`, `sectionId`, `locale`, `slug`, `dateCreated`, `dateUpdated`, `uid`) VALUES ('37', '53', '10', 'en_us', 'title', '2014-01-04 15:48:27', '2014-01-04 15:48:27', 'dbb9ad9c-256d-4252-be60-4a1acef844c6');
INSERT INTO `craft_entries_i18n` (`id`, `entryId`, `sectionId`, `locale`, `slug`, `dateCreated`, `dateUpdated`, `uid`) VALUES ('38', '54', '18', 'en_us', 'publication-two', '2014-01-04 16:09:36', '2014-01-04 16:10:02', 'f3b8e80f-8359-44ca-9641-b0899168f61b');



--
-- Schema for table `craft_entrydrafts`
--

DROP TABLE IF EXISTS `craft_entrydrafts`;

CREATE TABLE `craft_entrydrafts` (
  `id` int(11) NOT NULL AUTO_INCREMENT,
  `entryId` int(11) NOT NULL,
  `sectionId` int(11) NOT NULL,
  `creatorId` int(11) NOT NULL,
  `locale` char(12) COLLATE utf8_unicode_ci NOT NULL,
  `name` varchar(255) COLLATE utf8_unicode_ci DEFAULT NULL,
  `data` mediumtext COLLATE utf8_unicode_ci NOT NULL,
  `dateCreated` datetime NOT NULL,
  `dateUpdated` datetime NOT NULL,
  `uid` char(36) COLLATE utf8_unicode_ci NOT NULL DEFAULT '0',
  PRIMARY KEY (`id`),
  KEY `craft_entrydrafts_entryId_locale_idx` (`entryId`,`locale`),
  KEY `craft_entrydrafts_sectionId_fk` (`sectionId`),
  KEY `craft_entrydrafts_creatorId_fk` (`creatorId`),
  KEY `craft_entrydrafts_locale_fk` (`locale`)
) ENGINE=InnoDB DEFAULT CHARSET=utf8 COLLATE=utf8_unicode_ci;

--
-- Schema for table `craft_entrytypes`
--

DROP TABLE IF EXISTS `craft_entrytypes`;

CREATE TABLE `craft_entrytypes` (
  `id` int(11) NOT NULL AUTO_INCREMENT,
  `sectionId` int(11) NOT NULL,
  `fieldLayoutId` int(11) DEFAULT NULL,
  `name` varchar(255) COLLATE utf8_unicode_ci NOT NULL,
  `handle` varchar(255) COLLATE utf8_unicode_ci NOT NULL,
  `titleLabel` varchar(255) COLLATE utf8_unicode_ci DEFAULT 'Title',
  `sortOrder` tinyint(4) DEFAULT NULL,
  `dateCreated` datetime NOT NULL,
  `dateUpdated` datetime NOT NULL,
  `uid` char(36) COLLATE utf8_unicode_ci NOT NULL DEFAULT '0',
  PRIMARY KEY (`id`),
  UNIQUE KEY `craft_entrytypes_name_sectionId_unq_idx` (`name`,`sectionId`),
  UNIQUE KEY `craft_entrytypes_handle_sectionId_unq_idx` (`handle`,`sectionId`),
  KEY `craft_entrytypes_sectionId_fk` (`sectionId`),
  KEY `craft_entrytypes_fieldLayoutId_fk` (`fieldLayoutId`)
) ENGINE=InnoDB AUTO_INCREMENT=25 DEFAULT CHARSET=utf8 COLLATE=utf8_unicode_ci;

--
-- Data for table `craft_entrytypes`
--

INSERT INTO `craft_entrytypes` (`id`, `sectionId`, `fieldLayoutId`, `name`, `handle`, `titleLabel`, `sortOrder`, `dateCreated`, `dateUpdated`, `uid`) VALUES ('1', '1', '20', 'Homepage', 'homepage', 'Title', NULL, '2013-12-18 18:11:04', '2014-01-02 17:07:00', 'b119521b-0916-4b66-8936-9913001e5827');
INSERT INTO `craft_entrytypes` (`id`, `sectionId`, `fieldLayoutId`, `name`, `handle`, `titleLabel`, `sortOrder`, `dateCreated`, `dateUpdated`, `uid`) VALUES ('3', '3', '14', 'About', 'about', 'Title', NULL, '2013-12-20 17:01:04', '2013-12-30 13:05:33', '540d58f2-fb07-4435-81b6-777b06703ca9');
INSERT INTO `craft_entrytypes` (`id`, `sectionId`, `fieldLayoutId`, `name`, `handle`, `titleLabel`, `sortOrder`, `dateCreated`, `dateUpdated`, `uid`) VALUES ('4', '4', '22', 'Contact', 'contact', 'Title', NULL, '2013-12-20 17:01:10', '2014-01-02 17:46:06', '9713f28b-13c0-4691-8154-e241bfe06889');
INSERT INTO `craft_entrytypes` (`id`, `sectionId`, `fieldLayoutId`, `name`, `handle`, `titleLabel`, `sortOrder`, `dateCreated`, `dateUpdated`, `uid`) VALUES ('6', '6', '35', 'Stockists', 'stockists', 'Title', NULL, '2013-12-20 17:01:36', '2014-01-03 11:27:36', 'f51438ea-475a-43de-98e3-f9bd0491f87f');
INSERT INTO `craft_entrytypes` (`id`, `sectionId`, `fieldLayoutId`, `name`, `handle`, `titleLabel`, `sortOrder`, `dateCreated`, `dateUpdated`, `uid`) VALUES ('7', '7', '60', 'Press', 'press', 'Title', NULL, '2013-12-20 17:02:27', '2014-01-03 19:25:54', '36b78019-0f1e-4da9-903d-db0466a25fe3');
INSERT INTO `craft_entrytypes` (`id`, `sectionId`, `fieldLayoutId`, `name`, `handle`, `titleLabel`, `sortOrder`, `dateCreated`, `dateUpdated`, `uid`) VALUES ('8', '8', '11', 'Shop', 'shop', 'Title', NULL, '2013-12-20 17:02:40', '2013-12-20 17:02:40', 'ee559c34-1271-4e40-bd51-1d6bc5453201');
INSERT INTO `craft_entrytypes` (`id`, `sectionId`, `fieldLayoutId`, `name`, `handle`, `titleLabel`, `sortOrder`, `dateCreated`, `dateUpdated`, `uid`) VALUES ('9', '9', '30', 'Collections', 'collections', 'Title', NULL, '2014-01-02 18:12:55', '2014-01-02 18:23:06', '4358d1da-32e8-44b7-bf8a-368f5b675002');
INSERT INTO `craft_entrytypes` (`id`, `sectionId`, `fieldLayoutId`, `name`, `handle`, `titleLabel`, `sortOrder`, `dateCreated`, `dateUpdated`, `uid`) VALUES ('10', '10', '34', 'Single Collection', 'singleCollection', 'Title', NULL, '2014-01-02 18:36:16', '2014-01-02 18:59:24', '9fe5d98f-a9b6-483e-8fc6-cc1b240d800f');
INSERT INTO `craft_entrytypes` (`id`, `sectionId`, `fieldLayoutId`, `name`, `handle`, `titleLabel`, `sortOrder`, `dateCreated`, `dateUpdated`, `uid`) VALUES ('24', '18', '68', 'Publications', 'publications', 'Publication Name', NULL, '2014-01-03 19:26:33', '2014-01-03 20:09:45', 'a1370566-a0f1-480b-a744-54555f2584c1');



--
-- Schema for table `craft_entryversions`
--

DROP TABLE IF EXISTS `craft_entryversions`;

CREATE TABLE `craft_entryversions` (
  `id` int(11) NOT NULL AUTO_INCREMENT,
  `entryId` int(11) NOT NULL,
  `sectionId` int(11) NOT NULL,
  `creatorId` int(11) DEFAULT NULL,
  `locale` char(12) COLLATE utf8_unicode_ci NOT NULL,
  `notes` tinytext COLLATE utf8_unicode_ci,
  `data` mediumtext COLLATE utf8_unicode_ci NOT NULL,
  `dateCreated` datetime NOT NULL,
  `dateUpdated` datetime NOT NULL,
  `uid` char(36) COLLATE utf8_unicode_ci NOT NULL DEFAULT '0',
  PRIMARY KEY (`id`),
  KEY `craft_entryversions_entryId_locale_idx` (`entryId`,`locale`),
  KEY `craft_entryversions_sectionId_fk` (`sectionId`),
  KEY `craft_entryversions_creatorId_fk` (`creatorId`),
  KEY `craft_entryversions_locale_fk` (`locale`)
) ENGINE=InnoDB AUTO_INCREMENT=67 DEFAULT CHARSET=utf8 COLLATE=utf8_unicode_ci;

--
-- Data for table `craft_entryversions`
--

INSERT INTO `craft_entryversions` (`id`, `entryId`, `sectionId`, `creatorId`, `locale`, `notes`, `data`, `dateCreated`, `dateUpdated`, `uid`) VALUES ('1', '4', '3', '1', 'en_us', NULL, '{\"authorId\":null,\"title\":\"About\",\"slug\":\"about\",\"postDate\":1388408366,\"expiryDate\":null,\"enabled\":1,\"fields\":{\"2\":\"<p>Bl\\u00e1ith\\u00edn is a 2011 BDes (Hons) graduate of the National College of Art and Design (NCAD), Dublin. Coupled with her studies in embroidery and a wonderful industry internship with New York based designer Diane Von Furstenberg, she found her niche.<\\/p><p>Within a year of graduating, Blaithin went about setting up her own label \\u2018Blaithin Ennis\\u2019. In early 2012 she launched her first collection of high-end fashion pieces, alongside her range of contemporary jewellery. She stands by her ethos, \\u201cA unique accessory can give a new lease of life to the very simple garment\\u201d.<\\/p><p>She prides herself on her unique approach and ability to source, manipulate and combine unusual materials from around the world, to produce wearable, special and striking pieces. Her designs have an avant-garde, ethnic motivation behind them. With mixtures of delicate and ro-bust heavy metals, sparkling crystals and soft whimsical shell mesh, her creations represent the \\u2018unconventional\\u2019 in accessories and jewellery. Her use of intricate hand embellishment is simple yet effective, powerful and preciously delicate adding to the couture vibe in her work.The label is affordable and beautifully crafted encorporating simple craft driven techniques. The essence of her collections give women freedom to put their own stamp on design in an elegant way.<\\/p><p>Bl\\u00e1ith\\u00edn is based from her studio in the South east of Ireland where each piece is designed and hand-made.<\\/p>\",\"7\":[\"10\"],\"9\":[\"11\"],\"8\":[\"12\"],\"10\":\"<p>\\r\\n\\tBl\\u00e1ith\\u00edn Ennis is a 2011 BDes (Hons) graduate of the National College of Art and Design (NCAD), Dublin. Coupled with her studies in embroidery and a wonderful industry internship with New York based designer Diane Von Furstenberg, she found her niche.<\\/p>\"}}', '2013-12-30 13:09:57', '2013-12-30 13:09:57', 'af79af5a-ba39-435c-91ac-1ddf5b97754b');
INSERT INTO `craft_entryversions` (`id`, `entryId`, `sectionId`, `creatorId`, `locale`, `notes`, `data`, `dateCreated`, `dateUpdated`, `uid`) VALUES ('2', '2', '1', '1', 'en_us', NULL, '{\"authorId\":null,\"title\":\"Homepage\",\"slug\":\"homepage\",\"postDate\":1387390264,\"expiryDate\":null,\"enabled\":1,\"fields\":{\"2\":\"<p>It\\u2019s true, this site doesn\\u2019t have a whole lot of content yet, but don\\u2019t worry. Our web developers have just installed the CMS, and they\\u2019re setting things up for the content editors this very moment. Soon Blobs will be an oasis of fresh perspectives, sharp analyses, and astute opinions that will keep you coming back again and again.<\\/p>\",\"1\":\"Welcome to Blobs!\",\"7\":\"\",\"9\":\"\",\"8\":\"\",\"10\":\"\",\"4\":[\"15\"]}}', '2013-12-30 13:30:05', '2013-12-30 13:30:05', 'c1d1a3c2-fa38-485c-9661-15d551759c20');
INSERT INTO `craft_entryversions` (`id`, `entryId`, `sectionId`, `creatorId`, `locale`, `notes`, `data`, `dateCreated`, `dateUpdated`, `uid`) VALUES ('3', '2', '1', '1', 'en_us', NULL, '{\"authorId\":null,\"title\":\"Homepage\",\"slug\":\"homepage\",\"postDate\":1387390264,\"expiryDate\":null,\"enabled\":1,\"fields\":{\"2\":\"<p>It\\u2019s true, this site doesn\\u2019t have a whole lot of content yet, but don\\u2019t worry. Our web developers have just installed the CMS, and they\\u2019re setting things up for the content editors this very moment. Soon Blobs will be an oasis of fresh perspectives, sharp analyses, and astute opinions that will keep you coming back again and again.<\\/p>\",\"1\":\"Welcome to Blobs!\",\"7\":\"\",\"9\":\"\",\"8\":\"\",\"10\":\"<p>mother fucker<\\/p>\",\"4\":[\"15\"]}}', '2014-01-02 14:05:22', '2014-01-02 14:05:22', '06424f2a-dc01-4e49-b69f-c83c6287fdb1');
INSERT INTO `craft_entryversions` (`id`, `entryId`, `sectionId`, `creatorId`, `locale`, `notes`, `data`, `dateCreated`, `dateUpdated`, `uid`) VALUES ('4', '2', '1', '1', 'en_us', NULL, '{\"authorId\":null,\"title\":\"Homepage\",\"slug\":\"homepage\",\"postDate\":1387390264,\"expiryDate\":null,\"enabled\":1,\"fields\":{\"2\":\"<p>It\\u2019s true, this site doesn\\u2019t have a whole lot of content yet, but don\\u2019t worry. Our web developers have just installed the CMS, and they\\u2019re setting things up for the content editors this very moment. Soon Blobs will be an oasis of fresh perspectives, sharp analyses, and astute opinions that will keep you coming back again and again.<\\/p>\",\"1\":\"Welcome to Blobs!\",\"7\":\"\",\"9\":\"\",\"8\":\"\",\"10\":\"<p>mother fucker<\\/p>\",\"4\":[\"16\"]}}', '2014-01-02 14:45:48', '2014-01-02 14:45:48', 'defef302-cbfe-4491-b6d7-286aa9c6041e');
INSERT INTO `craft_entryversions` (`id`, `entryId`, `sectionId`, `creatorId`, `locale`, `notes`, `data`, `dateCreated`, `dateUpdated`, `uid`) VALUES ('5', '4', '3', '1', 'en_us', NULL, '{\"authorId\":null,\"title\":\"About\",\"slug\":\"about\",\"postDate\":1388408366,\"expiryDate\":null,\"enabled\":1,\"fields\":{\"2\":\"<p>\\r\\n\\tBl&aacute;ith&iacute;n is a 2011 BDes (Hons) graduate of the National College of Art and Design (NCAD), Dublin. Coupled with her studies in embroidery and a wonderful industry internship with New York based designer Diane Von Furstenberg, she found her niche.\\r\\n<\\/p>\\r\\n<p>\\r\\n\\tWithin a year of graduating, Blaithin went about setting up her own label \\u2018Blaithin Ennis\\u2019. In early 2012 she launched her first collection of high-end fashion pieces, alongside her range of contemporary jewellery. She stands by her ethos, \\u201cA unique accessory can give a new lease of life to the very simple garment\\u201d.\\r\\n<\\/p>\\r\\n<p>\\r\\n\\tShe prides herself on her unique approach and ability to source, manipulate and combine unusual materials from around the world, to produce wearable, special and striking pieces. Her designs have an avant-garde, ethnic motivation behind them. With mixtures of delicate and ro-bust heavy metals, sparkling crystals and soft whimsical shell mesh, her creations represent the \\u2018unconventional\\u2019 in accessories and jewellery. Her use of intricate hand embellishment is simple yet effective, powerful and preciously delicate adding to the couture vibe in her work.The label is affordable and beautifully crafted encorporating simple craft driven techniques. The essence of her collections give women freedom to put their own stamp on design in an elegant way.\\r\\n<\\/p>\\r\\n<p>\\r\\n\\tBl&aacute;ith&iacute;n is based from her studio in the South east of Ireland where each piece is designed and hand-made.\\r\\n<\\/p>\",\"7\":[\"10\"],\"9\":[\"11\"],\"8\":[\"12\"],\"10\":\"<p>\\r\\n\\tBl\\u00e1ith\\u00edn Ennis is a 2011 BDes (Hons) graduate of the National College of Art and Design (NCAD), Dublin. Coupled with her studies in embroidery and a wonderful industry internship with New York based designer Diane Von Furstenberg, she found her niche.<\\/p>\"}}', '2014-01-02 15:05:32', '2014-01-02 15:05:32', 'c22b5a54-33b3-466d-b884-ae7d61496031');
INSERT INTO `craft_entryversions` (`id`, `entryId`, `sectionId`, `creatorId`, `locale`, `notes`, `data`, `dateCreated`, `dateUpdated`, `uid`) VALUES ('6', '2', '1', '1', 'en_us', NULL, '{\"authorId\":null,\"title\":\"Homepage\",\"slug\":\"homepage\",\"postDate\":1387390264,\"expiryDate\":null,\"enabled\":1,\"fields\":{\"2\":\"<p>It\\u2019s true, this site doesn\\u2019t have a whole lot of content yet, but don\\u2019t worry. Our web developers have just installed the CMS, and they\\u2019re setting things up for the content editors this very moment. Soon Blobs will be an oasis of fresh perspectives, sharp analyses, and astute opinions that will keep you coming back again and again.<\\/p>\",\"1\":\"Welcome to Blobs!\",\"7\":\"\",\"9\":\"\",\"8\":\"\",\"10\":\"<p>mother fucker<\\/p>\",\"4\":[\"16\"]}}', '2014-01-02 15:16:03', '2014-01-02 15:16:03', 'ca6753fe-8a1c-4282-8528-4d9cf33d8e0a');
INSERT INTO `craft_entryversions` (`id`, `entryId`, `sectionId`, `creatorId`, `locale`, `notes`, `data`, `dateCreated`, `dateUpdated`, `uid`) VALUES ('7', '2', '1', '1', 'en_us', NULL, '{\"authorId\":null,\"title\":\"Homepage\",\"slug\":\"homepage\",\"postDate\":1387390264,\"expiryDate\":null,\"enabled\":1,\"fields\":{\"2\":\"<p>It\\u2019s true, this site doesn\\u2019t have a whole lot of content yet, but don\\u2019t worry. Our web developers have just installed the CMS, and they\\u2019re setting things up for the content editors this very moment. Soon Blobs will be an oasis of fresh perspectives, sharp analyses, and astute opinions that will keep you coming back again and again.<\\/p>\",\"1\":\"Welcome to Blobs!\",\"7\":\"\",\"9\":\"\",\"8\":\"\",\"10\":\"<p>mother fucker<\\/p>\",\"4\":[\"16\"]}}', '2014-01-02 15:16:35', '2014-01-02 15:16:35', '7ce59f40-ca3a-4bdd-a518-3244746cae02');
INSERT INTO `craft_entryversions` (`id`, `entryId`, `sectionId`, `creatorId`, `locale`, `notes`, `data`, `dateCreated`, `dateUpdated`, `uid`) VALUES ('8', '2', '1', '1', 'en_us', NULL, '{\"authorId\":null,\"title\":\"Homepage\",\"slug\":\"homepage\",\"postDate\":1387390264,\"expiryDate\":null,\"enabled\":1,\"fields\":{\"2\":\"<p>It\\u2019s true, this site doesn\\u2019t have a whole lot of content yet, but don\\u2019t worry. Our web developers have just installed the CMS, and they\\u2019re setting things up for the content editors this very moment. Soon Blobs will be an oasis of fresh perspectives, sharp analyses, and astute opinions that will keep you coming back again and again.<\\/p>\",\"1\":\"Welcome to Blobs!\",\"7\":\"\",\"9\":\"\",\"8\":\"\",\"10\":\"<p>mother fucker<\\/p>\",\"4\":[\"16\"]}}', '2014-01-02 15:35:10', '2014-01-02 15:35:10', '56f034fa-71bc-49fc-8777-b0f35393d971');
INSERT INTO `craft_entryversions` (`id`, `entryId`, `sectionId`, `creatorId`, `locale`, `notes`, `data`, `dateCreated`, `dateUpdated`, `uid`) VALUES ('9', '2', '1', '1', 'en_us', NULL, '{\"authorId\":null,\"title\":\"Homepage\",\"slug\":\"homepage\",\"postDate\":1387390264,\"expiryDate\":null,\"enabled\":1,\"fields\":{\"2\":\"<p>Bl\\u00e1ith\\u00edn is a 2011 BDes (Hons) graduate of the National College of Art and Design (NCAD), Dublin. Coupled with her studies in embroidery and a wonderful industry internship with New York based designer Diane Von Furstenberg, she found her niche.<\\/p><p>Within a year of graduating, Blaithin went about setting up her own label \\u2018Blaithin Ennis\\u2019. In early 2012 she launched her first collection of high-end fashion pieces, alongside her range of contemporary jewellery. She stands by her ethos, \\u201cA unique accessory can give a new lease of life to the very simple garment\\u201d.<\\/p><p>She prides herself on her unique approach and ability to source, manipulate and combine unusual materials from around the world, to produce wearable, special and striking pieces. Her designs have an avant-garde, ethnic motivation behind them. With mixtures of delicate and ro-bust heavy metals, sparkling crystals and soft whimsical shell mesh, her creations represent the \\u2018unconventional\\u2019 in accessories and jewellery. Her use of intricate hand embellishment is simple yet effective, powerful and preciously delicate adding to the couture vibe in her work.The label is affordable and beautifully crafted encorporating simple craft driven techniques. The essence of her collections give women freedom to put their own stamp on design in an elegant way.<\\/p><p>Bl\\u00e1ith\\u00edn is based from her studio in the South east of Ireland where each piece is designed and hand-made.<\\/p>\",\"11\":[{\"col1\":\"\",\"col2\":\"\"}],\"1\":\"Welcome to Blobs!\",\"7\":[\"10\"],\"9\":[\"11\"],\"8\":[\"12\"],\"10\":\"<p>mother fucker<\\/p>\",\"4\":[\"16\"]}}', '2014-01-02 15:42:48', '2014-01-02 15:42:48', 'd4adef2d-94f9-4647-89f3-66e3580a2ac9');
INSERT INTO `craft_entryversions` (`id`, `entryId`, `sectionId`, `creatorId`, `locale`, `notes`, `data`, `dateCreated`, `dateUpdated`, `uid`) VALUES ('10', '2', '1', '1', 'en_us', NULL, '{\"authorId\":null,\"title\":\"Homepage\",\"slug\":\"homepage\",\"postDate\":1387390264,\"expiryDate\":null,\"enabled\":1,\"fields\":{\"2\":\"<p>Bl\\u00e1ith\\u00edn is a 2011 BDes (Hons) graduate of the National College of Art and Design (NCAD), Dublin. Coupled with her studies in embroidery and a wonderful industry internship with New York based designer Diane Von Furstenberg, she found her niche.<\\/p><p>Within a year of graduating, Blaithin went about setting up her own label \\u2018Blaithin Ennis\\u2019. In early 2012 she launched her first collection of high-end fashion pieces, alongside her range of contemporary jewellery. She stands by her ethos, \\u201cA unique accessory can give a new lease of life to the very simple garment\\u201d.<\\/p><p>She prides herself on her unique approach and ability to source, manipulate and combine unusual materials from around the world, to produce wearable, special and striking pieces. Her designs have an avant-garde, ethnic motivation behind them. With mixtures of delicate and ro-bust heavy metals, sparkling crystals and soft whimsical shell mesh, her creations represent the \\u2018unconventional\\u2019 in accessories and jewellery. Her use of intricate hand embellishment is simple yet effective, powerful and preciously delicate adding to the couture vibe in her work.The label is affordable and beautifully crafted encorporating simple craft driven techniques. The essence of her collections give women freedom to put their own stamp on design in an elegant way.<\\/p><p>Bl\\u00e1ith\\u00edn is based from her studio in the South east of Ireland where each piece is designed and hand-made.<\\/p>\",\"11\":[{\"col1\":\"\",\"col2\":\"\"}],\"1\":\"Welcome to Blobs!\",\"7\":\"\",\"9\":\"\",\"8\":\"\",\"10\":\"<p>mother fucker<\\/p>\",\"4\":[\"16\"]}}', '2014-01-02 15:48:42', '2014-01-02 15:48:42', 'c0dbb777-124a-4730-a008-bd01769e2a6f');
INSERT INTO `craft_entryversions` (`id`, `entryId`, `sectionId`, `creatorId`, `locale`, `notes`, `data`, `dateCreated`, `dateUpdated`, `uid`) VALUES ('11', '4', '3', '1', 'en_us', NULL, '{\"authorId\":null,\"title\":\"About\",\"slug\":\"about\",\"postDate\":1388408366,\"expiryDate\":null,\"enabled\":1,\"fields\":{\"2\":\"<p>\\r\\n\\tBl\\u00e1ith\\u00edn is a 2011 BDes (Hons) graduate of the National College of Art and Design (NCAD), Dublin. Coupled with her studies in embroidery and a wonderful industry internship with New York based designer Diane Von Furstenberg, she found her niche.<\\/p><p>\\r\\n\\tWithin a year of graduating, Blaithin went about setting up her own label \\u2018Blaithin Ennis\\u2019. In early 2012 she launched her first collection of high-end fashion pieces, alongside her range of contemporary jewellery. She stands by her ethos, \\u201cA unique accessory can give a new lease of life to the very simple garment\\u201d.<\\/p><p>\\r\\n\\tShe prides herself on her unique approach and ability to source, manipulate and combine unusual materials from around the world, to produce wearable, special and striking pieces. Her designs have an avant-garde, ethnic motivation behind them. With mixtures of delicate and ro-bust heavy metals, sparkling crystals and soft whimsical shell mesh, her creations represent the \\u2018unconventional\\u2019 in accessories and jewellery. Her use of intricate hand embellishment is simple yet effective, powerful and preciously delicate adding to the couture vibe in her work.The label is affordable and beautifully crafted encorporating simple craft driven techniques. The essence of her collections give women freedom to put their own stamp on design in an elegant way.<\\/p><p>\\r\\n\\tBl\\u00e1ith\\u00edn is based from her studio in the South east of Ireland where each piece is designed and hand-made.<\\/p>\",\"7\":\"\",\"9\":\"\",\"8\":\"\",\"10\":\"<p>\\r\\n\\tBl\\u00e1ith\\u00edn Ennis is a 2011 BDes (Hons) graduate of the National College of Art and Design (NCAD), Dublin. Coupled with her studies in embroidery and a wonderful industry internship with New York based designer Diane Von Furstenberg, she found her niche.<\\/p>\"}}', '2014-01-02 15:49:04', '2014-01-02 15:49:04', 'd95ca93c-6ffd-49ba-b26d-f9716768c989');
INSERT INTO `craft_entryversions` (`id`, `entryId`, `sectionId`, `creatorId`, `locale`, `notes`, `data`, `dateCreated`, `dateUpdated`, `uid`) VALUES ('12', '2', '1', '1', 'en_us', NULL, '{\"authorId\":null,\"title\":\"Homepage\",\"slug\":\"homepage\",\"postDate\":1387390264,\"expiryDate\":null,\"enabled\":1,\"fields\":{\"2\":\"<p>Bl\\u00e1ith\\u00edn is a 2011 BDes (Hons) graduate of the National College of Art and Design (NCAD), Dublin. Coupled with her studies in embroidery and a wonderful industry internship with New York based designer Diane Von Furstenberg, she found her niche.<\\/p><p>Within a year of graduating, Blaithin went about setting up her own label \\u2018Blaithin Ennis\\u2019. In early 2012 she launched her first collection of high-end fashion pieces, alongside her range of contemporary jewellery. She stands by her ethos, \\u201cA unique accessory can give a new lease of life to the very simple garment\\u201d.<\\/p><p>She prides herself on her unique approach and ability to source, manipulate and combine unusual materials from around the world, to produce wearable, special and striking pieces. Her designs have an avant-garde, ethnic motivation behind them. With mixtures of delicate and ro-bust heavy metals, sparkling crystals and soft whimsical shell mesh, her creations represent the \\u2018unconventional\\u2019 in accessories and jewellery. Her use of intricate hand embellishment is simple yet effective, powerful and preciously delicate adding to the couture vibe in her work.The label is affordable and beautifully crafted encorporating simple craft driven techniques. The essence of her collections give women freedom to put their own stamp on design in an elegant way.<\\/p><p>Bl\\u00e1ith\\u00edn is based from her studio in the South east of Ireland where each piece is designed and hand-made.<\\/p>\",\"11\":[{\"col1\":\"\",\"col2\":\"\"}],\"1\":\"Welcome to Blobs!\",\"7\":[\"10\"],\"9\":\"\",\"8\":\"\",\"10\":\"<p>mother fucker<\\/p>\",\"4\":[\"16\"]}}', '2014-01-02 15:49:17', '2014-01-02 15:49:17', 'eacb3b2e-a4b9-4200-84bf-8a6a34110a13');
INSERT INTO `craft_entryversions` (`id`, `entryId`, `sectionId`, `creatorId`, `locale`, `notes`, `data`, `dateCreated`, `dateUpdated`, `uid`) VALUES ('13', '2', '1', '1', 'en_us', NULL, '{\"authorId\":null,\"title\":\"Homepage\",\"slug\":\"homepage\",\"postDate\":1387390264,\"expiryDate\":null,\"enabled\":1,\"fields\":{\"2\":\"<p>Bl\\u00e1ith\\u00edn is a 2011 BDes (Hons) graduate of the National College of Art and Design (NCAD), Dublin. Coupled with her studies in embroidery and a wonderful industry internship with New York based designer Diane Von Furstenberg, she found her niche.<\\/p><p>Within a year of graduating, Blaithin went about setting up her own label \\u2018Blaithin Ennis\\u2019. In early 2012 she launched her first collection of high-end fashion pieces, alongside her range of contemporary jewellery. She stands by her ethos, \\u201cA unique accessory can give a new lease of life to the very simple garment\\u201d.<\\/p><p>She prides herself on her unique approach and ability to source, manipulate and combine unusual materials from around the world, to produce wearable, special and striking pieces. Her designs have an avant-garde, ethnic motivation behind them. With mixtures of delicate and ro-bust heavy metals, sparkling crystals and soft whimsical shell mesh, her creations represent the \\u2018unconventional\\u2019 in accessories and jewellery. Her use of intricate hand embellishment is simple yet effective, powerful and preciously delicate adding to the couture vibe in her work.The label is affordable and beautifully crafted encorporating simple craft driven techniques. The essence of her collections give women freedom to put their own stamp on design in an elegant way.<\\/p><p>Bl\\u00e1ith\\u00edn is based from her studio in the South east of Ireland where each piece is designed and hand-made.<\\/p>\",\"11\":[{\"col1\":\"\",\"col2\":\"\"}],\"1\":\"Welcome to Blobs!\",\"7\":[\"10\"],\"9\":[\"11\"],\"8\":[\"12\"],\"10\":\"<p>mother fucker<\\/p>\",\"4\":[\"16\"]}}', '2014-01-02 15:50:08', '2014-01-02 15:50:08', '0ba99312-21e5-4441-9dad-252f04cad243');
INSERT INTO `craft_entryversions` (`id`, `entryId`, `sectionId`, `creatorId`, `locale`, `notes`, `data`, `dateCreated`, `dateUpdated`, `uid`) VALUES ('14', '2', '1', '1', 'en_us', NULL, '{\"authorId\":null,\"title\":\"Homepage\",\"slug\":\"homepage\",\"postDate\":1387390264,\"expiryDate\":null,\"enabled\":1,\"fields\":{\"2\":\"<p>Bl\\u00e1ith\\u00edn is a 2011 BDes (Hons) graduate of the National College of Art and Design (NCAD), Dublin. Coupled with her studies in embroidery and a wonderful industry internship with New York based designer Diane Von Furstenberg, she found her niche.<\\/p><p>Within a year of graduating, Blaithin went about setting up her own label \\u2018Blaithin Ennis\\u2019. In early 2012 she launched her first collection of high-end fashion pieces, alongside her range of contemporary jewellery. She stands by her ethos, \\u201cA unique accessory can give a new lease of life to the very simple garment\\u201d.<\\/p><p>She prides herself on her unique approach and ability to source, manipulate and combine unusual materials from around the world, to produce wearable, special and striking pieces. Her designs have an avant-garde, ethnic motivation behind them. With mixtures of delicate and ro-bust heavy metals, sparkling crystals and soft whimsical shell mesh, her creations represent the \\u2018unconventional\\u2019 in accessories and jewellery. Her use of intricate hand embellishment is simple yet effective, powerful and preciously delicate adding to the couture vibe in her work.The label is affordable and beautifully crafted encorporating simple craft driven techniques. The essence of her collections give women freedom to put their own stamp on design in an elegant way.<\\/p><p>Bl\\u00e1ith\\u00edn is based from her studio in the South east of Ireland where each piece is designed and hand-made.<\\/p>\",\"11\":[{\"col1\":\"\",\"col2\":\"\"}],\"1\":\"Welcome to Blobs!\",\"7\":[\"10\"],\"9\":[\"11\"],\"8\":[\"12\"],\"10\":\"<p>\\r\\n\\tBl\\u00e1ith\\u00edn Ennis is a 2011 BDes (Hons) graduate of the National College of Art and Design (NCAD), Dublin. Coupled with her studies in embroidery and a wonderful industry internship with New York based designer Diane Von Furstenberg, she found her niche.<\\/p>\",\"4\":[\"16\"]}}', '2014-01-02 15:52:16', '2014-01-02 15:52:16', '67d7f435-97f7-4bea-8f5e-392509ffc1b8');
INSERT INTO `craft_entryversions` (`id`, `entryId`, `sectionId`, `creatorId`, `locale`, `notes`, `data`, `dateCreated`, `dateUpdated`, `uid`) VALUES ('15', '2', '1', '1', 'en_us', NULL, '{\"authorId\":null,\"title\":\"Homepage\",\"slug\":\"homepage\",\"postDate\":1387390264,\"expiryDate\":null,\"enabled\":1,\"fields\":{\"2\":\"<p>Bl\\u00e1ith\\u00edn is a 2011 BDes (Hons) graduate of the National College of Art and Design (NCAD), Dublin. Coupled with her studies in embroidery and a wonderful industry internship with New York based designer Diane Von Furstenberg, she found her niche.<\\/p><p>Within a year of graduating, Blaithin went about setting up her own label \\u2018Blaithin Ennis\\u2019. In early 2012 she launched her first collection of high-end fashion pieces, alongside her range of contemporary jewellery. She stands by her ethos, \\u201cA unique accessory can give a new lease of life to the very simple garment\\u201d.<\\/p><p>She prides herself on her unique approach and ability to source, manipulate and combine unusual materials from around the world, to produce wearable, special and striking pieces. Her designs have an avant-garde, ethnic motivation behind them. With mixtures of delicate and ro-bust heavy metals, sparkling crystals and soft whimsical shell mesh, her creations represent the \\u2018unconventional\\u2019 in accessories and jewellery. Her use of intricate hand embellishment is simple yet effective, powerful and preciously delicate adding to the couture vibe in her work.The label is affordable and beautifully crafted encorporating simple craft driven techniques. The essence of her collections give women freedom to put their own stamp on design in an elegant way.<\\/p><p>Bl\\u00e1ith\\u00edn is based from her studio in the South east of Ireland where each piece is designed and hand-made.<\\/p>\",\"11\":[{\"col1\":\"hello@blaithinennis.com\",\"col2\":\"+353 (0) 87 767 6026\"}],\"1\":\"Welcome to Blobs!\",\"7\":[\"10\"],\"9\":[\"11\"],\"8\":[\"12\"],\"10\":\"<p>\\r\\n\\tBl\\u00e1ith\\u00edn Ennis is a 2011 BDes (Hons) graduate of the National College of Art and Design (NCAD), Dublin. Coupled with her studies in embroidery and a wonderful industry internship with New York based designer Diane Von Furstenberg, she found her niche.<\\/p>\",\"4\":[\"16\"]}}', '2014-01-02 15:53:21', '2014-01-02 15:53:21', '0804211d-4919-431e-994f-a567aa4cc328');
INSERT INTO `craft_entryversions` (`id`, `entryId`, `sectionId`, `creatorId`, `locale`, `notes`, `data`, `dateCreated`, `dateUpdated`, `uid`) VALUES ('16', '2', '1', '1', 'en_us', NULL, '{\"authorId\":null,\"title\":\"Homepage\",\"slug\":\"homepage\",\"postDate\":1387390264,\"expiryDate\":null,\"enabled\":1,\"fields\":{\"2\":\"<p>Bl\\u00e1ith\\u00edn is a 2011 BDes (Hons) graduate of the National College of Art and Design (NCAD), Dublin. Coupled with her studies in embroidery and a wonderful industry internship with New York based designer Diane Von Furstenberg, she found her niche.<\\/p><p>Within a year of graduating, Blaithin went about setting up her own label \\u2018Blaithin Ennis\\u2019. In early 2012 she launched her first collection of high-end fashion pieces, alongside her range of contemporary jewellery. She stands by her ethos, \\u201cA unique accessory can give a new lease of life to the very simple garment\\u201d.<\\/p><p>She prides herself on her unique approach and ability to source, manipulate and combine unusual materials from around the world, to produce wearable, special and striking pieces. Her designs have an avant-garde, ethnic motivation behind them. With mixtures of delicate and ro-bust heavy metals, sparkling crystals and soft whimsical shell mesh, her creations represent the \\u2018unconventional\\u2019 in accessories and jewellery. Her use of intricate hand embellishment is simple yet effective, powerful and preciously delicate adding to the couture vibe in her work.The label is affordable and beautifully crafted encorporating simple craft driven techniques. The essence of her collections give women freedom to put their own stamp on design in an elegant way.<\\/p><p>Bl\\u00e1ith\\u00edn is based from her studio in the South east of Ireland where each piece is designed and hand-made.<\\/p>\",\"11\":[{\"col1\":\"hello@blaithinennis.com\",\"col2\":\"+353 (0) 87 767 6026\"}],\"1\":\"Welcome to Blobs!\",\"7\":[\"10\"],\"9\":[\"11\"],\"8\":[\"12\"],\"10\":\"<p>\\r\\n\\tBl\\u00e1ith\\u00edn Ennis is a 2011 BDes (Hons) graduate of the National College of Art and Design (NCAD), Dublin. Coupled with her studies in embroidery and a wonderful industry internship with New York based designer Diane Von Furstenberg, she found her niche.<\\/p>\",\"4\":[\"16\",\"15\"]}}', '2014-01-02 17:08:04', '2014-01-02 17:08:04', '63c48f00-f514-44bb-8496-bb1db244397b');
INSERT INTO `craft_entryversions` (`id`, `entryId`, `sectionId`, `creatorId`, `locale`, `notes`, `data`, `dateCreated`, `dateUpdated`, `uid`) VALUES ('17', '4', '3', '1', 'en_us', NULL, '{\"authorId\":null,\"title\":\"About\",\"slug\":\"about\",\"postDate\":1388408366,\"expiryDate\":null,\"enabled\":1,\"fields\":{\"2\":\"<p>\\r\\n\\tBl\\u00e1ith\\u00edn is a 2011 BDes (Hons) graduate of the National College of Art and Design (NCAD), Dublin. Coupled with her studies in embroidery and a wonderful industry internship with New York based designer Diane Von Furstenberg, she found her niche.<\\/p><p>\\r\\n\\tWithin a year of graduating, Blaithin went about setting up her own label \\u2018Blaithin Ennis\\u2019. In early 2012 she launched her first collection of high-end fashion pieces, alongside her range of contemporary jewellery. She stands by her ethos, \\u201cA unique accessory can give a new lease of life to the very simple garment\\u201d.<\\/p><p>\\r\\n\\tShe prides herself on her unique approach and ability to source, manipulate and combine unusual materials from around the world, to produce wearable, special and striking pieces. Her designs have an avant-garde, ethnic motivation behind them. With mixtures of delicate and ro-bust heavy metals, sparkling crystals and soft whimsical shell mesh, her creations represent the \\u2018unconventional\\u2019 in accessories and jewellery. Her use of intricate hand embellishment is simple yet effective, powerful and preciously delicate adding to the couture vibe in her work.The label is affordable and beautifully crafted encorporating simple craft driven techniques. The essence of her collections give women freedom to put their own stamp on design in an elegant way.<\\/p><p>\\r\\n\\tBl\\u00e1ith\\u00edn is based from her studio in the South east of Ireland where each piece is designed and hand-made.<\\/p>\",\"7\":[\"10\"],\"9\":[\"11\"],\"8\":[\"12\"],\"10\":\"<p>\\r\\n\\tBl\\u00e1ith\\u00edn Ennis is a 2011 BDes (Hons) graduate of the National College of Art and Design (NCAD), Dublin. Coupled with her studies in embroidery and a wonderful industry internship with New York based designer Diane Von Furstenberg, she found her niche.<\\/p>\"}}', '2014-01-02 17:16:28', '2014-01-02 17:16:28', '31545884-39c9-41b9-8e0f-8676722766f8');
INSERT INTO `craft_entryversions` (`id`, `entryId`, `sectionId`, `creatorId`, `locale`, `notes`, `data`, `dateCreated`, `dateUpdated`, `uid`) VALUES ('18', '5', '4', '1', 'en_us', NULL, '{\"authorId\":null,\"title\":\"Contact\",\"slug\":\"contact\",\"postDate\":1387558870,\"expiryDate\":null,\"enabled\":1,\"fields\":{\"11\":[{\"col1\":\"hello@blaithinennis.com\",\"col2\":\"+353 (0) 87 767 6026\"}]}}', '2014-01-02 17:46:53', '2014-01-02 17:46:53', '0b414886-5bcd-4516-8664-479afb606da4');
INSERT INTO `craft_entryversions` (`id`, `entryId`, `sectionId`, `creatorId`, `locale`, `notes`, `data`, `dateCreated`, `dateUpdated`, `uid`) VALUES ('22', '17', '9', '1', 'en_us', NULL, '{\"authorId\":null,\"title\":\"Collections\",\"slug\":\"collections\",\"postDate\":1388686483,\"expiryDate\":null,\"enabled\":1,\"fields\":{\"1\":\"\",\"10\":\"<p>Bl\\u00e1ith\\u00edn Ennis is a 2011 BDes (Hons) graduate of the National College of Art and Design (NCAD), Dublin. Coupled with her studies in embroidery and a wonderful industry internship with New York based designer Diane Von Furstenberg, she found her niche.<\\/p>\"}}', '2014-01-02 18:15:22', '2014-01-02 18:15:22', '6ca8d43a-74a4-4135-aee8-be1578678d44');
INSERT INTO `craft_entryversions` (`id`, `entryId`, `sectionId`, `creatorId`, `locale`, `notes`, `data`, `dateCreated`, `dateUpdated`, `uid`) VALUES ('23', '17', '9', '1', 'en_us', NULL, '{\"authorId\":null,\"title\":\"Collections\",\"slug\":\"collections\",\"postDate\":1388686483,\"expiryDate\":null,\"enabled\":1,\"fields\":{\"1\":\"Hello\",\"10\":\"<p>Bl\\u00e1ith\\u00edn Ennis is a 2011 BDes (Hons) graduate of the National College of Art and Design (NCAD), Dublin. Coupled with her studies in embroidery and a wonderful industry internship with New York based designer Diane Von Furstenberg, she found her niche.<\\/p>\"}}', '2014-01-02 18:17:13', '2014-01-02 18:17:13', '67ddf3a5-c7e1-4dd3-aa29-e20c24e90627');
INSERT INTO `craft_entryversions` (`id`, `entryId`, `sectionId`, `creatorId`, `locale`, `notes`, `data`, `dateCreated`, `dateUpdated`, `uid`) VALUES ('25', '22', '10', '1', 'en_us', NULL, '{\"authorId\":\"1\",\"title\":\"Collection Title\",\"slug\":\"collection-title\",\"postDate\":1388688024,\"expiryDate\":null,\"enabled\":1,\"fields\":{\"13\":[\"21\"],\"14\":[\"21\"],\"31\":\"<p>Lorem ipsum dolor sit amet, consectetur adipisicing elit. Quod quia magnam facere dolor maxime animi atque. Ducimus, eos, illum, ut, animi odio temporibus iste porro perferendis iure culpa omnis eveniet.<\\/p>\"}}', '2014-01-02 18:40:25', '2014-01-02 18:40:25', 'd5efe527-49e6-4c1e-ba54-28704868544f');
INSERT INTO `craft_entryversions` (`id`, `entryId`, `sectionId`, `creatorId`, `locale`, `notes`, `data`, `dateCreated`, `dateUpdated`, `uid`) VALUES ('26', '22', '10', '1', 'en_us', NULL, '{\"authorId\":\"1\",\"title\":\"Collection One\",\"slug\":\"collection-title\",\"postDate\":1388688000,\"expiryDate\":null,\"enabled\":1,\"fields\":{\"13\":[\"21\"],\"14\":[\"21\"],\"31\":\"<p>Lorem ipsum dolor sit amet, consectetur adipisicing elit. Quod quia magnam facere dolor maxime animi atque. Ducimus, eos, illum, ut, animi odio temporibus iste porro perferendis iure culpa omnis eveniet.<\\/p>\"}}', '2014-01-02 18:40:46', '2014-01-02 18:40:46', '0a144a61-19f5-4716-846e-7029c879ad64');
INSERT INTO `craft_entryversions` (`id`, `entryId`, `sectionId`, `creatorId`, `locale`, `notes`, `data`, `dateCreated`, `dateUpdated`, `uid`) VALUES ('27', '23', '10', '1', 'en_us', NULL, '{\"authorId\":\"1\",\"title\":\"Collection Two\",\"slug\":\"collection-two\",\"postDate\":1388688410,\"expiryDate\":null,\"enabled\":1,\"fields\":{\"13\":\"\",\"14\":\"\",\"31\":\"\"}}', '2014-01-02 18:46:50', '2014-01-02 18:46:50', 'b934eb96-e16f-4cc0-bdc3-0122e571688d');
INSERT INTO `craft_entryversions` (`id`, `entryId`, `sectionId`, `creatorId`, `locale`, `notes`, `data`, `dateCreated`, `dateUpdated`, `uid`) VALUES ('28', '22', '10', '1', 'en_us', NULL, '{\"authorId\":\"1\",\"title\":\"Spinnaker\",\"slug\":\"collection-title\",\"postDate\":1388688000,\"expiryDate\":null,\"enabled\":1,\"fields\":{\"13\":[\"21\"],\"32\":\"spinnaker\",\"14\":[\"21\"],\"31\":\"<p>Lorem ipsum dolor sit amet, consectetur adipisicing elit. Quod quia magnam facere dolor maxime animi atque. Ducimus, eos, illum, ut, animi odio temporibus iste porro perferendis iure culpa omnis eveniet.<\\/p>\"}}', '2014-01-02 19:03:36', '2014-01-02 19:03:36', '4610866e-793e-4213-b929-ae1f3646c9fc');
INSERT INTO `craft_entryversions` (`id`, `entryId`, `sectionId`, `creatorId`, `locale`, `notes`, `data`, `dateCreated`, `dateUpdated`, `uid`) VALUES ('29', '22', '10', '1', 'en_us', NULL, '{\"authorId\":\"1\",\"title\":\"Spinnaker\",\"slug\":\"collection-title\",\"postDate\":1388688000,\"expiryDate\":null,\"enabled\":1,\"fields\":{\"13\":[\"21\"],\"32\":\"spinnaker\",\"14\":[\"21\"],\"31\":\"<p>Was up<\\/p>\"}}', '2014-01-02 19:21:16', '2014-01-02 19:21:16', 'afc3796b-010c-4dad-b7b0-d759ae3c6c9d');
INSERT INTO `craft_entryversions` (`id`, `entryId`, `sectionId`, `creatorId`, `locale`, `notes`, `data`, `dateCreated`, `dateUpdated`, `uid`) VALUES ('30', '22', '10', '1', 'en_us', NULL, '{\"authorId\":\"1\",\"title\":\"Spinnaker\",\"slug\":\"collection-title\",\"postDate\":1388688000,\"expiryDate\":null,\"enabled\":1,\"fields\":{\"13\":[\"21\"],\"32\":\"spinnaker\",\"14\":[\"21\"],\"31\":\"<p>Was up Lorem ipsum dolor sit amet, consectetur adipisicing elit. Impedit, quod, voluptates, asperiores reprehenderit omnis magni fuga. Suscipit voluptatum nobis dignissimos quia voluptas magnam ipsum eligendi sapiente perferendis provident culpa ab.<\\/p><p>Lorem ipsum dolor sit amet, consectetur adipisicing elit. Impedit, quod, voluptates, asperiores reprehenderit omnis magni fuga. Suscipit voluptatum nobis dignissimos quia voluptas magnam ipsum eligendi sapiente perferendis provident culpa ab.<\\/p>\"}}', '2014-01-02 19:21:41', '2014-01-02 19:21:41', '79eb194f-3fa4-4e72-8de9-75be61d4a262');
INSERT INTO `craft_entryversions` (`id`, `entryId`, `sectionId`, `creatorId`, `locale`, `notes`, `data`, `dateCreated`, `dateUpdated`, `uid`) VALUES ('31', '23', '10', '1', 'en_us', NULL, '{\"authorId\":\"1\",\"title\":\"Karelain\",\"slug\":\"collection-two\",\"postDate\":1388688360,\"expiryDate\":null,\"enabled\":1,\"fields\":{\"13\":[\"24\"],\"32\":\"karelain\",\"14\":[\"25\"],\"31\":\"<p>Lorem ipsum dolor sit amet, consectetur adipisicing elit. Minima, sed dignissimos quisquam recusandae! Nulla, porro quia! Repellendus, officia, illo, laboriosam consequuntur dolores eveniet porro alias omnis magni similique illum sapiente!<\\/p><p>Lorem ipsum dolor sit amet, consectetur adipisicing elit. Minima, sed dignissimos quisquam recusandae! Nulla, porro quia! Repellendus, officia, illo, laboriosam consequuntur dolores eveniet porro alias omnis magni similique illum sapiente!<\\/p>\"}}', '2014-01-02 19:27:42', '2014-01-02 19:27:42', '62540ec7-d97a-4d6f-a86f-12b5972f476a');
INSERT INTO `craft_entryversions` (`id`, `entryId`, `sectionId`, `creatorId`, `locale`, `notes`, `data`, `dateCreated`, `dateUpdated`, `uid`) VALUES ('32', '23', '10', '1', 'en_us', NULL, '{\"authorId\":\"1\",\"title\":\"Karelain\",\"slug\":\"collection-two\",\"postDate\":1388688360,\"expiryDate\":null,\"enabled\":1,\"fields\":{\"13\":[\"24\"],\"32\":\"karelain\",\"14\":[\"25\"],\"31\":\"<p>Lorem ipsum dolor sit amet, consectetur adipisicing elit. Minima, sed dignissimos quisquam recusandae! Nulla, porro quia! Repellendus, officia, illo, laboriosam consequuntur dolores eveniet porro alias omnis magni similique illum sapiente!<\\/p><p>Lorem ipsum dolor sit amet, consectetur adipisicing elit. Minima, sed dignissimos quisquam recusandae! Nulla, porro quia! Repellendus, officia, illo, laboriosam consequuntur dolores eveniet porro alias omnis magni similique illum sapiente!<\\/p>\"}}', '2014-01-02 19:30:52', '2014-01-02 19:30:52', 'bfab3dde-1a4b-468a-93b0-70e1053c1bf7');
INSERT INTO `craft_entryversions` (`id`, `entryId`, `sectionId`, `creatorId`, `locale`, `notes`, `data`, `dateCreated`, `dateUpdated`, `uid`) VALUES ('33', '27', '6', '1', 'en_us', NULL, '{\"authorId\":\"1\",\"title\":\"Dublin\",\"slug\":\"dublin\",\"postDate\":1388748639,\"expiryDate\":null,\"enabled\":1,\"fields\":{\"33\":[{\"col1\":\"Kilkenny Design, Nassau Street.\"},{\"col1\":\"Kilkenny Design, Pavillons, Swords.\"},{\"col1\":\"Project 51, South William Street.\"},{\"col1\":\"The Guinness Gallery, Foxrock.\"},{\"col1\":\"Fran and Jane, Dundrum.\"}]}}', '2014-01-03 11:30:39', '2014-01-03 11:30:39', '5a950c02-a959-4dca-8980-c791b8e9b92d');
INSERT INTO `craft_entryversions` (`id`, `entryId`, `sectionId`, `creatorId`, `locale`, `notes`, `data`, `dateCreated`, `dateUpdated`, `uid`) VALUES ('34', '7', '6', '1', 'en_us', NULL, '{\"authorId\":\"1\",\"title\":\"Wexford\",\"slug\":\"stockists\",\"postDate\":1387558860,\"expiryDate\":null,\"enabled\":1,\"fields\":{\"33\":[{\"col1\":\"Place, John Street, Gorey.\"}]}}', '2014-01-03 12:08:37', '2014-01-03 12:08:37', '1e6bd4ae-9fd5-4ad8-ab65-9bc5887f3d3b');
INSERT INTO `craft_entryversions` (`id`, `entryId`, `sectionId`, `creatorId`, `locale`, `notes`, `data`, `dateCreated`, `dateUpdated`, `uid`) VALUES ('35', '28', '6', '1', 'en_us', NULL, '{\"authorId\":\"1\",\"title\":\"Offaly\",\"slug\":\"offaly\",\"postDate\":1388750946,\"expiryDate\":null,\"enabled\":1,\"fields\":{\"33\":[{\"col1\":\"Noelle Interiors, 1 Highstreet, Tullamore.\"}]}}', '2014-01-03 12:09:06', '2014-01-03 12:09:06', '98e0976f-6178-4650-9cd2-9a6173338fdc');
INSERT INTO `craft_entryversions` (`id`, `entryId`, `sectionId`, `creatorId`, `locale`, `notes`, `data`, `dateCreated`, `dateUpdated`, `uid`) VALUES ('36', '29', '6', '1', 'en_us', NULL, '{\"authorId\":\"1\",\"title\":\"Carlow\",\"slug\":\"carlow\",\"postDate\":1388750975,\"expiryDate\":null,\"enabled\":1,\"fields\":{\"33\":[{\"col1\":\"Elaine Curtis, Exchequer House, Potato Market.\"}]}}', '2014-01-03 12:09:35', '2014-01-03 12:09:35', 'fff8f1d2-2fd8-473b-9d65-8791d30fb94b');
INSERT INTO `craft_entryversions` (`id`, `entryId`, `sectionId`, `creatorId`, `locale`, `notes`, `data`, `dateCreated`, `dateUpdated`, `uid`) VALUES ('37', '30', '6', '1', 'en_us', NULL, '{\"authorId\":\"1\",\"title\":\"Tippearary\",\"slug\":\"tippearary\",\"postDate\":1388751039,\"expiryDate\":null,\"enabled\":1,\"fields\":{\"33\":[{\"col1\":\"The Craft Granary, Cahir.\"}]}}', '2014-01-03 12:10:39', '2014-01-03 12:10:39', '78e1ab1d-2963-4259-8b90-77ef232e9eea');
INSERT INTO `craft_entryversions` (`id`, `entryId`, `sectionId`, `creatorId`, `locale`, `notes`, `data`, `dateCreated`, `dateUpdated`, `uid`) VALUES ('38', '30', '6', '1', 'en_us', NULL, '{\"authorId\":\"1\",\"title\":\"Tippearary\",\"slug\":\"tippearary\",\"postDate\":1388751000,\"expiryDate\":null,\"enabled\":1,\"fields\":{\"33\":[{\"col1\":\"The Craft Granary, Cahir.\"},{\"col1\":\"The Design Atelier, Nenagh.\"}]}}', '2014-01-03 12:10:56', '2014-01-03 12:10:56', '2d2d91fb-4bc6-4445-82dd-1308bb65630d');
INSERT INTO `craft_entryversions` (`id`, `entryId`, `sectionId`, `creatorId`, `locale`, `notes`, `data`, `dateCreated`, `dateUpdated`, `uid`) VALUES ('39', '31', '6', '1', 'en_us', NULL, '{\"authorId\":\"1\",\"title\":\"Cork\",\"slug\":\"cork\",\"postDate\":1388751182,\"expiryDate\":null,\"enabled\":1,\"fields\":{\"33\":[{\"col1\":\"Kilkenny Design, Shanagarry.\"},{\"col1\":\"Fiona Turley Gallery Crafts, Kilworth.\"},{\"col1\":\"Anne McCarthy, Midleton.\"},{\"col1\":\"Pure Boutique, Douglas.\"},{\"col1\":\"Enibas, Kinsale.\"},{\"col1\":\"Enibas, Schull.\"}]}}', '2014-01-03 12:13:02', '2014-01-03 12:13:02', '2af72f68-1630-4bfc-822b-1be7ccb6795c');
INSERT INTO `craft_entryversions` (`id`, `entryId`, `sectionId`, `creatorId`, `locale`, `notes`, `data`, `dateCreated`, `dateUpdated`, `uid`) VALUES ('40', '32', '6', '1', 'en_us', NULL, '{\"authorId\":\"1\",\"title\":\"Galway\",\"slug\":\"galway\",\"postDate\":1388751204,\"expiryDate\":null,\"enabled\":1,\"fields\":{\"33\":[{\"col1\":\"E-Von Fashions, Moycullen.\"}]}}', '2014-01-03 12:13:24', '2014-01-03 12:13:24', '3de9ec34-8d16-4cde-aa87-0a601f2ce5cc');
INSERT INTO `craft_entryversions` (`id`, `entryId`, `sectionId`, `creatorId`, `locale`, `notes`, `data`, `dateCreated`, `dateUpdated`, `uid`) VALUES ('41', '33', '6', '1', 'en_us', NULL, '{\"authorId\":\"1\",\"title\":\"Sligo\",\"slug\":\"sligo\",\"postDate\":1388751222,\"expiryDate\":null,\"enabled\":1,\"fields\":{\"33\":[{\"col1\":\"The Cat and the Moon, 4 Castle Street.\"}]}}', '2014-01-03 12:13:42', '2014-01-03 12:13:42', '64782775-67f7-4c38-8232-2a343cbe5c61');
INSERT INTO `craft_entryversions` (`id`, `entryId`, `sectionId`, `creatorId`, `locale`, `notes`, `data`, `dateCreated`, `dateUpdated`, `uid`) VALUES ('42', '34', '6', '1', 'en_us', NULL, '{\"authorId\":\"1\",\"title\":\"Donegal\",\"slug\":\"donegal\",\"postDate\":1388751246,\"expiryDate\":null,\"enabled\":1,\"fields\":{\"33\":[{\"col1\":\"C. Bonner and Son Ltd, Front Street Ardara.\"}]}}', '2014-01-03 12:14:06', '2014-01-03 12:14:06', 'cd28f021-797e-4f3d-9a8a-38dc0837d390');
INSERT INTO `craft_entryversions` (`id`, `entryId`, `sectionId`, `creatorId`, `locale`, `notes`, `data`, `dateCreated`, `dateUpdated`, `uid`) VALUES ('43', '35', '6', '1', 'en_us', NULL, '{\"authorId\":\"1\",\"title\":\"Online\",\"slug\":\"online\",\"postDate\":1388751281,\"expiryDate\":null,\"enabled\":1,\"fields\":{\"33\":[{\"col1\":\"Coldlillies\"},{\"col1\":\"NJAL \\u2013 Not Just A Label\"}]}}', '2014-01-03 12:14:42', '2014-01-03 12:14:42', '788c6074-03e9-44cc-8530-b1734d954323');
INSERT INTO `craft_entryversions` (`id`, `entryId`, `sectionId`, `creatorId`, `locale`, `notes`, `data`, `dateCreated`, `dateUpdated`, `uid`) VALUES ('44', '17', '9', '1', 'en_us', NULL, '{\"authorId\":null,\"title\":\"Collections\",\"slug\":\"collections\",\"postDate\":1388687748,\"expiryDate\":null,\"enabled\":1,\"fields\":{\"1\":\"Hello\",\"10\":\"<p>Bl\\u00e1ith\\u00edn Ennis is a 2011 BDes (Hons) graduate of the National College of Art and Design (NCAD), Dublin. Coupled with her studies in embroidery and a wonderful industry internship with New York based designer Diane Von Furstenberg, she found her niche.<\\/p>\"}}', '2014-01-03 12:18:37', '2014-01-03 12:18:37', '78c10937-bf64-474b-9fc7-e082d87b2da8');
INSERT INTO `craft_entryversions` (`id`, `entryId`, `sectionId`, `creatorId`, `locale`, `notes`, `data`, `dateCreated`, `dateUpdated`, `uid`) VALUES ('57', '9', '7', '1', 'en_us', NULL, '{\"authorId\":null,\"title\":\"Press\",\"slug\":\"press\",\"postDate\":1387559039,\"expiryDate\":null,\"enabled\":1,\"fields\":{\"10\":\"<p>Bl\\u00e1ith\\u00edn\\u2019s creations have received a great deal of press attention over the past year, with regular articles and features in the Sunday Independent, Life magazine, Stellar, Tatler, Image, Ireland Am, TV3 and The Voice of Ireland. She was delighted when her Karelian cuff and Teardrop earrings were worn by X-Factor judge Nicole Scherzinger during a performance with Gary Barlow on New Years Day. She was also one of five Irish designers chosen to represent Cadburys with the launch of their new range of \\u2018Crispello\\u2019 products. Each designer was commissioned to make a piece inspired by the product. These are currently featuring on XPOSE and will continue to feature throughout 2013.<\\/p>\"}}', '2014-01-03 14:48:54', '2014-01-03 14:48:54', '52db4427-4ed7-4a38-b9cc-e67c5c80b131');
INSERT INTO `craft_entryversions` (`id`, `entryId`, `sectionId`, `creatorId`, `locale`, `notes`, `data`, `dateCreated`, `dateUpdated`, `uid`) VALUES ('58', '52', '18', '1', 'en_us', NULL, '{\"authorId\":\"1\",\"title\":\"Some magazine\",\"slug\":\"some-magazine\",\"postDate\":1388777924,\"expiryDate\":null,\"enabled\":1,\"fields\":{\"34\":[{\"col3\":\"Article Name\",\"col4\":\"Publication Link\"}],\"35\":[\"47\"],\"37\":[\"articles\"]}}', '2014-01-03 19:38:44', '2014-01-03 19:38:44', '071fca91-8dd2-42b7-b302-f9f398933401');
INSERT INTO `craft_entryversions` (`id`, `entryId`, `sectionId`, `creatorId`, `locale`, `notes`, `data`, `dateCreated`, `dateUpdated`, `uid`) VALUES ('59', '52', '18', '1', 'en_us', NULL, '{\"authorId\":\"1\",\"title\":\"Some magazine\",\"slug\":\"some-magazine\",\"postDate\":1388777880,\"expiryDate\":null,\"enabled\":1,\"fields\":{\"34\":[{\"col3\":\"Article Name\",\"col4\":\"Publication Link\"}],\"35\":[\"47\"],\"37\":\"\",\"38\":\"test\"}}', '2014-01-03 20:08:04', '2014-01-03 20:08:04', 'ba2fa096-a146-4d66-a6b8-fa4d5009f8d2');
INSERT INTO `craft_entryversions` (`id`, `entryId`, `sectionId`, `creatorId`, `locale`, `notes`, `data`, `dateCreated`, `dateUpdated`, `uid`) VALUES ('60', '52', '18', '1', 'en_us', NULL, '{\"authorId\":\"1\",\"title\":\"Some magazine\",\"slug\":\"some-magazine\",\"postDate\":1388777880,\"expiryDate\":null,\"enabled\":1,\"fields\":{\"39\":\"Article Name\",\"40\":\"Article Link\",\"35\":[\"47\"],\"37\":[\"articles\"],\"38\":\"test\"}}', '2014-01-03 20:10:32', '2014-01-03 20:10:32', 'bd7dbbb4-ee46-4939-8df7-30865eeca39a');
INSERT INTO `craft_entryversions` (`id`, `entryId`, `sectionId`, `creatorId`, `locale`, `notes`, `data`, `dateCreated`, `dateUpdated`, `uid`) VALUES ('61', '53', '10', '1', 'en_us', NULL, '{\"authorId\":\"1\",\"title\":\"title\",\"slug\":\"title\",\"postDate\":1388850507,\"expiryDate\":null,\"enabled\":1,\"fields\":{\"13\":\"\",\"32\":\"\",\"14\":\"\",\"31\":\"\"}}', '2014-01-04 15:48:27', '2014-01-04 15:48:27', '5afd2295-83da-426c-8908-8bb82cb688d6');
INSERT INTO `craft_entryversions` (`id`, `entryId`, `sectionId`, `creatorId`, `locale`, `notes`, `data`, `dateCreated`, `dateUpdated`, `uid`) VALUES ('62', '52', '18', '1', 'en_us', NULL, '{\"authorId\":\"1\",\"title\":\"Some magazine\",\"slug\":\"some-magazine\",\"postDate\":1388777880,\"expiryDate\":null,\"enabled\":1,\"fields\":{\"39\":\"Article Name\",\"40\":\"Article Link\",\"35\":[\"47\"],\"37\":[\"articles\"],\"38\":\"test\"}}', '2014-01-04 16:07:57', '2014-01-04 16:07:57', 'e210fba5-679f-4825-872c-f169d7db0719');
INSERT INTO `craft_entryversions` (`id`, `entryId`, `sectionId`, `creatorId`, `locale`, `notes`, `data`, `dateCreated`, `dateUpdated`, `uid`) VALUES ('63', '52', '18', '1', 'en_us', NULL, '{\"authorId\":\"1\",\"title\":\"Some magazine\",\"slug\":\"some-magazine\",\"postDate\":1388777880,\"expiryDate\":null,\"enabled\":1,\"fields\":{\"39\":\"Article Name\",\"40\":\"Article Link\",\"35\":[\"47\"],\"37\":[\"articles\"],\"38\":\"test\"}}', '2014-01-04 16:08:06', '2014-01-04 16:08:06', 'de1d36ba-9d14-4bdb-916b-931a64fce391');
INSERT INTO `craft_entryversions` (`id`, `entryId`, `sectionId`, `creatorId`, `locale`, `notes`, `data`, `dateCreated`, `dateUpdated`, `uid`) VALUES ('64', '54', '18', '1', 'en_us', NULL, '{\"authorId\":\"1\",\"title\":\"Publication Two\",\"slug\":\"publication-two\",\"postDate\":1388851776,\"expiryDate\":null,\"enabled\":1,\"fields\":{\"39\":\"Article two\",\"40\":\"link for article\",\"35\":[\"47\"],\"37\":[\"articles\"]}}', '2014-01-04 16:09:36', '2014-01-04 16:09:36', 'c6ad2dd2-c873-49b4-84e3-d573a44ee9dd');
INSERT INTO `craft_entryversions` (`id`, `entryId`, `sectionId`, `creatorId`, `locale`, `notes`, `data`, `dateCreated`, `dateUpdated`, `uid`) VALUES ('65', '54', '18', '1', 'en_us', NULL, '{\"authorId\":\"1\",\"title\":\"Publication Two\",\"slug\":\"publication-two\",\"postDate\":1388851740,\"expiryDate\":null,\"enabled\":1,\"fields\":{\"39\":\"Article two\",\"40\":\"link for article\",\"35\":[\"47\"],\"37\":[\"radio\"]}}', '2014-01-04 16:09:45', '2014-01-04 16:09:45', '80db2192-17fa-4630-becd-75301b5fb470');
INSERT INTO `craft_entryversions` (`id`, `entryId`, `sectionId`, `creatorId`, `locale`, `notes`, `data`, `dateCreated`, `dateUpdated`, `uid`) VALUES ('66', '54', '18', '1', 'en_us', NULL, '{\"authorId\":\"1\",\"title\":\"Publication Two\",\"slug\":\"publication-two\",\"postDate\":1388851740,\"expiryDate\":null,\"enabled\":1,\"fields\":{\"39\":\"Article two\",\"40\":\"link for article\",\"35\":[\"47\"],\"37\":[\"articles\"]}}', '2014-01-04 16:10:02', '2014-01-04 16:10:02', '7616b316-f655-40e4-9732-4c0e823e3160');



--
-- Schema for table `craft_fieldgroups`
--

DROP TABLE IF EXISTS `craft_fieldgroups`;

CREATE TABLE `craft_fieldgroups` (
  `id` int(11) NOT NULL AUTO_INCREMENT,
  `name` varchar(255) COLLATE utf8_unicode_ci NOT NULL,
  `dateCreated` datetime NOT NULL,
  `dateUpdated` datetime NOT NULL,
  `uid` char(36) COLLATE utf8_unicode_ci NOT NULL DEFAULT '0',
  PRIMARY KEY (`id`),
  UNIQUE KEY `craft_fieldgroups_name_unq_idx` (`name`)
) ENGINE=InnoDB AUTO_INCREMENT=9 DEFAULT CHARSET=utf8 COLLATE=utf8_unicode_ci;

--
-- Data for table `craft_fieldgroups`
--

INSERT INTO `craft_fieldgroups` (`id`, `name`, `dateCreated`, `dateUpdated`, `uid`) VALUES ('1', 'Default', '2013-12-18 18:11:03', '2013-12-18 18:11:03', '38d3236e-3d44-476b-a063-f749488d520e');
INSERT INTO `craft_fieldgroups` (`id`, `name`, `dateCreated`, `dateUpdated`, `uid`) VALUES ('2', 'Home', '2013-12-20 17:04:52', '2013-12-20 17:04:52', '5f121eeb-d859-47da-92c1-c1b94942095e');
INSERT INTO `craft_fieldgroups` (`id`, `name`, `dateCreated`, `dateUpdated`, `uid`) VALUES ('3', 'About', '2013-12-20 17:07:56', '2013-12-20 17:07:56', 'c7d4e8e4-8bab-4922-be1a-80bf3cf89d57');
INSERT INTO `craft_fieldgroups` (`id`, `name`, `dateCreated`, `dateUpdated`, `uid`) VALUES ('4', 'Contact', '2013-12-20 17:10:40', '2013-12-20 17:10:40', '3c410025-71b5-4794-987f-6d1b0ec140e3');
INSERT INTO `craft_fieldgroups` (`id`, `name`, `dateCreated`, `dateUpdated`, `uid`) VALUES ('5', 'Collection', '2013-12-20 17:14:21', '2013-12-20 17:14:21', '946c1ce3-b086-4202-a781-10356df1ece1');
INSERT INTO `craft_fieldgroups` (`id`, `name`, `dateCreated`, `dateUpdated`, `uid`) VALUES ('6', 'Stockists', '2013-12-20 17:18:36', '2013-12-20 17:18:36', 'a7275821-4324-4b37-98e6-2d5f57a5b007');
INSERT INTO `craft_fieldgroups` (`id`, `name`, `dateCreated`, `dateUpdated`, `uid`) VALUES ('7', 'Press', '2013-12-20 17:26:59', '2013-12-20 17:26:59', '605411a9-a66f-43b6-afb4-4f85da20b6e3');
INSERT INTO `craft_fieldgroups` (`id`, `name`, `dateCreated`, `dateUpdated`, `uid`) VALUES ('8', 'Shop', '2013-12-20 17:34:07', '2013-12-20 17:34:07', 'c03c8f79-e27d-4a63-8626-7563766ff3d1');



--
-- Schema for table `craft_fieldlayoutfields`
--

DROP TABLE IF EXISTS `craft_fieldlayoutfields`;

CREATE TABLE `craft_fieldlayoutfields` (
  `id` int(11) NOT NULL AUTO_INCREMENT,
  `layoutId` int(11) NOT NULL,
  `tabId` int(11) DEFAULT NULL,
  `fieldId` int(11) NOT NULL,
  `required` tinyint(1) unsigned NOT NULL DEFAULT '0',
  `sortOrder` tinyint(4) DEFAULT NULL,
  `dateCreated` datetime NOT NULL,
  `dateUpdated` datetime NOT NULL,
  `uid` char(36) COLLATE utf8_unicode_ci NOT NULL DEFAULT '0',
  PRIMARY KEY (`id`),
  UNIQUE KEY `craft_fieldlayoutfields_layoutId_fieldId_unq_idx` (`layoutId`,`fieldId`),
  KEY `craft_fieldlayoutfields_sortOrder_idx` (`sortOrder`),
  KEY `craft_fieldlayoutfields_tabId_fk` (`tabId`),
  KEY `craft_fieldlayoutfields_fieldId_fk` (`fieldId`)
) ENGINE=InnoDB AUTO_INCREMENT=121 DEFAULT CHARSET=utf8 COLLATE=utf8_unicode_ci;

--
-- Data for table `craft_fieldlayoutfields`
--

INSERT INTO `craft_fieldlayoutfields` (`id`, `layoutId`, `tabId`, `fieldId`, `required`, `sortOrder`, `dateCreated`, `dateUpdated`, `uid`) VALUES ('3', '5', '2', '2', '1', '1', '2013-12-18 18:11:04', '2013-12-18 18:11:04', '0c9282c8-e96c-479e-a7d4-5776ed625024');
INSERT INTO `craft_fieldlayoutfields` (`id`, `layoutId`, `tabId`, `fieldId`, `required`, `sortOrder`, `dateCreated`, `dateUpdated`, `uid`) VALUES ('4', '5', '2', '3', '0', '2', '2013-12-18 18:11:04', '2013-12-18 18:11:04', 'e022c747-cc44-44df-a04b-5ca1cc13f9f7');
INSERT INTO `craft_fieldlayoutfields` (`id`, `layoutId`, `tabId`, `fieldId`, `required`, `sortOrder`, `dateCreated`, `dateUpdated`, `uid`) VALUES ('10', '14', '4', '10', '0', '1', '2013-12-30 13:05:33', '2013-12-30 13:05:33', '6da33234-715c-418d-9df8-0a73c94d612c');
INSERT INTO `craft_fieldlayoutfields` (`id`, `layoutId`, `tabId`, `fieldId`, `required`, `sortOrder`, `dateCreated`, `dateUpdated`, `uid`) VALUES ('11', '14', '4', '7', '0', '2', '2013-12-30 13:05:33', '2013-12-30 13:05:33', '5b83be36-ebf4-4056-a583-4e50b266a492');
INSERT INTO `craft_fieldlayoutfields` (`id`, `layoutId`, `tabId`, `fieldId`, `required`, `sortOrder`, `dateCreated`, `dateUpdated`, `uid`) VALUES ('12', '14', '4', '8', '0', '3', '2013-12-30 13:05:33', '2013-12-30 13:05:33', 'cbc655a0-099a-4b3d-a61a-32dd5eb09a7d');
INSERT INTO `craft_fieldlayoutfields` (`id`, `layoutId`, `tabId`, `fieldId`, `required`, `sortOrder`, `dateCreated`, `dateUpdated`, `uid`) VALUES ('13', '14', '4', '9', '0', '4', '2013-12-30 13:05:33', '2013-12-30 13:05:33', '659c37f8-e779-48ee-b24e-8da5d98846c1');
INSERT INTO `craft_fieldlayoutfields` (`id`, `layoutId`, `tabId`, `fieldId`, `required`, `sortOrder`, `dateCreated`, `dateUpdated`, `uid`) VALUES ('14', '14', '4', '2', '0', '5', '2013-12-30 13:05:33', '2013-12-30 13:05:33', 'cbf39240-6980-41fc-9644-83e7f2a36405');
INSERT INTO `craft_fieldlayoutfields` (`id`, `layoutId`, `tabId`, `fieldId`, `required`, `sortOrder`, `dateCreated`, `dateUpdated`, `uid`) VALUES ('32', '19', NULL, '5', '0', '1', '2013-12-30 13:25:44', '2013-12-30 13:25:44', 'a589c496-c9cd-4c47-9650-388e4124bbf3');
INSERT INTO `craft_fieldlayoutfields` (`id`, `layoutId`, `tabId`, `fieldId`, `required`, `sortOrder`, `dateCreated`, `dateUpdated`, `uid`) VALUES ('33', '19', NULL, '6', '0', '2', '2013-12-30 13:25:44', '2013-12-30 13:25:44', '9eae8d7b-515c-4003-9597-de9820ecb82a');
INSERT INTO `craft_fieldlayoutfields` (`id`, `layoutId`, `tabId`, `fieldId`, `required`, `sortOrder`, `dateCreated`, `dateUpdated`, `uid`) VALUES ('34', '20', '6', '4', '0', '1', '2014-01-02 17:07:00', '2014-01-02 17:07:00', 'cb004ea7-7c89-485a-bbfa-eba39c847836');
INSERT INTO `craft_fieldlayoutfields` (`id`, `layoutId`, `tabId`, `fieldId`, `required`, `sortOrder`, `dateCreated`, `dateUpdated`, `uid`) VALUES ('35', '20', '6', '10', '0', '2', '2014-01-02 17:07:00', '2014-01-02 17:07:00', 'dd184450-7ac3-4dd6-b808-fee4781d98e9');
INSERT INTO `craft_fieldlayoutfields` (`id`, `layoutId`, `tabId`, `fieldId`, `required`, `sortOrder`, `dateCreated`, `dateUpdated`, `uid`) VALUES ('36', '20', '6', '7', '0', '3', '2014-01-02 17:07:00', '2014-01-02 17:07:00', 'f8f60cf3-de7f-4c8a-8172-520617af729c');
INSERT INTO `craft_fieldlayoutfields` (`id`, `layoutId`, `tabId`, `fieldId`, `required`, `sortOrder`, `dateCreated`, `dateUpdated`, `uid`) VALUES ('37', '20', '6', '8', '0', '4', '2014-01-02 17:07:00', '2014-01-02 17:07:00', '62970640-7a13-4bae-a558-96c41ad7157c');
INSERT INTO `craft_fieldlayoutfields` (`id`, `layoutId`, `tabId`, `fieldId`, `required`, `sortOrder`, `dateCreated`, `dateUpdated`, `uid`) VALUES ('38', '20', '6', '9', '0', '5', '2014-01-02 17:07:00', '2014-01-02 17:07:00', '1d7d6aad-cec9-403a-a121-0036fc14f5d7');
INSERT INTO `craft_fieldlayoutfields` (`id`, `layoutId`, `tabId`, `fieldId`, `required`, `sortOrder`, `dateCreated`, `dateUpdated`, `uid`) VALUES ('39', '20', '6', '2', '0', '6', '2014-01-02 17:07:00', '2014-01-02 17:07:00', 'b7156206-c3f7-45b7-b0a2-7eff02824462');
INSERT INTO `craft_fieldlayoutfields` (`id`, `layoutId`, `tabId`, `fieldId`, `required`, `sortOrder`, `dateCreated`, `dateUpdated`, `uid`) VALUES ('40', '20', '6', '11', '0', '7', '2014-01-02 17:07:00', '2014-01-02 17:07:00', '95e51cb5-b184-46a9-bccc-05ca7d73b046');
INSERT INTO `craft_fieldlayoutfields` (`id`, `layoutId`, `tabId`, `fieldId`, `required`, `sortOrder`, `dateCreated`, `dateUpdated`, `uid`) VALUES ('42', '22', '8', '11', '0', '1', '2014-01-02 17:46:06', '2014-01-02 17:46:06', 'bbc6f5df-2e3f-4dce-89ae-a1c140344d24');
INSERT INTO `craft_fieldlayoutfields` (`id`, `layoutId`, `tabId`, `fieldId`, `required`, `sortOrder`, `dateCreated`, `dateUpdated`, `uid`) VALUES ('56', '27', '13', '1', '0', '1', '2014-01-02 18:12:27', '2014-01-02 18:12:27', '6e6dff4e-ccb5-4520-abc8-f32232eeb897');
INSERT INTO `craft_fieldlayoutfields` (`id`, `layoutId`, `tabId`, `fieldId`, `required`, `sortOrder`, `dateCreated`, `dateUpdated`, `uid`) VALUES ('57', '27', '13', '10', '0', '2', '2014-01-02 18:12:27', '2014-01-02 18:12:27', '06b31377-6409-4841-a0a1-2ea9bce6de7f');
INSERT INTO `craft_fieldlayoutfields` (`id`, `layoutId`, `tabId`, `fieldId`, `required`, `sortOrder`, `dateCreated`, `dateUpdated`, `uid`) VALUES ('60', '30', '15', '10', '0', '1', '2014-01-02 18:23:06', '2014-01-02 18:23:06', 'b04ca5ef-fccc-4984-91b3-bd06db87e821');
INSERT INTO `craft_fieldlayoutfields` (`id`, `layoutId`, `tabId`, `fieldId`, `required`, `sortOrder`, `dateCreated`, `dateUpdated`, `uid`) VALUES ('68', '34', '18', '32', '0', '1', '2014-01-02 18:59:24', '2014-01-02 18:59:24', '3e859474-d3f0-4ff1-b486-b65ec66d896a');
INSERT INTO `craft_fieldlayoutfields` (`id`, `layoutId`, `tabId`, `fieldId`, `required`, `sortOrder`, `dateCreated`, `dateUpdated`, `uid`) VALUES ('69', '34', '18', '31', '0', '2', '2014-01-02 18:59:24', '2014-01-02 18:59:24', 'a382adc2-c5dc-4321-9bf2-2441ff10dde9');
INSERT INTO `craft_fieldlayoutfields` (`id`, `layoutId`, `tabId`, `fieldId`, `required`, `sortOrder`, `dateCreated`, `dateUpdated`, `uid`) VALUES ('70', '34', '18', '13', '0', '3', '2014-01-02 18:59:24', '2014-01-02 18:59:24', '031d1685-0bc4-49ce-935d-27c2bf85657d');
INSERT INTO `craft_fieldlayoutfields` (`id`, `layoutId`, `tabId`, `fieldId`, `required`, `sortOrder`, `dateCreated`, `dateUpdated`, `uid`) VALUES ('71', '34', '18', '14', '0', '4', '2014-01-02 18:59:24', '2014-01-02 18:59:24', '2ed64c18-54b0-4dd8-9d36-b68bfbaaa0dc');
INSERT INTO `craft_fieldlayoutfields` (`id`, `layoutId`, `tabId`, `fieldId`, `required`, `sortOrder`, `dateCreated`, `dateUpdated`, `uid`) VALUES ('73', '35', '19', '33', '0', '2', '2014-01-03 11:27:36', '2014-01-03 11:27:36', '6badbe41-509c-4419-919a-fa600774f03e');
INSERT INTO `craft_fieldlayoutfields` (`id`, `layoutId`, `tabId`, `fieldId`, `required`, `sortOrder`, `dateCreated`, `dateUpdated`, `uid`) VALUES ('87', '44', '23', '35', '0', '2', '2014-01-03 12:38:56', '2014-01-03 12:38:56', '708925a9-9c9d-424d-9a57-c47fb0be329c');
INSERT INTO `craft_fieldlayoutfields` (`id`, `layoutId`, `tabId`, `fieldId`, `required`, `sortOrder`, `dateCreated`, `dateUpdated`, `uid`) VALUES ('89', '45', '24', '35', '0', '2', '2014-01-03 12:39:19', '2014-01-03 12:39:19', '8d14d9d8-3f85-4d21-bf65-11714416c878');
INSERT INTO `craft_fieldlayoutfields` (`id`, `layoutId`, `tabId`, `fieldId`, `required`, `sortOrder`, `dateCreated`, `dateUpdated`, `uid`) VALUES ('98', '56', '29', '35', '0', '2', '2014-01-03 14:39:30', '2014-01-03 14:39:30', 'f82bcaf2-325f-486b-a56c-1aec093b7355');
INSERT INTO `craft_fieldlayoutfields` (`id`, `layoutId`, `tabId`, `fieldId`, `required`, `sortOrder`, `dateCreated`, `dateUpdated`, `uid`) VALUES ('101', '60', '32', '10', '0', '1', '2014-01-03 19:25:54', '2014-01-03 19:25:54', '0f738cba-4627-438c-95e7-5beda96d88c5');
INSERT INTO `craft_fieldlayoutfields` (`id`, `layoutId`, `tabId`, `fieldId`, `required`, `sortOrder`, `dateCreated`, `dateUpdated`, `uid`) VALUES ('117', '68', '38', '39', '0', '1', '2014-01-03 20:09:45', '2014-01-03 20:09:45', '60cc3def-830c-49da-8ac7-e222d9f5dc86');
INSERT INTO `craft_fieldlayoutfields` (`id`, `layoutId`, `tabId`, `fieldId`, `required`, `sortOrder`, `dateCreated`, `dateUpdated`, `uid`) VALUES ('118', '68', '38', '40', '0', '2', '2014-01-03 20:09:45', '2014-01-03 20:09:45', '2b4672bd-b09a-4c2c-9339-9241f8903483');
INSERT INTO `craft_fieldlayoutfields` (`id`, `layoutId`, `tabId`, `fieldId`, `required`, `sortOrder`, `dateCreated`, `dateUpdated`, `uid`) VALUES ('119', '68', '38', '35', '0', '3', '2014-01-03 20:09:45', '2014-01-03 20:09:45', '73b952bc-7d17-4f89-a4ba-16d75434663d');
INSERT INTO `craft_fieldlayoutfields` (`id`, `layoutId`, `tabId`, `fieldId`, `required`, `sortOrder`, `dateCreated`, `dateUpdated`, `uid`) VALUES ('120', '68', '38', '37', '0', '4', '2014-01-03 20:09:45', '2014-01-03 20:09:45', '352a7410-d681-44d2-8685-f78da797fde2');



--
-- Schema for table `craft_fieldlayouts`
--

DROP TABLE IF EXISTS `craft_fieldlayouts`;

CREATE TABLE `craft_fieldlayouts` (
  `id` int(11) NOT NULL AUTO_INCREMENT,
  `type` char(150) COLLATE utf8_unicode_ci NOT NULL,
  `dateCreated` datetime NOT NULL,
  `dateUpdated` datetime NOT NULL,
  `uid` char(36) COLLATE utf8_unicode_ci NOT NULL DEFAULT '0',
  PRIMARY KEY (`id`),
  KEY `craft_fieldlayouts_type_idx` (`type`)
) ENGINE=InnoDB AUTO_INCREMENT=69 DEFAULT CHARSET=utf8 COLLATE=utf8_unicode_ci;

--
-- Data for table `craft_fieldlayouts`
--

INSERT INTO `craft_fieldlayouts` (`id`, `type`, `dateCreated`, `dateUpdated`, `uid`) VALUES ('1', 'Tag', '2013-12-18 18:11:03', '2013-12-18 18:11:03', '6a33cfa7-b68f-4105-a053-546ad6050c7d');
INSERT INTO `craft_fieldlayouts` (`id`, `type`, `dateCreated`, `dateUpdated`, `uid`) VALUES ('5', 'Entry', '2013-12-18 18:11:04', '2013-12-18 18:11:04', '8ea7133d-924b-4ce4-9232-d2bddbf2b982');
INSERT INTO `craft_fieldlayouts` (`id`, `type`, `dateCreated`, `dateUpdated`, `uid`) VALUES ('11', 'Entry', '2013-12-20 17:02:40', '2013-12-20 17:02:40', '7a3f1106-3604-4334-83ed-b980af3d1e10');
INSERT INTO `craft_fieldlayouts` (`id`, `type`, `dateCreated`, `dateUpdated`, `uid`) VALUES ('14', 'Entry', '2013-12-30 13:05:33', '2013-12-30 13:05:33', '2aadaa32-2a24-4fb0-be3e-ee3a1da1dd35');
INSERT INTO `craft_fieldlayouts` (`id`, `type`, `dateCreated`, `dateUpdated`, `uid`) VALUES ('19', 'Asset', '2013-12-30 13:25:44', '2013-12-30 13:25:44', '716eff05-47e6-47a8-91ef-ea471931095f');
INSERT INTO `craft_fieldlayouts` (`id`, `type`, `dateCreated`, `dateUpdated`, `uid`) VALUES ('20', 'Entry', '2014-01-02 17:07:00', '2014-01-02 17:07:00', '5d9a8861-fcfa-446e-8d61-4431b6cb9975');
INSERT INTO `craft_fieldlayouts` (`id`, `type`, `dateCreated`, `dateUpdated`, `uid`) VALUES ('22', 'Entry', '2014-01-02 17:46:06', '2014-01-02 17:46:06', '75a51948-89f8-4ffd-8029-0ccd18cec55d');
INSERT INTO `craft_fieldlayouts` (`id`, `type`, `dateCreated`, `dateUpdated`, `uid`) VALUES ('27', 'Entry', '2014-01-02 18:12:27', '2014-01-02 18:12:27', 'cb29ffb6-1b57-491f-b8b2-a3b9effd02f0');
INSERT INTO `craft_fieldlayouts` (`id`, `type`, `dateCreated`, `dateUpdated`, `uid`) VALUES ('30', 'Entry', '2014-01-02 18:23:06', '2014-01-02 18:23:06', '006ff768-d5e9-4d86-90ae-258978011900');
INSERT INTO `craft_fieldlayouts` (`id`, `type`, `dateCreated`, `dateUpdated`, `uid`) VALUES ('34', 'Entry', '2014-01-02 18:59:24', '2014-01-02 18:59:24', 'e62e21e3-a76a-4742-8b96-e8b275f5d8f7');
INSERT INTO `craft_fieldlayouts` (`id`, `type`, `dateCreated`, `dateUpdated`, `uid`) VALUES ('35', 'Entry', '2014-01-03 11:27:36', '2014-01-03 11:27:36', '5b123686-cac6-443e-b65f-76a23939d3af');
INSERT INTO `craft_fieldlayouts` (`id`, `type`, `dateCreated`, `dateUpdated`, `uid`) VALUES ('39', 'Entry', '2014-01-03 12:27:49', '2014-01-03 12:27:49', '850ffe6f-c232-4ea9-af99-9157edd17eba');
INSERT INTO `craft_fieldlayouts` (`id`, `type`, `dateCreated`, `dateUpdated`, `uid`) VALUES ('42', 'Entry', '2014-01-03 12:37:34', '2014-01-03 12:37:34', 'b78ad433-d68a-4a0d-8486-001efbfe3561');
INSERT INTO `craft_fieldlayouts` (`id`, `type`, `dateCreated`, `dateUpdated`, `uid`) VALUES ('44', 'Entry', '2014-01-03 12:38:56', '2014-01-03 12:38:56', '36443918-4b1b-4796-b501-2f167e32e78d');
INSERT INTO `craft_fieldlayouts` (`id`, `type`, `dateCreated`, `dateUpdated`, `uid`) VALUES ('45', 'Entry', '2014-01-03 12:39:19', '2014-01-03 12:39:19', 'c56d397d-7ba7-4fdb-a207-63d62770f3c9');
INSERT INTO `craft_fieldlayouts` (`id`, `type`, `dateCreated`, `dateUpdated`, `uid`) VALUES ('46', 'Entry', '2014-01-03 14:32:24', '2014-01-03 14:32:24', '0c7ca6ad-08f7-4acf-8780-71b53f5d74ad');
INSERT INTO `craft_fieldlayouts` (`id`, `type`, `dateCreated`, `dateUpdated`, `uid`) VALUES ('47', 'Entry', '2014-01-03 14:32:57', '2014-01-03 14:32:57', 'a0d6f5de-0fcb-4923-b989-296944ed2250');
INSERT INTO `craft_fieldlayouts` (`id`, `type`, `dateCreated`, `dateUpdated`, `uid`) VALUES ('53', 'Entry', '2014-01-03 14:36:56', '2014-01-03 14:36:56', 'eb00ed9b-7a30-461a-b9b0-1bfa118b7595');
INSERT INTO `craft_fieldlayouts` (`id`, `type`, `dateCreated`, `dateUpdated`, `uid`) VALUES ('55', 'Entry', '2014-01-03 14:38:59', '2014-01-03 14:38:59', 'dcaf9173-9353-4df1-88a9-e9d868a71f92');
INSERT INTO `craft_fieldlayouts` (`id`, `type`, `dateCreated`, `dateUpdated`, `uid`) VALUES ('56', 'Entry', '2014-01-03 14:39:30', '2014-01-03 14:39:30', '4466d54f-e7ad-4919-8b43-9d092bada4dd');
INSERT INTO `craft_fieldlayouts` (`id`, `type`, `dateCreated`, `dateUpdated`, `uid`) VALUES ('58', 'Entry', '2014-01-03 19:22:11', '2014-01-03 19:22:11', '5e5cce05-cbc4-4970-be72-a7bd48a4e117');
INSERT INTO `craft_fieldlayouts` (`id`, `type`, `dateCreated`, `dateUpdated`, `uid`) VALUES ('60', 'Entry', '2014-01-03 19:25:54', '2014-01-03 19:25:54', 'ac90a832-b5e6-4d39-9802-d2d6bd1bed2f');
INSERT INTO `craft_fieldlayouts` (`id`, `type`, `dateCreated`, `dateUpdated`, `uid`) VALUES ('68', 'Entry', '2014-01-03 20:09:45', '2014-01-03 20:09:45', '989a8a34-069f-4d80-9a45-40e04dbb937c');



--
-- Schema for table `craft_fieldlayouttabs`
--

DROP TABLE IF EXISTS `craft_fieldlayouttabs`;

CREATE TABLE `craft_fieldlayouttabs` (
  `id` int(11) NOT NULL AUTO_INCREMENT,
  `layoutId` int(11) NOT NULL,
  `name` varchar(255) COLLATE utf8_unicode_ci NOT NULL,
  `sortOrder` tinyint(4) DEFAULT NULL,
  `dateCreated` datetime NOT NULL,
  `dateUpdated` datetime NOT NULL,
  `uid` char(36) COLLATE utf8_unicode_ci NOT NULL DEFAULT '0',
  PRIMARY KEY (`id`),
  KEY `craft_fieldlayouttabs_sortOrder_idx` (`sortOrder`),
  KEY `craft_fieldlayouttabs_layoutId_fk` (`layoutId`)
) ENGINE=InnoDB AUTO_INCREMENT=39 DEFAULT CHARSET=utf8 COLLATE=utf8_unicode_ci;

--
-- Data for table `craft_fieldlayouttabs`
--

INSERT INTO `craft_fieldlayouttabs` (`id`, `layoutId`, `name`, `sortOrder`, `dateCreated`, `dateUpdated`, `uid`) VALUES ('2', '5', 'Content', '1', '2013-12-18 18:11:04', '2013-12-18 18:11:04', 'f9b199b9-1cb9-4439-82c4-55a9bbc44f4d');
INSERT INTO `craft_fieldlayouttabs` (`id`, `layoutId`, `name`, `sortOrder`, `dateCreated`, `dateUpdated`, `uid`) VALUES ('4', '14', 'About', '1', '2013-12-30 13:05:33', '2013-12-30 13:05:33', '7ecac9d0-af61-469c-8421-832c4d7ce83b');
INSERT INTO `craft_fieldlayouttabs` (`id`, `layoutId`, `name`, `sortOrder`, `dateCreated`, `dateUpdated`, `uid`) VALUES ('6', '20', 'Content', '1', '2014-01-02 17:07:00', '2014-01-02 17:07:00', '54694d2a-7bbf-417f-a57a-89908d63f2c6');
INSERT INTO `craft_fieldlayouttabs` (`id`, `layoutId`, `name`, `sortOrder`, `dateCreated`, `dateUpdated`, `uid`) VALUES ('8', '22', 'Contact', '1', '2014-01-02 17:46:06', '2014-01-02 17:46:06', '804111ff-f158-4251-9d5d-a6b8c53a60bb');
INSERT INTO `craft_fieldlayouttabs` (`id`, `layoutId`, `name`, `sortOrder`, `dateCreated`, `dateUpdated`, `uid`) VALUES ('13', '27', 'Collection', '1', '2014-01-02 18:12:27', '2014-01-02 18:12:27', '14b0b480-8d71-4eec-b483-f3c2475fd0d2');
INSERT INTO `craft_fieldlayouttabs` (`id`, `layoutId`, `name`, `sortOrder`, `dateCreated`, `dateUpdated`, `uid`) VALUES ('15', '30', 'Default', '1', '2014-01-02 18:23:06', '2014-01-02 18:23:06', 'c1633786-806a-4f86-8c1d-bd84a5c48b1d');
INSERT INTO `craft_fieldlayouttabs` (`id`, `layoutId`, `name`, `sortOrder`, `dateCreated`, `dateUpdated`, `uid`) VALUES ('18', '34', 'Collection', '1', '2014-01-02 18:59:24', '2014-01-02 18:59:24', 'b68f552a-6240-4174-8741-b969b3c5531b');
INSERT INTO `craft_fieldlayouttabs` (`id`, `layoutId`, `name`, `sortOrder`, `dateCreated`, `dateUpdated`, `uid`) VALUES ('19', '35', 'Stockists', '1', '2014-01-03 11:27:36', '2014-01-03 11:27:36', 'd8a1ac84-536f-400d-a875-fe00678d337f');
INSERT INTO `craft_fieldlayouttabs` (`id`, `layoutId`, `name`, `sortOrder`, `dateCreated`, `dateUpdated`, `uid`) VALUES ('22', '39', 'Press', '1', '2014-01-03 12:27:49', '2014-01-03 12:27:49', 'dc57e6b9-fbd0-4746-8205-d1ed1d8e6732');
INSERT INTO `craft_fieldlayouttabs` (`id`, `layoutId`, `name`, `sortOrder`, `dateCreated`, `dateUpdated`, `uid`) VALUES ('23', '44', 'Press', '1', '2014-01-03 12:38:56', '2014-01-03 12:38:56', '685f068e-9c89-4792-87a3-bcd626e60915');
INSERT INTO `craft_fieldlayouttabs` (`id`, `layoutId`, `name`, `sortOrder`, `dateCreated`, `dateUpdated`, `uid`) VALUES ('24', '45', 'Press', '1', '2014-01-03 12:39:19', '2014-01-03 12:39:19', '4387204c-93ed-4a80-b179-ee3289d72013');
INSERT INTO `craft_fieldlayouttabs` (`id`, `layoutId`, `name`, `sortOrder`, `dateCreated`, `dateUpdated`, `uid`) VALUES ('27', '53', 'Press', '1', '2014-01-03 14:36:56', '2014-01-03 14:36:56', 'e14af6df-fff4-4861-8a06-647ba0120968');
INSERT INTO `craft_fieldlayouttabs` (`id`, `layoutId`, `name`, `sortOrder`, `dateCreated`, `dateUpdated`, `uid`) VALUES ('29', '56', 'Press', '1', '2014-01-03 14:39:30', '2014-01-03 14:39:30', '03d88fac-652f-47f2-8d03-50b12dc9fd5e');
INSERT INTO `craft_fieldlayouttabs` (`id`, `layoutId`, `name`, `sortOrder`, `dateCreated`, `dateUpdated`, `uid`) VALUES ('32', '60', 'Default', '1', '2014-01-03 19:25:54', '2014-01-03 19:25:54', '4b8ac76e-a9e8-40b1-a526-db7a78c6d33e');
INSERT INTO `craft_fieldlayouttabs` (`id`, `layoutId`, `name`, `sortOrder`, `dateCreated`, `dateUpdated`, `uid`) VALUES ('38', '68', 'Press', '1', '2014-01-03 20:09:45', '2014-01-03 20:09:45', '34d1e376-8cc7-469c-ad71-ae1d4756dad2');



--
-- Schema for table `craft_fields`
--

DROP TABLE IF EXISTS `craft_fields`;

CREATE TABLE `craft_fields` (
  `id` int(11) NOT NULL AUTO_INCREMENT,
  `groupId` int(11) DEFAULT NULL,
  `name` varchar(255) COLLATE utf8_unicode_ci NOT NULL,
  `handle` varchar(58) COLLATE utf8_unicode_ci NOT NULL,
  `context` varchar(255) COLLATE utf8_unicode_ci NOT NULL DEFAULT 'global',
  `instructions` text COLLATE utf8_unicode_ci,
  `translatable` tinyint(1) unsigned NOT NULL DEFAULT '0',
  `type` char(150) COLLATE utf8_unicode_ci NOT NULL,
  `settings` text COLLATE utf8_unicode_ci,
  `dateCreated` datetime NOT NULL,
  `dateUpdated` datetime NOT NULL,
  `uid` char(36) COLLATE utf8_unicode_ci NOT NULL DEFAULT '0',
  PRIMARY KEY (`id`),
  UNIQUE KEY `craft_fields_handle_context_unq_idx` (`handle`,`context`),
  KEY `craft_fields_groupId_fk` (`groupId`)
) ENGINE=InnoDB AUTO_INCREMENT=41 DEFAULT CHARSET=utf8 COLLATE=utf8_unicode_ci;

--
-- Data for table `craft_fields`
--

INSERT INTO `craft_fields` (`id`, `groupId`, `name`, `handle`, `context`, `instructions`, `translatable`, `type`, `settings`, `dateCreated`, `dateUpdated`, `uid`) VALUES ('1', '1', 'Heading', 'heading', 'global', NULL, '1', 'PlainText', NULL, '2013-12-18 18:11:03', '2013-12-18 18:11:03', 'dd11bc7b-5535-4719-87fd-5c17f79c650c');
INSERT INTO `craft_fields` (`id`, `groupId`, `name`, `handle`, `context`, `instructions`, `translatable`, `type`, `settings`, `dateCreated`, `dateUpdated`, `uid`) VALUES ('2', '1', 'Body', 'body', 'global', NULL, '1', 'RichText', '{\"configFile\":\"Standard.json\"}', '2013-12-18 18:11:03', '2013-12-18 18:11:03', '55a5043d-4a9e-4d46-a5ab-cc96af489d07');
INSERT INTO `craft_fields` (`id`, `groupId`, `name`, `handle`, `context`, `instructions`, `translatable`, `type`, `settings`, `dateCreated`, `dateUpdated`, `uid`) VALUES ('3', '1', 'Tags', 'tags', 'global', NULL, '0', 'Tags', '{\"source\":\"tagset:1\"}', '2013-12-18 18:11:04', '2013-12-18 18:11:04', '8af19488-b9a3-40ba-ba7f-9c6a4f4a8d95');
INSERT INTO `craft_fields` (`id`, `groupId`, `name`, `handle`, `context`, `instructions`, `translatable`, `type`, `settings`, `dateCreated`, `dateUpdated`, `uid`) VALUES ('4', '2', 'Slider Images', 'sliderImages', 'global', 'Home page images', '0', 'Assets', '{\"sources\":[\"folder:2\"],\"limit\":\"4\"}', '2013-12-20 17:05:40', '2013-12-30 13:17:26', 'aa846b15-3f00-498c-8492-3f6ff61a5801');
INSERT INTO `craft_fields` (`id`, `groupId`, `name`, `handle`, `context`, `instructions`, `translatable`, `type`, `settings`, `dateCreated`, `dateUpdated`, `uid`) VALUES ('5', '2', 'Slider Caption', 'sliderCaption', 'global', 'A quote or slider info', '0', 'RichText', '{\"configFile\":\"\",\"cleanupHtml\":\"1\"}', '2013-12-20 17:06:27', '2013-12-30 13:27:47', '4ae6ca09-3218-400f-9ee5-334e6821afd9');
INSERT INTO `craft_fields` (`id`, `groupId`, `name`, `handle`, `context`, `instructions`, `translatable`, `type`, `settings`, `dateCreated`, `dateUpdated`, `uid`) VALUES ('6', '2', 'Slider Link', 'sliderLink', 'global', 'Link your slider to a collection', '0', 'PlainText', '{\"placeholder\":\"\",\"maxLength\":\"\",\"multiline\":\"\",\"initialRows\":\"4\"}', '2013-12-20 17:06:56', '2013-12-20 17:06:56', '1e07849b-6561-4554-aced-bde5566965fc');
INSERT INTO `craft_fields` (`id`, `groupId`, `name`, `handle`, `context`, `instructions`, `translatable`, `type`, `settings`, `dateCreated`, `dateUpdated`, `uid`) VALUES ('7', '3', 'Image One', 'imageOne', 'global', 'Largest in body image', '0', 'Assets', '{\"sources\":[\"folder:4\"],\"limit\":\"1\"}', '2013-12-20 17:08:31', '2013-12-20 19:14:50', 'd8be2b7f-dd79-49d9-879d-4814921144be');
INSERT INTO `craft_fields` (`id`, `groupId`, `name`, `handle`, `context`, `instructions`, `translatable`, `type`, `settings`, `dateCreated`, `dateUpdated`, `uid`) VALUES ('8', '3', 'Image Two', 'imageTwo', 'global', 'Second image for about page', '0', 'Assets', '{\"sources\":[\"folder:4\"],\"limit\":\"\"}', '2013-12-20 17:09:09', '2013-12-20 19:15:11', '1168eb84-e5b0-4a7e-88ba-9a5947102ce2');
INSERT INTO `craft_fields` (`id`, `groupId`, `name`, `handle`, `context`, `instructions`, `translatable`, `type`, `settings`, `dateCreated`, `dateUpdated`, `uid`) VALUES ('9', '3', 'Image Three', 'imageThree', 'global', 'Smallest image for about section', '0', 'Assets', '{\"sources\":[\"folder:4\"],\"limit\":\"1\"}', '2013-12-20 17:09:46', '2013-12-20 19:15:37', '7910fbd9-9b98-44d5-aa1d-4861bda4719b');
INSERT INTO `craft_fields` (`id`, `groupId`, `name`, `handle`, `context`, `instructions`, `translatable`, `type`, `settings`, `dateCreated`, `dateUpdated`, `uid`) VALUES ('10', '1', 'Page Intro', 'pageIntro', 'global', 'Your Intro text for pages', '0', 'RichText', '{\"configFile\":\"\",\"cleanupHtml\":\"1\"}', '2013-12-20 17:10:28', '2013-12-30 13:07:12', '1f55d7ad-376e-40d7-9b6d-6d508279fac4');
INSERT INTO `craft_fields` (`id`, `groupId`, `name`, `handle`, `context`, `instructions`, `translatable`, `type`, `settings`, `dateCreated`, `dateUpdated`, `uid`) VALUES ('11', '4', 'Contact Info', 'contactInfo', 'global', 'Your email address and phone number', '0', 'Table', '{\"columns\":{\"col1\":{\"heading\":\"Email\",\"handle\":\"email\",\"width\":\"\",\"type\":\"singleline\"},\"col2\":{\"heading\":\"Phone\",\"handle\":\"phone\",\"width\":\"\",\"type\":\"singleline\"}},\"defaults\":{\"row1\":{\"col1\":\"hello@blaithinennis.com\",\"col2\":\"087 767 6026\"}}}', '2013-12-20 17:11:37', '2013-12-20 17:13:41', 'd5c401e6-c4db-48d4-a51d-30bd6928b814');
INSERT INTO `craft_fields` (`id`, `groupId`, `name`, `handle`, `context`, `instructions`, `translatable`, `type`, `settings`, `dateCreated`, `dateUpdated`, `uid`) VALUES ('13', '5', 'Collection Feature Image', 'featureImage', 'global', 'The first image of your collection', '0', 'Assets', '{\"sources\":[\"folder:1\"],\"limit\":\"1\"}', '2013-12-20 17:16:21', '2013-12-20 19:15:59', '82756c6f-48ed-4dbc-af3c-5fb0d169b5a6');
INSERT INTO `craft_fields` (`id`, `groupId`, `name`, `handle`, `context`, `instructions`, `translatable`, `type`, `settings`, `dateCreated`, `dateUpdated`, `uid`) VALUES ('14', '5', 'Collection Images', 'collectionImages', 'global', 'More photos of a collection', '0', 'Assets', '{\"sources\":[\"folder:1\"],\"limit\":\"5\"}', '2013-12-20 17:16:49', '2013-12-20 19:16:09', '5f46f50e-8a6f-4527-912c-55b7ec2f1e6b');
INSERT INTO `craft_fields` (`id`, `groupId`, `name`, `handle`, `context`, `instructions`, `translatable`, `type`, `settings`, `dateCreated`, `dateUpdated`, `uid`) VALUES ('24', '8', 'Product Thumbnail', 'productThumbnail', 'global', 'Feature product image', '0', 'Assets', '{\"limit\":\"\"}', '2013-12-20 17:38:20', '2013-12-20 17:38:20', 'aec8b9bd-5a8b-4206-9e76-0213c94e2dea');
INSERT INTO `craft_fields` (`id`, `groupId`, `name`, `handle`, `context`, `instructions`, `translatable`, `type`, `settings`, `dateCreated`, `dateUpdated`, `uid`) VALUES ('25', '8', 'Collection Name', 'collectionName', 'global', '', '0', 'PlainText', '{\"placeholder\":\"\",\"maxLength\":\"\",\"multiline\":\"\",\"initialRows\":\"4\"}', '2013-12-20 17:38:36', '2013-12-20 17:38:36', '5a58dfb6-25f2-4ced-843d-65e311772b1f');
INSERT INTO `craft_fields` (`id`, `groupId`, `name`, `handle`, `context`, `instructions`, `translatable`, `type`, `settings`, `dateCreated`, `dateUpdated`, `uid`) VALUES ('26', '8', 'Product Name', 'productName', 'global', '', '0', 'PlainText', '{\"placeholder\":\"\",\"maxLength\":\"\",\"multiline\":\"\",\"initialRows\":\"4\"}', '2013-12-20 17:40:38', '2013-12-20 17:40:38', 'd52dfb95-49b6-406d-8fcd-1df341a88b42');
INSERT INTO `craft_fields` (`id`, `groupId`, `name`, `handle`, `context`, `instructions`, `translatable`, `type`, `settings`, `dateCreated`, `dateUpdated`, `uid`) VALUES ('27', '8', 'Price', 'price', 'global', '', '0', 'PlainText', '{\"placeholder\":\"\",\"maxLength\":\"\",\"multiline\":\"\",\"initialRows\":\"4\"}', '2013-12-20 17:40:49', '2013-12-20 17:40:49', '153121da-d317-4246-b7d6-2b1668e2d24a');
INSERT INTO `craft_fields` (`id`, `groupId`, `name`, `handle`, `context`, `instructions`, `translatable`, `type`, `settings`, `dateCreated`, `dateUpdated`, `uid`) VALUES ('28', '8', 'Product Info', 'productInfo', 'global', '', '0', 'PlainText', '{\"placeholder\":\"\",\"maxLength\":\"\",\"multiline\":\"\",\"initialRows\":\"4\"}', '2013-12-20 17:41:43', '2013-12-20 17:41:43', 'b0a0b6a0-d36a-442f-99aa-b04b8af24228');
INSERT INTO `craft_fields` (`id`, `groupId`, `name`, `handle`, `context`, `instructions`, `translatable`, `type`, `settings`, `dateCreated`, `dateUpdated`, `uid`) VALUES ('29', '8', 'Product Image', 'productImage', 'global', '', '0', 'Assets', '{\"limit\":\"\"}', '2013-12-20 17:42:14', '2013-12-20 17:42:14', 'fbbee118-a2a7-4cbc-8572-3ec78cca96d8');
INSERT INTO `craft_fields` (`id`, `groupId`, `name`, `handle`, `context`, `instructions`, `translatable`, `type`, `settings`, `dateCreated`, `dateUpdated`, `uid`) VALUES ('31', '5', 'Collection Info', 'collectionInfo', 'global', '', '0', 'RichText', '{\"configFile\":\"Simple.json\",\"cleanupHtml\":\"1\"}', '2014-01-02 18:38:49', '2014-01-02 18:38:49', '3b91e647-1d93-43fb-826e-86eb0c4bc08c');
INSERT INTO `craft_fields` (`id`, `groupId`, `name`, `handle`, `context`, `instructions`, `translatable`, `type`, `settings`, `dateCreated`, `dateUpdated`, `uid`) VALUES ('32', '5', 'Collection ID', 'collectionId', 'global', 'Collection name lowercase no spaces', '0', 'PlainText', '{\"placeholder\":\"\",\"maxLength\":\"\",\"multiline\":\"\",\"initialRows\":\"4\"}', '2014-01-02 18:58:34', '2014-01-02 18:58:34', '09e53a8f-abf0-4524-96e0-4b5429056260');
INSERT INTO `craft_fields` (`id`, `groupId`, `name`, `handle`, `context`, `instructions`, `translatable`, `type`, `settings`, `dateCreated`, `dateUpdated`, `uid`) VALUES ('33', '6', 'Shop', 'shop', 'global', '', '0', 'Table', '{\"columns\":{\"col1\":{\"heading\":\"Shop Location\",\"handle\":\"shopLocation\",\"width\":\"100\",\"type\":\"singleline\"}},\"defaults\":{\"row1\":{\"col1\":\"\"}}}', '2014-01-03 11:25:59', '2014-01-03 11:25:59', '5cf57e79-fdea-46ab-909f-1ce1c0c048e1');
INSERT INTO `craft_fields` (`id`, `groupId`, `name`, `handle`, `context`, `instructions`, `translatable`, `type`, `settings`, `dateCreated`, `dateUpdated`, `uid`) VALUES ('35', '7', 'Publication Thumbnail', 'thumb', 'global', '', '0', 'Assets', '{\"sources\":[\"folder:5\"],\"limit\":\"1\"}', '2014-01-03 12:35:53', '2014-01-03 12:35:53', '055c0d00-66db-429e-ba3e-778c673863fc');
INSERT INTO `craft_fields` (`id`, `groupId`, `name`, `handle`, `context`, `instructions`, `translatable`, `type`, `settings`, `dateCreated`, `dateUpdated`, `uid`) VALUES ('37', '7', 'Section', 'section', 'global', '', '0', 'Checkboxes', '{\"options\":[{\"label\":\"Articles\",\"value\":\"articles\",\"default\":\"\"},{\"label\":\"Publications\",\"value\":\"publications\",\"default\":\"\"},{\"label\":\"Celebrities\",\"value\":\"celebrities\",\"default\":\"\"},{\"label\":\"Television\",\"value\":\"television\",\"default\":\"\"},{\"label\":\"Radio\",\"value\":\"radio\",\"default\":\"\"}]}', '2014-01-03 19:35:06', '2014-01-03 19:35:06', 'a2ff9fa1-f589-43b3-ba4d-b99964eb67e7');
INSERT INTO `craft_fields` (`id`, `groupId`, `name`, `handle`, `context`, `instructions`, `translatable`, `type`, `settings`, `dateCreated`, `dateUpdated`, `uid`) VALUES ('38', '7', 'test', 'test', 'global', '', '0', 'PlainText', '{\"placeholder\":\"test\",\"maxLength\":\"\",\"multiline\":\"\",\"initialRows\":\"4\"}', '2014-01-03 20:06:45', '2014-01-03 20:06:45', 'de2fa3a2-ee90-4bf6-87ed-a5e0f2b1b3dd');
INSERT INTO `craft_fields` (`id`, `groupId`, `name`, `handle`, `context`, `instructions`, `translatable`, `type`, `settings`, `dateCreated`, `dateUpdated`, `uid`) VALUES ('39', '7', 'Article Name', 'articleName', 'global', '', '0', 'PlainText', '{\"placeholder\":\"\",\"maxLength\":\"\",\"multiline\":\"\",\"initialRows\":\"4\"}', '2014-01-03 20:08:44', '2014-01-03 20:10:14', '6560052c-dd82-455d-88bb-91d1af4a9868');
INSERT INTO `craft_fields` (`id`, `groupId`, `name`, `handle`, `context`, `instructions`, `translatable`, `type`, `settings`, `dateCreated`, `dateUpdated`, `uid`) VALUES ('40', '7', 'Publication Link', 'publicationLink', 'global', '', '0', 'PlainText', '{\"placeholder\":\"\",\"maxLength\":\"\",\"multiline\":\"\",\"initialRows\":\"4\"}', '2014-01-03 20:09:16', '2014-01-03 20:09:16', '241464c0-7105-4cc6-b22b-10c0dbb1a74b');



--
-- Schema for table `craft_globalsets`
--

DROP TABLE IF EXISTS `craft_globalsets`;

CREATE TABLE `craft_globalsets` (
  `id` int(11) NOT NULL,
  `name` varchar(255) COLLATE utf8_unicode_ci NOT NULL,
  `handle` varchar(255) COLLATE utf8_unicode_ci NOT NULL,
  `fieldLayoutId` int(10) DEFAULT NULL,
  `dateCreated` datetime NOT NULL,
  `dateUpdated` datetime NOT NULL,
  `uid` char(36) COLLATE utf8_unicode_ci NOT NULL DEFAULT '0',
  PRIMARY KEY (`id`),
  UNIQUE KEY `craft_globalsets_name_unq_idx` (`name`),
  UNIQUE KEY `craft_globalsets_handle_unq_idx` (`handle`),
  KEY `craft_globalsets_fieldLayoutId_fk` (`fieldLayoutId`)
) ENGINE=InnoDB DEFAULT CHARSET=utf8 COLLATE=utf8_unicode_ci;

--
-- Schema for table `craft_info`
--

DROP TABLE IF EXISTS `craft_info`;

CREATE TABLE `craft_info` (
  `id` int(11) NOT NULL AUTO_INCREMENT,
  `version` varchar(15) COLLATE utf8_unicode_ci NOT NULL,
  `build` int(11) unsigned NOT NULL,
  `schemaVersion` varchar(15) COLLATE utf8_unicode_ci NOT NULL,
  `packages` varchar(200) COLLATE utf8_unicode_ci DEFAULT NULL,
  `releaseDate` datetime NOT NULL,
  `siteName` varchar(100) COLLATE utf8_unicode_ci NOT NULL,
  `siteUrl` varchar(255) COLLATE utf8_unicode_ci NOT NULL,
  `timezone` varchar(30) COLLATE utf8_unicode_ci DEFAULT NULL,
  `on` tinyint(1) unsigned NOT NULL DEFAULT '0',
  `maintenance` tinyint(1) unsigned NOT NULL DEFAULT '0',
  `track` varchar(40) COLLATE utf8_unicode_ci NOT NULL,
  `dateCreated` datetime NOT NULL,
  `dateUpdated` datetime NOT NULL,
  `uid` char(36) COLLATE utf8_unicode_ci NOT NULL DEFAULT '0',
  PRIMARY KEY (`id`)
) ENGINE=InnoDB AUTO_INCREMENT=2 DEFAULT CHARSET=utf8 COLLATE=utf8_unicode_ci;

--
-- Data for table `craft_info`
--

INSERT INTO `craft_info` (`id`, `version`, `build`, `schemaVersion`, `packages`, `releaseDate`, `siteName`, `siteUrl`, `timezone`, `on`, `maintenance`, `track`, `dateCreated`, `dateUpdated`, `uid`) VALUES ('1', '1.3', '2461', '1.3.13', 'PublishPro', '2013-12-08 23:33:51', 'blobs', 'http://blobs', 'UTC', '1', '1', 'stable', '2013-12-18 18:10:58', '2014-01-04 16:10:45', 'bb54bb57-91a2-425f-bbd9-edee8ec64459');



--
-- Schema for table `craft_locales`
--

DROP TABLE IF EXISTS `craft_locales`;

CREATE TABLE `craft_locales` (
  `locale` char(12) COLLATE utf8_unicode_ci NOT NULL,
  `sortOrder` tinyint(4) DEFAULT NULL,
  `dateCreated` datetime NOT NULL,
  `dateUpdated` datetime NOT NULL,
  `uid` char(36) COLLATE utf8_unicode_ci NOT NULL DEFAULT '0',
  PRIMARY KEY (`locale`)
) ENGINE=InnoDB DEFAULT CHARSET=utf8 COLLATE=utf8_unicode_ci;

--
-- Data for table `craft_locales`
--

INSERT INTO `craft_locales` (`locale`, `sortOrder`, `dateCreated`, `dateUpdated`, `uid`) VALUES ('en_us', '1', '2013-12-18 18:10:59', '2013-12-18 18:10:59', 'a4b792bc-1b00-45ee-bf51-b1428d78d00c');



--
-- Schema for table `craft_matrixblocks`
--

DROP TABLE IF EXISTS `craft_matrixblocks`;

CREATE TABLE `craft_matrixblocks` (
  `id` int(11) NOT NULL,
  `ownerId` int(11) NOT NULL,
  `fieldId` int(11) NOT NULL,
  `typeId` int(11) DEFAULT NULL,
  `sortOrder` tinyint(4) DEFAULT NULL,
  `dateCreated` datetime NOT NULL,
  `dateUpdated` datetime NOT NULL,
  `uid` char(36) COLLATE utf8_unicode_ci NOT NULL DEFAULT '0',
  PRIMARY KEY (`id`),
  KEY `craft_matrixblocks_ownerId_idx` (`ownerId`),
  KEY `craft_matrixblocks_fieldId_idx` (`fieldId`),
  KEY `craft_matrixblocks_typeId_idx` (`typeId`),
  KEY `craft_matrixblocks_sortOrder_idx` (`sortOrder`)
) ENGINE=InnoDB DEFAULT CHARSET=utf8 COLLATE=utf8_unicode_ci;

--
-- Schema for table `craft_matrixblocktypes`
--

DROP TABLE IF EXISTS `craft_matrixblocktypes`;

CREATE TABLE `craft_matrixblocktypes` (
  `id` int(11) NOT NULL AUTO_INCREMENT,
  `fieldId` int(11) NOT NULL,
  `fieldLayoutId` int(11) DEFAULT NULL,
  `name` varchar(255) COLLATE utf8_unicode_ci NOT NULL,
  `handle` varchar(255) COLLATE utf8_unicode_ci NOT NULL,
  `sortOrder` tinyint(4) DEFAULT NULL,
  `dateCreated` datetime NOT NULL,
  `dateUpdated` datetime NOT NULL,
  `uid` char(36) COLLATE utf8_unicode_ci NOT NULL DEFAULT '0',
  PRIMARY KEY (`id`),
  UNIQUE KEY `craft_matrixblocktypes_name_fieldId_unq_idx` (`name`,`fieldId`),
  UNIQUE KEY `craft_matrixblocktypes_handle_fieldId_unq_idx` (`handle`,`fieldId`),
  KEY `craft_matrixblocktypes_fieldId_fk` (`fieldId`),
  KEY `craft_matrixblocktypes_fieldLayoutId_fk` (`fieldLayoutId`)
) ENGINE=InnoDB DEFAULT CHARSET=utf8 COLLATE=utf8_unicode_ci;

--
-- Schema for table `craft_migrations`
--

DROP TABLE IF EXISTS `craft_migrations`;

CREATE TABLE `craft_migrations` (
  `id` int(11) NOT NULL AUTO_INCREMENT,
  `pluginId` int(11) DEFAULT NULL,
  `version` varchar(255) COLLATE utf8_unicode_ci NOT NULL,
  `applyTime` datetime NOT NULL,
  `dateCreated` datetime NOT NULL,
  `dateUpdated` datetime NOT NULL,
  `uid` char(36) COLLATE utf8_unicode_ci NOT NULL DEFAULT '0',
  PRIMARY KEY (`id`),
  UNIQUE KEY `craft_migrations_version_unq_idx` (`version`),
  KEY `craft_migrations_pluginId_fk` (`pluginId`)
) ENGINE=InnoDB AUTO_INCREMENT=21 DEFAULT CHARSET=utf8 COLLATE=utf8_unicode_ci;

--
-- Data for table `craft_migrations`
--

INSERT INTO `craft_migrations` (`id`, `pluginId`, `version`, `applyTime`, `dateCreated`, `dateUpdated`, `uid`) VALUES ('1', NULL, 'm000000_000000_base', '2013-12-18 18:10:59', '2013-12-18 18:10:59', '2013-12-18 18:10:59', '4f9760cd-7f71-4a76-b3bb-330e9d95a61d');
INSERT INTO `craft_migrations` (`id`, `pluginId`, `version`, `applyTime`, `dateCreated`, `dateUpdated`, `uid`) VALUES ('2', NULL, 'm130917_000000_drop_users_enctype', '2013-12-18 18:10:59', '2013-12-18 18:10:59', '2013-12-18 18:10:59', 'e06ff12f-3fd6-454e-8160-ed6ee7be56b7');
INSERT INTO `craft_migrations` (`id`, `pluginId`, `version`, `applyTime`, `dateCreated`, `dateUpdated`, `uid`) VALUES ('3', NULL, 'm130917_000001_big_names_and_handles', '2013-12-18 18:10:59', '2013-12-18 18:10:59', '2013-12-18 18:10:59', '6a64ca1e-f4bf-4985-b973-7549c09a81cf');
INSERT INTO `craft_migrations` (`id`, `pluginId`, `version`, `applyTime`, `dateCreated`, `dateUpdated`, `uid`) VALUES ('4', NULL, 'm130917_000002_entry_types', '2013-12-18 18:10:59', '2013-12-18 18:10:59', '2013-12-18 18:10:59', '22f6f3e6-0e20-468d-b9d5-01050669209d');
INSERT INTO `craft_migrations` (`id`, `pluginId`, `version`, `applyTime`, `dateCreated`, `dateUpdated`, `uid`) VALUES ('5', NULL, 'm130917_000003_section_types', '2013-12-18 18:10:59', '2013-12-18 18:10:59', '2013-12-18 18:10:59', 'e7311b07-fa19-4ce5-858d-60599e707cca');
INSERT INTO `craft_migrations` (`id`, `pluginId`, `version`, `applyTime`, `dateCreated`, `dateUpdated`, `uid`) VALUES ('6', NULL, 'm131105_000000_content_column_field_prefixes', '2013-12-18 18:10:59', '2013-12-18 18:10:59', '2013-12-18 18:10:59', '76a61f84-c53d-4e93-bd14-0bec8574addb');
INSERT INTO `craft_migrations` (`id`, `pluginId`, `version`, `applyTime`, `dateCreated`, `dateUpdated`, `uid`) VALUES ('7', NULL, 'm131105_000002_schema_version', '2013-12-18 18:10:59', '2013-12-18 18:10:59', '2013-12-18 18:10:59', '9eb4a2c2-ce0c-4ab8-b791-535da05d30b5');
INSERT INTO `craft_migrations` (`id`, `pluginId`, `version`, `applyTime`, `dateCreated`, `dateUpdated`, `uid`) VALUES ('8', NULL, 'm131105_000003_field_contexts', '2013-12-18 18:10:59', '2013-12-18 18:10:59', '2013-12-18 18:10:59', 'a04721f2-8320-4b9d-aa04-e63313815dec');
INSERT INTO `craft_migrations` (`id`, `pluginId`, `version`, `applyTime`, `dateCreated`, `dateUpdated`, `uid`) VALUES ('9', NULL, 'm131105_000004_matrix', '2013-12-18 18:10:59', '2013-12-18 18:10:59', '2013-12-18 18:10:59', '98e557b8-affb-4751-83f4-13e137200828');
INSERT INTO `craft_migrations` (`id`, `pluginId`, `version`, `applyTime`, `dateCreated`, `dateUpdated`, `uid`) VALUES ('10', NULL, 'm131105_000004_matrix_blocks', '2013-12-18 18:10:59', '2013-12-18 18:10:59', '2013-12-18 18:10:59', 'f7adc334-87de-46de-87b8-5ba986643a51');
INSERT INTO `craft_migrations` (`id`, `pluginId`, `version`, `applyTime`, `dateCreated`, `dateUpdated`, `uid`) VALUES ('11', NULL, 'm131105_000005_correct_tag_field_layouts', '2013-12-18 18:10:59', '2013-12-18 18:10:59', '2013-12-18 18:10:59', '20c4bc51-b9cf-4511-8b76-c6120f4be34c');
INSERT INTO `craft_migrations` (`id`, `pluginId`, `version`, `applyTime`, `dateCreated`, `dateUpdated`, `uid`) VALUES ('12', NULL, 'm131105_000006_remove_gethelp_widget_for_non_admins', '2013-12-18 18:10:59', '2013-12-18 18:10:59', '2013-12-18 18:10:59', '50ab9ed3-fdbb-4355-8aef-3fbd54c205f6');
INSERT INTO `craft_migrations` (`id`, `pluginId`, `version`, `applyTime`, `dateCreated`, `dateUpdated`, `uid`) VALUES ('13', NULL, 'm131105_000007_new_relation_column_names', '2013-12-18 18:10:59', '2013-12-18 18:10:59', '2013-12-18 18:10:59', '1aee2875-3c12-49cd-9558-4ee7f77fced1');
INSERT INTO `craft_migrations` (`id`, `pluginId`, `version`, `applyTime`, `dateCreated`, `dateUpdated`, `uid`) VALUES ('14', NULL, 'm131105_000008_add_values_for_unknown_asset_kinds', '2013-12-18 18:10:59', '2013-12-18 18:10:59', '2013-12-18 18:10:59', '3d240faf-19d0-4eea-ad22-3706141c6695');
INSERT INTO `craft_migrations` (`id`, `pluginId`, `version`, `applyTime`, `dateCreated`, `dateUpdated`, `uid`) VALUES ('15', NULL, 'm131108_000000_add_missing_content_and_i18n_rows', '2013-12-18 18:10:59', '2013-12-18 18:10:59', '2013-12-18 18:10:59', 'a38bf9a9-cd6f-4b3e-a7a1-4782c6dff8d3');
INSERT INTO `craft_migrations` (`id`, `pluginId`, `version`, `applyTime`, `dateCreated`, `dateUpdated`, `uid`) VALUES ('16', NULL, 'm131108_000000_drop_sized_icons', '2013-12-18 18:10:59', '2013-12-18 18:10:59', '2013-12-18 18:10:59', '0d740478-f07c-4862-80ca-d7d616c32dd9');
INSERT INTO `craft_migrations` (`id`, `pluginId`, `version`, `applyTime`, `dateCreated`, `dateUpdated`, `uid`) VALUES ('17', NULL, 'm131108_000000_undo_nested_matrix', '2013-12-18 18:10:59', '2013-12-18 18:10:59', '2013-12-18 18:10:59', '75acfc99-d7d0-4d7b-b7f4-54cb8cac73ae');
INSERT INTO `craft_migrations` (`id`, `pluginId`, `version`, `applyTime`, `dateCreated`, `dateUpdated`, `uid`) VALUES ('18', NULL, 'm131122_000000_add_missing_content_and_i18n_rows', '2013-12-18 18:10:59', '2013-12-18 18:10:59', '2013-12-18 18:10:59', 'cfd36b5f-a33c-4b5d-bb1b-545f95fbc6bc');
INSERT INTO `craft_migrations` (`id`, `pluginId`, `version`, `applyTime`, `dateCreated`, `dateUpdated`, `uid`) VALUES ('19', NULL, 'm131206_000000_add_migrations_to_db', '2013-12-18 18:10:59', '2013-12-18 18:10:59', '2013-12-18 18:10:59', '73977d2a-98ba-4ce6-8bc9-42f69be2b61d');
INSERT INTO `craft_migrations` (`id`, `pluginId`, `version`, `applyTime`, `dateCreated`, `dateUpdated`, `uid`) VALUES ('20', NULL, 'm131209_000000_remove_recent_transform_indexes', '2013-12-18 18:10:59', '2013-12-18 18:10:59', '2013-12-18 18:10:59', '8804874d-a784-4bfa-9816-994ac871de01');



--
-- Schema for table `craft_plugins`
--

DROP TABLE IF EXISTS `craft_plugins`;

CREATE TABLE `craft_plugins` (
  `id` int(11) NOT NULL AUTO_INCREMENT,
  `class` char(150) COLLATE utf8_unicode_ci NOT NULL,
  `version` char(15) COLLATE utf8_unicode_ci NOT NULL,
  `enabled` tinyint(1) unsigned NOT NULL DEFAULT '0',
  `settings` text COLLATE utf8_unicode_ci,
  `installDate` datetime NOT NULL,
  `dateCreated` datetime NOT NULL,
  `dateUpdated` datetime NOT NULL,
  `uid` char(36) COLLATE utf8_unicode_ci NOT NULL DEFAULT '0',
  PRIMARY KEY (`id`)
) ENGINE=InnoDB DEFAULT CHARSET=utf8 COLLATE=utf8_unicode_ci;

--
-- Schema for table `craft_rackspaceaccess`
--

DROP TABLE IF EXISTS `craft_rackspaceaccess`;

CREATE TABLE `craft_rackspaceaccess` (
  `id` int(11) NOT NULL AUTO_INCREMENT,
  `connectionKey` varchar(255) COLLATE utf8_unicode_ci NOT NULL,
  `token` varchar(255) COLLATE utf8_unicode_ci NOT NULL,
  `storageUrl` varchar(255) COLLATE utf8_unicode_ci NOT NULL,
  `cdnUrl` varchar(255) COLLATE utf8_unicode_ci NOT NULL,
  `dateCreated` datetime NOT NULL,
  `dateUpdated` datetime NOT NULL,
  `uid` char(36) COLLATE utf8_unicode_ci NOT NULL DEFAULT '0',
  PRIMARY KEY (`id`),
  UNIQUE KEY `craft_rackspaceaccess_connectionKey_unq_idx` (`connectionKey`)
) ENGINE=InnoDB DEFAULT CHARSET=utf8 COLLATE=utf8_unicode_ci;

--
-- Schema for table `craft_relations`
--

DROP TABLE IF EXISTS `craft_relations`;

CREATE TABLE `craft_relations` (
  `id` int(11) NOT NULL AUTO_INCREMENT,
  `fieldId` int(11) NOT NULL,
  `sourceId` int(11) NOT NULL,
  `targetId` int(11) NOT NULL,
  `sortOrder` tinyint(4) DEFAULT NULL,
  `dateCreated` datetime NOT NULL,
  `dateUpdated` datetime NOT NULL,
  `uid` char(36) COLLATE utf8_unicode_ci NOT NULL DEFAULT '0',
  PRIMARY KEY (`id`),
  UNIQUE KEY `craft_relations_fieldId_sourceId_targetId_unq_idx` (`fieldId`,`sourceId`,`targetId`),
  KEY `craft_relations_sourceId_fk` (`sourceId`),
  KEY `craft_relations_targetId_fk` (`targetId`)
) ENGINE=InnoDB AUTO_INCREMENT=68 DEFAULT CHARSET=utf8 COLLATE=utf8_unicode_ci;

--
-- Data for table `craft_relations`
--

INSERT INTO `craft_relations` (`id`, `fieldId`, `sourceId`, `targetId`, `sortOrder`, `dateCreated`, `dateUpdated`, `uid`) VALUES ('32', '7', '2', '10', '1', '2014-01-02 17:08:04', '2014-01-02 17:08:04', '64d7fc9a-d649-4633-811a-fb73425b96da');
INSERT INTO `craft_relations` (`id`, `fieldId`, `sourceId`, `targetId`, `sortOrder`, `dateCreated`, `dateUpdated`, `uid`) VALUES ('33', '9', '2', '11', '1', '2014-01-02 17:08:04', '2014-01-02 17:08:04', 'ed95fe56-32fd-478d-895e-ca9d376208f1');
INSERT INTO `craft_relations` (`id`, `fieldId`, `sourceId`, `targetId`, `sortOrder`, `dateCreated`, `dateUpdated`, `uid`) VALUES ('34', '8', '2', '12', '1', '2014-01-02 17:08:04', '2014-01-02 17:08:04', '28276c5d-857a-4369-a559-979abbe35341');
INSERT INTO `craft_relations` (`id`, `fieldId`, `sourceId`, `targetId`, `sortOrder`, `dateCreated`, `dateUpdated`, `uid`) VALUES ('35', '4', '2', '16', '1', '2014-01-02 17:08:04', '2014-01-02 17:08:04', '58d6cf79-942d-469d-9184-56c852d5e55d');
INSERT INTO `craft_relations` (`id`, `fieldId`, `sourceId`, `targetId`, `sortOrder`, `dateCreated`, `dateUpdated`, `uid`) VALUES ('36', '4', '2', '15', '2', '2014-01-02 17:08:04', '2014-01-02 17:08:04', '52c4bb41-6672-4ab6-8d5d-88fbd3cbf2a0');
INSERT INTO `craft_relations` (`id`, `fieldId`, `sourceId`, `targetId`, `sortOrder`, `dateCreated`, `dateUpdated`, `uid`) VALUES ('37', '7', '4', '10', '1', '2014-01-02 17:16:28', '2014-01-02 17:16:28', '0db4105f-6a31-4f24-a5c9-54c07dd2f840');
INSERT INTO `craft_relations` (`id`, `fieldId`, `sourceId`, `targetId`, `sortOrder`, `dateCreated`, `dateUpdated`, `uid`) VALUES ('38', '9', '4', '11', '1', '2014-01-02 17:16:28', '2014-01-02 17:16:28', '41a2bcc3-a1f8-4b6f-84cd-ddac22f5e442');
INSERT INTO `craft_relations` (`id`, `fieldId`, `sourceId`, `targetId`, `sortOrder`, `dateCreated`, `dateUpdated`, `uid`) VALUES ('39', '8', '4', '12', '1', '2014-01-02 17:16:28', '2014-01-02 17:16:28', 'ece33d00-7614-479f-80ae-c039b93e9de4');
INSERT INTO `craft_relations` (`id`, `fieldId`, `sourceId`, `targetId`, `sortOrder`, `dateCreated`, `dateUpdated`, `uid`) VALUES ('48', '13', '22', '21', '1', '2014-01-02 19:21:41', '2014-01-02 19:21:41', '996d6b90-6181-4f8b-82cd-49c943ce4c66');
INSERT INTO `craft_relations` (`id`, `fieldId`, `sourceId`, `targetId`, `sortOrder`, `dateCreated`, `dateUpdated`, `uid`) VALUES ('49', '14', '22', '21', '1', '2014-01-02 19:21:41', '2014-01-02 19:21:41', 'c3c46c73-aa73-4b6d-be55-1233e6bf646e');
INSERT INTO `craft_relations` (`id`, `fieldId`, `sourceId`, `targetId`, `sortOrder`, `dateCreated`, `dateUpdated`, `uid`) VALUES ('52', '13', '23', '24', '1', '2014-01-02 19:30:52', '2014-01-02 19:30:52', 'fd6edacf-cb84-4968-8b48-bb7c76ea2c32');
INSERT INTO `craft_relations` (`id`, `fieldId`, `sourceId`, `targetId`, `sortOrder`, `dateCreated`, `dateUpdated`, `uid`) VALUES ('53', '14', '23', '25', '1', '2014-01-02 19:30:52', '2014-01-02 19:30:52', '5e5a84c3-7dc4-48cb-9053-7ac9fb5556e3');
INSERT INTO `craft_relations` (`id`, `fieldId`, `sourceId`, `targetId`, `sortOrder`, `dateCreated`, `dateUpdated`, `uid`) VALUES ('64', '35', '52', '47', '1', '2014-01-04 16:08:06', '2014-01-04 16:08:06', 'e899cb2e-172f-462a-8376-9978c9851657');
INSERT INTO `craft_relations` (`id`, `fieldId`, `sourceId`, `targetId`, `sortOrder`, `dateCreated`, `dateUpdated`, `uid`) VALUES ('67', '35', '54', '47', '1', '2014-01-04 16:10:02', '2014-01-04 16:10:02', 'fab9016b-2a6a-4d99-b2da-6667ab2160db');



--
-- Schema for table `craft_routes`
--

DROP TABLE IF EXISTS `craft_routes`;

CREATE TABLE `craft_routes` (
  `id` int(11) NOT NULL AUTO_INCREMENT,
  `urlParts` varchar(255) COLLATE utf8_unicode_ci NOT NULL,
  `urlPattern` varchar(255) COLLATE utf8_unicode_ci NOT NULL,
  `template` varchar(255) COLLATE utf8_unicode_ci NOT NULL,
  `sortOrder` tinyint(4) DEFAULT NULL,
  `dateCreated` datetime NOT NULL,
  `dateUpdated` datetime NOT NULL,
  `uid` char(36) COLLATE utf8_unicode_ci NOT NULL DEFAULT '0',
  PRIMARY KEY (`id`),
  UNIQUE KEY `craft_routes_urlPattern_unq_idx` (`urlPattern`)
) ENGINE=InnoDB DEFAULT CHARSET=utf8 COLLATE=utf8_unicode_ci;

--
-- Schema for table `craft_searchindex`
--

DROP TABLE IF EXISTS `craft_searchindex`;

CREATE TABLE `craft_searchindex` (
  `elementId` int(11) NOT NULL,
  `attribute` varchar(25) COLLATE utf8_unicode_ci NOT NULL,
  `fieldId` int(11) NOT NULL,
  `locale` char(12) COLLATE utf8_unicode_ci NOT NULL,
  `keywords` text COLLATE utf8_unicode_ci NOT NULL,
  PRIMARY KEY (`elementId`,`attribute`,`fieldId`,`locale`),
  FULLTEXT KEY `craft_searchindex_keywords_idx` (`keywords`)
) ENGINE=MyISAM DEFAULT CHARSET=utf8 COLLATE=utf8_unicode_ci;

--
-- Data for table `craft_searchindex`
--

INSERT INTO `craft_searchindex` (`elementId`, `attribute`, `fieldId`, `locale`, `keywords`) VALUES ('1', 'username', '0', 'en_us', ' admin ');
INSERT INTO `craft_searchindex` (`elementId`, `attribute`, `fieldId`, `locale`, `keywords`) VALUES ('1', 'firstname', '0', 'en_us', '');
INSERT INTO `craft_searchindex` (`elementId`, `attribute`, `fieldId`, `locale`, `keywords`) VALUES ('1', 'lastname', '0', 'en_us', '');
INSERT INTO `craft_searchindex` (`elementId`, `attribute`, `fieldId`, `locale`, `keywords`) VALUES ('1', 'fullname', '0', 'en_us', '');
INSERT INTO `craft_searchindex` (`elementId`, `attribute`, `fieldId`, `locale`, `keywords`) VALUES ('1', 'email', '0', 'en_us', ' robbiefa gmail com ');
INSERT INTO `craft_searchindex` (`elementId`, `attribute`, `fieldId`, `locale`, `keywords`) VALUES ('2', 'slug', '0', 'en_us', ' homepage ');
INSERT INTO `craft_searchindex` (`elementId`, `attribute`, `fieldId`, `locale`, `keywords`) VALUES ('2', 'title', '0', 'en_us', ' homepage ');
INSERT INTO `craft_searchindex` (`elementId`, `attribute`, `fieldId`, `locale`, `keywords`) VALUES ('2', 'field', '2', 'en_us', ' blaithin is a 2011 bdes hons graduate of the national college of art and design ncad dublin coupled with her studies in embroidery and a wonderful industry internship with new york based designer diane von furstenberg she found her niche within a year of graduating blaithin went about setting up her own label blaithin ennis in early 2012 she launched her first collection of high end fashion pieces alongside her range of contemporary jewellery she stands by her ethos a unique accessory can give a new lease of life to the very simple garment she prides herself on her unique approach and ability to source manipulate and combine unusual materials from around the world to produce wearable special and striking pieces her designs have an avant garde ethnic motivation behind them with mixtures of delicate and ro bust heavy metals sparkling crystals and soft whimsical shell mesh her creations represent the unconventional in accessories and jewellery her use of intricate hand embellishment is simple yet effective powerful and preciously delicate adding to the couture vibe in her work the label is affordable and beautifully crafted encorporating simple craft driven techniques the essence of her collections give women freedom to put their own stamp on design in an elegant way blaithin is based from her studio in the south east of ireland where each piece is designed and hand made ');
INSERT INTO `craft_searchindex` (`elementId`, `attribute`, `fieldId`, `locale`, `keywords`) VALUES ('2', 'field', '1', 'en_us', ' welcome to blobs ');
INSERT INTO `craft_searchindex` (`elementId`, `attribute`, `fieldId`, `locale`, `keywords`) VALUES ('2', 'field', '3', 'en_us', '');
INSERT INTO `craft_searchindex` (`elementId`, `attribute`, `fieldId`, `locale`, `keywords`) VALUES ('3', 'slug', '0', 'en_us', ' we just installed craft ');
INSERT INTO `craft_searchindex` (`elementId`, `attribute`, `fieldId`, `locale`, `keywords`) VALUES ('3', 'title', '0', 'en_us', ' we just installed craft ');
INSERT INTO `craft_searchindex` (`elementId`, `attribute`, `fieldId`, `locale`, `keywords`) VALUES ('3', 'field', '2', 'en_us', ' craft is the cms that s powering blobs it s beautiful powerful flexible and easy to use and it s made by pixel tonic we can t wait to dive in and see what it s capable of this is even more captivating content which you couldn t see on the news index page because it was entered after a page break and the news index template only likes to show the content on the first page craft a nice alternative to word if you re making a website ');
INSERT INTO `craft_searchindex` (`elementId`, `attribute`, `fieldId`, `locale`, `keywords`) VALUES ('3', 'field', '1', 'en_us', '');
INSERT INTO `craft_searchindex` (`elementId`, `attribute`, `fieldId`, `locale`, `keywords`) VALUES ('3', 'field', '3', 'en_us', '');
INSERT INTO `craft_searchindex` (`elementId`, `attribute`, `fieldId`, `locale`, `keywords`) VALUES ('10', 'field', '22', 'en_us', '');
INSERT INTO `craft_searchindex` (`elementId`, `attribute`, `fieldId`, `locale`, `keywords`) VALUES ('10', 'field', '2', 'en_us', '');
INSERT INTO `craft_searchindex` (`elementId`, `attribute`, `fieldId`, `locale`, `keywords`) VALUES ('10', 'field', '13', 'en_us', '');
INSERT INTO `craft_searchindex` (`elementId`, `attribute`, `fieldId`, `locale`, `keywords`) VALUES ('10', 'field', '14', 'en_us', '');
INSERT INTO `craft_searchindex` (`elementId`, `attribute`, `fieldId`, `locale`, `keywords`) VALUES ('10', 'field', '12', 'en_us', '');
INSERT INTO `craft_searchindex` (`elementId`, `attribute`, `fieldId`, `locale`, `keywords`) VALUES ('10', 'field', '25', 'en_us', '');
INSERT INTO `craft_searchindex` (`elementId`, `attribute`, `fieldId`, `locale`, `keywords`) VALUES ('10', 'field', '11', 'en_us', '');
INSERT INTO `craft_searchindex` (`elementId`, `attribute`, `fieldId`, `locale`, `keywords`) VALUES ('10', 'field', '1', 'en_us', '');
INSERT INTO `craft_searchindex` (`elementId`, `attribute`, `fieldId`, `locale`, `keywords`) VALUES ('10', 'field', '7', 'en_us', '');
INSERT INTO `craft_searchindex` (`elementId`, `attribute`, `fieldId`, `locale`, `keywords`) VALUES ('10', 'field', '9', 'en_us', '');
INSERT INTO `craft_searchindex` (`elementId`, `attribute`, `fieldId`, `locale`, `keywords`) VALUES ('10', 'field', '8', 'en_us', '');
INSERT INTO `craft_searchindex` (`elementId`, `attribute`, `fieldId`, `locale`, `keywords`) VALUES ('10', 'field', '16', 'en_us', '');
INSERT INTO `craft_searchindex` (`elementId`, `attribute`, `fieldId`, `locale`, `keywords`) VALUES ('10', 'field', '15', 'en_us', '');
INSERT INTO `craft_searchindex` (`elementId`, `attribute`, `fieldId`, `locale`, `keywords`) VALUES ('10', 'field', '10', 'en_us', '');
INSERT INTO `craft_searchindex` (`elementId`, `attribute`, `fieldId`, `locale`, `keywords`) VALUES ('10', 'field', '23', 'en_us', '');
INSERT INTO `craft_searchindex` (`elementId`, `attribute`, `fieldId`, `locale`, `keywords`) VALUES ('10', 'field', '20', 'en_us', '');
INSERT INTO `craft_searchindex` (`elementId`, `attribute`, `fieldId`, `locale`, `keywords`) VALUES ('10', 'field', '17', 'en_us', '');
INSERT INTO `craft_searchindex` (`elementId`, `attribute`, `fieldId`, `locale`, `keywords`) VALUES ('10', 'field', '27', 'en_us', '');
INSERT INTO `craft_searchindex` (`elementId`, `attribute`, `fieldId`, `locale`, `keywords`) VALUES ('10', 'field', '29', 'en_us', '');
INSERT INTO `craft_searchindex` (`elementId`, `attribute`, `fieldId`, `locale`, `keywords`) VALUES ('10', 'field', '28', 'en_us', '');
INSERT INTO `craft_searchindex` (`elementId`, `attribute`, `fieldId`, `locale`, `keywords`) VALUES ('10', 'field', '26', 'en_us', '');
INSERT INTO `craft_searchindex` (`elementId`, `attribute`, `fieldId`, `locale`, `keywords`) VALUES ('10', 'field', '24', 'en_us', '');
INSERT INTO `craft_searchindex` (`elementId`, `attribute`, `fieldId`, `locale`, `keywords`) VALUES ('10', 'field', '21', 'en_us', '');
INSERT INTO `craft_searchindex` (`elementId`, `attribute`, `fieldId`, `locale`, `keywords`) VALUES ('10', 'field', '4', 'en_us', '');
INSERT INTO `craft_searchindex` (`elementId`, `attribute`, `fieldId`, `locale`, `keywords`) VALUES ('10', 'field', '5', 'en_us', '');
INSERT INTO `craft_searchindex` (`elementId`, `attribute`, `fieldId`, `locale`, `keywords`) VALUES ('10', 'field', '6', 'en_us', '');
INSERT INTO `craft_searchindex` (`elementId`, `attribute`, `fieldId`, `locale`, `keywords`) VALUES ('10', 'field', '3', 'en_us', '');
INSERT INTO `craft_searchindex` (`elementId`, `attribute`, `fieldId`, `locale`, `keywords`) VALUES ('10', 'filename', '0', 'en_us', ' 450 jpg ');
INSERT INTO `craft_searchindex` (`elementId`, `attribute`, `fieldId`, `locale`, `keywords`) VALUES ('10', 'extension', '0', 'en_us', ' jpg ');
INSERT INTO `craft_searchindex` (`elementId`, `attribute`, `fieldId`, `locale`, `keywords`) VALUES ('10', 'kind', '0', 'en_us', ' image ');
INSERT INTO `craft_searchindex` (`elementId`, `attribute`, `fieldId`, `locale`, `keywords`) VALUES ('10', 'title', '0', 'en_us', ' 450 ');
INSERT INTO `craft_searchindex` (`elementId`, `attribute`, `fieldId`, `locale`, `keywords`) VALUES ('11', 'field', '22', 'en_us', '');
INSERT INTO `craft_searchindex` (`elementId`, `attribute`, `fieldId`, `locale`, `keywords`) VALUES ('11', 'field', '2', 'en_us', '');
INSERT INTO `craft_searchindex` (`elementId`, `attribute`, `fieldId`, `locale`, `keywords`) VALUES ('11', 'field', '13', 'en_us', '');
INSERT INTO `craft_searchindex` (`elementId`, `attribute`, `fieldId`, `locale`, `keywords`) VALUES ('11', 'field', '14', 'en_us', '');
INSERT INTO `craft_searchindex` (`elementId`, `attribute`, `fieldId`, `locale`, `keywords`) VALUES ('11', 'field', '12', 'en_us', '');
INSERT INTO `craft_searchindex` (`elementId`, `attribute`, `fieldId`, `locale`, `keywords`) VALUES ('11', 'field', '25', 'en_us', '');
INSERT INTO `craft_searchindex` (`elementId`, `attribute`, `fieldId`, `locale`, `keywords`) VALUES ('11', 'field', '11', 'en_us', '');
INSERT INTO `craft_searchindex` (`elementId`, `attribute`, `fieldId`, `locale`, `keywords`) VALUES ('11', 'field', '1', 'en_us', '');
INSERT INTO `craft_searchindex` (`elementId`, `attribute`, `fieldId`, `locale`, `keywords`) VALUES ('11', 'field', '7', 'en_us', '');
INSERT INTO `craft_searchindex` (`elementId`, `attribute`, `fieldId`, `locale`, `keywords`) VALUES ('11', 'field', '9', 'en_us', '');
INSERT INTO `craft_searchindex` (`elementId`, `attribute`, `fieldId`, `locale`, `keywords`) VALUES ('11', 'field', '8', 'en_us', '');
INSERT INTO `craft_searchindex` (`elementId`, `attribute`, `fieldId`, `locale`, `keywords`) VALUES ('11', 'field', '16', 'en_us', '');
INSERT INTO `craft_searchindex` (`elementId`, `attribute`, `fieldId`, `locale`, `keywords`) VALUES ('11', 'field', '15', 'en_us', '');
INSERT INTO `craft_searchindex` (`elementId`, `attribute`, `fieldId`, `locale`, `keywords`) VALUES ('11', 'field', '10', 'en_us', '');
INSERT INTO `craft_searchindex` (`elementId`, `attribute`, `fieldId`, `locale`, `keywords`) VALUES ('11', 'field', '23', 'en_us', '');
INSERT INTO `craft_searchindex` (`elementId`, `attribute`, `fieldId`, `locale`, `keywords`) VALUES ('11', 'field', '20', 'en_us', '');
INSERT INTO `craft_searchindex` (`elementId`, `attribute`, `fieldId`, `locale`, `keywords`) VALUES ('11', 'field', '17', 'en_us', '');
INSERT INTO `craft_searchindex` (`elementId`, `attribute`, `fieldId`, `locale`, `keywords`) VALUES ('11', 'field', '27', 'en_us', '');
INSERT INTO `craft_searchindex` (`elementId`, `attribute`, `fieldId`, `locale`, `keywords`) VALUES ('11', 'field', '29', 'en_us', '');
INSERT INTO `craft_searchindex` (`elementId`, `attribute`, `fieldId`, `locale`, `keywords`) VALUES ('11', 'field', '28', 'en_us', '');
INSERT INTO `craft_searchindex` (`elementId`, `attribute`, `fieldId`, `locale`, `keywords`) VALUES ('11', 'field', '26', 'en_us', '');
INSERT INTO `craft_searchindex` (`elementId`, `attribute`, `fieldId`, `locale`, `keywords`) VALUES ('11', 'field', '24', 'en_us', '');
INSERT INTO `craft_searchindex` (`elementId`, `attribute`, `fieldId`, `locale`, `keywords`) VALUES ('11', 'field', '21', 'en_us', '');
INSERT INTO `craft_searchindex` (`elementId`, `attribute`, `fieldId`, `locale`, `keywords`) VALUES ('11', 'field', '4', 'en_us', '');
INSERT INTO `craft_searchindex` (`elementId`, `attribute`, `fieldId`, `locale`, `keywords`) VALUES ('11', 'field', '5', 'en_us', '');
INSERT INTO `craft_searchindex` (`elementId`, `attribute`, `fieldId`, `locale`, `keywords`) VALUES ('11', 'field', '6', 'en_us', '');
INSERT INTO `craft_searchindex` (`elementId`, `attribute`, `fieldId`, `locale`, `keywords`) VALUES ('11', 'field', '3', 'en_us', '');
INSERT INTO `craft_searchindex` (`elementId`, `attribute`, `fieldId`, `locale`, `keywords`) VALUES ('11', 'filename', '0', 'en_us', ' 320 jpg ');
INSERT INTO `craft_searchindex` (`elementId`, `attribute`, `fieldId`, `locale`, `keywords`) VALUES ('11', 'extension', '0', 'en_us', ' jpg ');
INSERT INTO `craft_searchindex` (`elementId`, `attribute`, `fieldId`, `locale`, `keywords`) VALUES ('11', 'kind', '0', 'en_us', ' image ');
INSERT INTO `craft_searchindex` (`elementId`, `attribute`, `fieldId`, `locale`, `keywords`) VALUES ('11', 'title', '0', 'en_us', ' 320 ');
INSERT INTO `craft_searchindex` (`elementId`, `attribute`, `fieldId`, `locale`, `keywords`) VALUES ('12', 'field', '22', 'en_us', '');
INSERT INTO `craft_searchindex` (`elementId`, `attribute`, `fieldId`, `locale`, `keywords`) VALUES ('12', 'field', '2', 'en_us', '');
INSERT INTO `craft_searchindex` (`elementId`, `attribute`, `fieldId`, `locale`, `keywords`) VALUES ('12', 'field', '13', 'en_us', '');
INSERT INTO `craft_searchindex` (`elementId`, `attribute`, `fieldId`, `locale`, `keywords`) VALUES ('12', 'field', '14', 'en_us', '');
INSERT INTO `craft_searchindex` (`elementId`, `attribute`, `fieldId`, `locale`, `keywords`) VALUES ('12', 'field', '12', 'en_us', '');
INSERT INTO `craft_searchindex` (`elementId`, `attribute`, `fieldId`, `locale`, `keywords`) VALUES ('12', 'field', '25', 'en_us', '');
INSERT INTO `craft_searchindex` (`elementId`, `attribute`, `fieldId`, `locale`, `keywords`) VALUES ('12', 'field', '11', 'en_us', '');
INSERT INTO `craft_searchindex` (`elementId`, `attribute`, `fieldId`, `locale`, `keywords`) VALUES ('12', 'field', '1', 'en_us', '');
INSERT INTO `craft_searchindex` (`elementId`, `attribute`, `fieldId`, `locale`, `keywords`) VALUES ('12', 'field', '7', 'en_us', '');
INSERT INTO `craft_searchindex` (`elementId`, `attribute`, `fieldId`, `locale`, `keywords`) VALUES ('12', 'field', '9', 'en_us', '');
INSERT INTO `craft_searchindex` (`elementId`, `attribute`, `fieldId`, `locale`, `keywords`) VALUES ('12', 'field', '8', 'en_us', '');
INSERT INTO `craft_searchindex` (`elementId`, `attribute`, `fieldId`, `locale`, `keywords`) VALUES ('12', 'field', '16', 'en_us', '');
INSERT INTO `craft_searchindex` (`elementId`, `attribute`, `fieldId`, `locale`, `keywords`) VALUES ('12', 'field', '15', 'en_us', '');
INSERT INTO `craft_searchindex` (`elementId`, `attribute`, `fieldId`, `locale`, `keywords`) VALUES ('12', 'field', '10', 'en_us', '');
INSERT INTO `craft_searchindex` (`elementId`, `attribute`, `fieldId`, `locale`, `keywords`) VALUES ('12', 'field', '23', 'en_us', '');
INSERT INTO `craft_searchindex` (`elementId`, `attribute`, `fieldId`, `locale`, `keywords`) VALUES ('12', 'field', '20', 'en_us', '');
INSERT INTO `craft_searchindex` (`elementId`, `attribute`, `fieldId`, `locale`, `keywords`) VALUES ('12', 'field', '17', 'en_us', '');
INSERT INTO `craft_searchindex` (`elementId`, `attribute`, `fieldId`, `locale`, `keywords`) VALUES ('12', 'field', '27', 'en_us', '');
INSERT INTO `craft_searchindex` (`elementId`, `attribute`, `fieldId`, `locale`, `keywords`) VALUES ('12', 'field', '29', 'en_us', '');
INSERT INTO `craft_searchindex` (`elementId`, `attribute`, `fieldId`, `locale`, `keywords`) VALUES ('12', 'field', '28', 'en_us', '');
INSERT INTO `craft_searchindex` (`elementId`, `attribute`, `fieldId`, `locale`, `keywords`) VALUES ('12', 'field', '26', 'en_us', '');
INSERT INTO `craft_searchindex` (`elementId`, `attribute`, `fieldId`, `locale`, `keywords`) VALUES ('12', 'field', '24', 'en_us', '');
INSERT INTO `craft_searchindex` (`elementId`, `attribute`, `fieldId`, `locale`, `keywords`) VALUES ('12', 'field', '21', 'en_us', '');
INSERT INTO `craft_searchindex` (`elementId`, `attribute`, `fieldId`, `locale`, `keywords`) VALUES ('12', 'field', '4', 'en_us', '');
INSERT INTO `craft_searchindex` (`elementId`, `attribute`, `fieldId`, `locale`, `keywords`) VALUES ('12', 'field', '5', 'en_us', '');
INSERT INTO `craft_searchindex` (`elementId`, `attribute`, `fieldId`, `locale`, `keywords`) VALUES ('12', 'field', '6', 'en_us', '');
INSERT INTO `craft_searchindex` (`elementId`, `attribute`, `fieldId`, `locale`, `keywords`) VALUES ('12', 'field', '3', 'en_us', '');
INSERT INTO `craft_searchindex` (`elementId`, `attribute`, `fieldId`, `locale`, `keywords`) VALUES ('12', 'filename', '0', 'en_us', ' 250 jpg ');
INSERT INTO `craft_searchindex` (`elementId`, `attribute`, `fieldId`, `locale`, `keywords`) VALUES ('12', 'extension', '0', 'en_us', ' jpg ');
INSERT INTO `craft_searchindex` (`elementId`, `attribute`, `fieldId`, `locale`, `keywords`) VALUES ('12', 'kind', '0', 'en_us', ' image ');
INSERT INTO `craft_searchindex` (`elementId`, `attribute`, `fieldId`, `locale`, `keywords`) VALUES ('12', 'title', '0', 'en_us', ' 250 ');
INSERT INTO `craft_searchindex` (`elementId`, `attribute`, `fieldId`, `locale`, `keywords`) VALUES ('13', 'field', '22', 'en_us', '');
INSERT INTO `craft_searchindex` (`elementId`, `attribute`, `fieldId`, `locale`, `keywords`) VALUES ('13', 'field', '2', 'en_us', '');
INSERT INTO `craft_searchindex` (`elementId`, `attribute`, `fieldId`, `locale`, `keywords`) VALUES ('13', 'field', '13', 'en_us', '');
INSERT INTO `craft_searchindex` (`elementId`, `attribute`, `fieldId`, `locale`, `keywords`) VALUES ('13', 'field', '14', 'en_us', '');
INSERT INTO `craft_searchindex` (`elementId`, `attribute`, `fieldId`, `locale`, `keywords`) VALUES ('13', 'field', '12', 'en_us', '');
INSERT INTO `craft_searchindex` (`elementId`, `attribute`, `fieldId`, `locale`, `keywords`) VALUES ('13', 'field', '25', 'en_us', '');
INSERT INTO `craft_searchindex` (`elementId`, `attribute`, `fieldId`, `locale`, `keywords`) VALUES ('13', 'field', '11', 'en_us', '');
INSERT INTO `craft_searchindex` (`elementId`, `attribute`, `fieldId`, `locale`, `keywords`) VALUES ('13', 'field', '1', 'en_us', '');
INSERT INTO `craft_searchindex` (`elementId`, `attribute`, `fieldId`, `locale`, `keywords`) VALUES ('13', 'field', '7', 'en_us', '');
INSERT INTO `craft_searchindex` (`elementId`, `attribute`, `fieldId`, `locale`, `keywords`) VALUES ('13', 'field', '9', 'en_us', '');
INSERT INTO `craft_searchindex` (`elementId`, `attribute`, `fieldId`, `locale`, `keywords`) VALUES ('13', 'field', '8', 'en_us', '');
INSERT INTO `craft_searchindex` (`elementId`, `attribute`, `fieldId`, `locale`, `keywords`) VALUES ('13', 'field', '16', 'en_us', '');
INSERT INTO `craft_searchindex` (`elementId`, `attribute`, `fieldId`, `locale`, `keywords`) VALUES ('13', 'field', '15', 'en_us', '');
INSERT INTO `craft_searchindex` (`elementId`, `attribute`, `fieldId`, `locale`, `keywords`) VALUES ('13', 'field', '10', 'en_us', '');
INSERT INTO `craft_searchindex` (`elementId`, `attribute`, `fieldId`, `locale`, `keywords`) VALUES ('13', 'field', '23', 'en_us', '');
INSERT INTO `craft_searchindex` (`elementId`, `attribute`, `fieldId`, `locale`, `keywords`) VALUES ('13', 'field', '20', 'en_us', '');
INSERT INTO `craft_searchindex` (`elementId`, `attribute`, `fieldId`, `locale`, `keywords`) VALUES ('13', 'field', '17', 'en_us', '');
INSERT INTO `craft_searchindex` (`elementId`, `attribute`, `fieldId`, `locale`, `keywords`) VALUES ('13', 'field', '27', 'en_us', '');
INSERT INTO `craft_searchindex` (`elementId`, `attribute`, `fieldId`, `locale`, `keywords`) VALUES ('13', 'field', '29', 'en_us', '');
INSERT INTO `craft_searchindex` (`elementId`, `attribute`, `fieldId`, `locale`, `keywords`) VALUES ('13', 'field', '28', 'en_us', '');
INSERT INTO `craft_searchindex` (`elementId`, `attribute`, `fieldId`, `locale`, `keywords`) VALUES ('13', 'field', '26', 'en_us', '');
INSERT INTO `craft_searchindex` (`elementId`, `attribute`, `fieldId`, `locale`, `keywords`) VALUES ('13', 'field', '24', 'en_us', '');
INSERT INTO `craft_searchindex` (`elementId`, `attribute`, `fieldId`, `locale`, `keywords`) VALUES ('13', 'field', '21', 'en_us', '');
INSERT INTO `craft_searchindex` (`elementId`, `attribute`, `fieldId`, `locale`, `keywords`) VALUES ('13', 'field', '4', 'en_us', '');
INSERT INTO `craft_searchindex` (`elementId`, `attribute`, `fieldId`, `locale`, `keywords`) VALUES ('13', 'field', '5', 'en_us', '');
INSERT INTO `craft_searchindex` (`elementId`, `attribute`, `fieldId`, `locale`, `keywords`) VALUES ('13', 'field', '6', 'en_us', '');
INSERT INTO `craft_searchindex` (`elementId`, `attribute`, `fieldId`, `locale`, `keywords`) VALUES ('13', 'field', '3', 'en_us', '');
INSERT INTO `craft_searchindex` (`elementId`, `attribute`, `fieldId`, `locale`, `keywords`) VALUES ('13', 'filename', '0', 'en_us', ' 250_1 jpg ');
INSERT INTO `craft_searchindex` (`elementId`, `attribute`, `fieldId`, `locale`, `keywords`) VALUES ('13', 'extension', '0', 'en_us', ' jpg ');
INSERT INTO `craft_searchindex` (`elementId`, `attribute`, `fieldId`, `locale`, `keywords`) VALUES ('13', 'kind', '0', 'en_us', ' image ');
INSERT INTO `craft_searchindex` (`elementId`, `attribute`, `fieldId`, `locale`, `keywords`) VALUES ('13', 'title', '0', 'en_us', ' 250 1 ');
INSERT INTO `craft_searchindex` (`elementId`, `attribute`, `fieldId`, `locale`, `keywords`) VALUES ('4', 'slug', '0', 'en_us', ' about ');
INSERT INTO `craft_searchindex` (`elementId`, `attribute`, `fieldId`, `locale`, `keywords`) VALUES ('4', 'title', '0', 'en_us', ' about ');
INSERT INTO `craft_searchindex` (`elementId`, `attribute`, `fieldId`, `locale`, `keywords`) VALUES ('4', 'field', '22', 'en_us', '');
INSERT INTO `craft_searchindex` (`elementId`, `attribute`, `fieldId`, `locale`, `keywords`) VALUES ('4', 'field', '2', 'en_us', ' blaithin is a 2011 bdes hons graduate of the national college of art and design ncad dublin coupled with her studies in embroidery and a wonderful industry internship with new york based designer diane von furstenberg she found her niche within a year of graduating blaithin went about setting up her own label blaithin ennis in early 2012 she launched her first collection of high end fashion pieces alongside her range of contemporary jewellery she stands by her ethos a unique accessory can give a new lease of life to the very simple garment she prides herself on her unique approach and ability to source manipulate and combine unusual materials from around the world to produce wearable special and striking pieces her designs have an avant garde ethnic motivation behind them with mixtures of delicate and ro bust heavy metals sparkling crystals and soft whimsical shell mesh her creations represent the unconventional in accessories and jewellery her use of intricate hand embellishment is simple yet effective powerful and preciously delicate adding to the couture vibe in her work the label is affordable and beautifully crafted encorporating simple craft driven techniques the essence of her collections give women freedom to put their own stamp on design in an elegant way blaithin is based from her studio in the south east of ireland where each piece is designed and hand made ');
INSERT INTO `craft_searchindex` (`elementId`, `attribute`, `fieldId`, `locale`, `keywords`) VALUES ('4', 'field', '13', 'en_us', '');
INSERT INTO `craft_searchindex` (`elementId`, `attribute`, `fieldId`, `locale`, `keywords`) VALUES ('4', 'field', '14', 'en_us', '');
INSERT INTO `craft_searchindex` (`elementId`, `attribute`, `fieldId`, `locale`, `keywords`) VALUES ('4', 'field', '12', 'en_us', '');
INSERT INTO `craft_searchindex` (`elementId`, `attribute`, `fieldId`, `locale`, `keywords`) VALUES ('4', 'field', '25', 'en_us', '');
INSERT INTO `craft_searchindex` (`elementId`, `attribute`, `fieldId`, `locale`, `keywords`) VALUES ('4', 'field', '11', 'en_us', '');
INSERT INTO `craft_searchindex` (`elementId`, `attribute`, `fieldId`, `locale`, `keywords`) VALUES ('4', 'field', '1', 'en_us', '');
INSERT INTO `craft_searchindex` (`elementId`, `attribute`, `fieldId`, `locale`, `keywords`) VALUES ('4', 'field', '7', 'en_us', ' 450 ');
INSERT INTO `craft_searchindex` (`elementId`, `attribute`, `fieldId`, `locale`, `keywords`) VALUES ('4', 'field', '9', 'en_us', ' 320 ');
INSERT INTO `craft_searchindex` (`elementId`, `attribute`, `fieldId`, `locale`, `keywords`) VALUES ('4', 'field', '8', 'en_us', ' 250 ');
INSERT INTO `craft_searchindex` (`elementId`, `attribute`, `fieldId`, `locale`, `keywords`) VALUES ('4', 'field', '16', 'en_us', '');
INSERT INTO `craft_searchindex` (`elementId`, `attribute`, `fieldId`, `locale`, `keywords`) VALUES ('4', 'field', '15', 'en_us', '');
INSERT INTO `craft_searchindex` (`elementId`, `attribute`, `fieldId`, `locale`, `keywords`) VALUES ('4', 'field', '10', 'en_us', ' blaithin ennis is a 2011 bdes hons graduate of the national college of art and design ncad dublin coupled with her studies in embroidery and a wonderful industry internship with new york based designer diane von furstenberg she found her niche ');
INSERT INTO `craft_searchindex` (`elementId`, `attribute`, `fieldId`, `locale`, `keywords`) VALUES ('4', 'field', '23', 'en_us', '');
INSERT INTO `craft_searchindex` (`elementId`, `attribute`, `fieldId`, `locale`, `keywords`) VALUES ('4', 'field', '20', 'en_us', '');
INSERT INTO `craft_searchindex` (`elementId`, `attribute`, `fieldId`, `locale`, `keywords`) VALUES ('4', 'field', '17', 'en_us', '');
INSERT INTO `craft_searchindex` (`elementId`, `attribute`, `fieldId`, `locale`, `keywords`) VALUES ('4', 'field', '27', 'en_us', '');
INSERT INTO `craft_searchindex` (`elementId`, `attribute`, `fieldId`, `locale`, `keywords`) VALUES ('4', 'field', '29', 'en_us', '');
INSERT INTO `craft_searchindex` (`elementId`, `attribute`, `fieldId`, `locale`, `keywords`) VALUES ('4', 'field', '28', 'en_us', '');
INSERT INTO `craft_searchindex` (`elementId`, `attribute`, `fieldId`, `locale`, `keywords`) VALUES ('4', 'field', '26', 'en_us', '');
INSERT INTO `craft_searchindex` (`elementId`, `attribute`, `fieldId`, `locale`, `keywords`) VALUES ('4', 'field', '24', 'en_us', '');
INSERT INTO `craft_searchindex` (`elementId`, `attribute`, `fieldId`, `locale`, `keywords`) VALUES ('4', 'field', '21', 'en_us', '');
INSERT INTO `craft_searchindex` (`elementId`, `attribute`, `fieldId`, `locale`, `keywords`) VALUES ('4', 'field', '4', 'en_us', '');
INSERT INTO `craft_searchindex` (`elementId`, `attribute`, `fieldId`, `locale`, `keywords`) VALUES ('4', 'field', '5', 'en_us', '');
INSERT INTO `craft_searchindex` (`elementId`, `attribute`, `fieldId`, `locale`, `keywords`) VALUES ('4', 'field', '6', 'en_us', '');
INSERT INTO `craft_searchindex` (`elementId`, `attribute`, `fieldId`, `locale`, `keywords`) VALUES ('4', 'field', '3', 'en_us', '');
INSERT INTO `craft_searchindex` (`elementId`, `attribute`, `fieldId`, `locale`, `keywords`) VALUES ('15', 'field', '22', 'en_us', '');
INSERT INTO `craft_searchindex` (`elementId`, `attribute`, `fieldId`, `locale`, `keywords`) VALUES ('15', 'field', '2', 'en_us', '');
INSERT INTO `craft_searchindex` (`elementId`, `attribute`, `fieldId`, `locale`, `keywords`) VALUES ('15', 'field', '13', 'en_us', '');
INSERT INTO `craft_searchindex` (`elementId`, `attribute`, `fieldId`, `locale`, `keywords`) VALUES ('15', 'field', '14', 'en_us', '');
INSERT INTO `craft_searchindex` (`elementId`, `attribute`, `fieldId`, `locale`, `keywords`) VALUES ('15', 'field', '12', 'en_us', '');
INSERT INTO `craft_searchindex` (`elementId`, `attribute`, `fieldId`, `locale`, `keywords`) VALUES ('15', 'field', '25', 'en_us', '');
INSERT INTO `craft_searchindex` (`elementId`, `attribute`, `fieldId`, `locale`, `keywords`) VALUES ('15', 'field', '11', 'en_us', '');
INSERT INTO `craft_searchindex` (`elementId`, `attribute`, `fieldId`, `locale`, `keywords`) VALUES ('15', 'field', '1', 'en_us', '');
INSERT INTO `craft_searchindex` (`elementId`, `attribute`, `fieldId`, `locale`, `keywords`) VALUES ('15', 'field', '7', 'en_us', '');
INSERT INTO `craft_searchindex` (`elementId`, `attribute`, `fieldId`, `locale`, `keywords`) VALUES ('15', 'field', '9', 'en_us', '');
INSERT INTO `craft_searchindex` (`elementId`, `attribute`, `fieldId`, `locale`, `keywords`) VALUES ('15', 'field', '8', 'en_us', '');
INSERT INTO `craft_searchindex` (`elementId`, `attribute`, `fieldId`, `locale`, `keywords`) VALUES ('15', 'field', '16', 'en_us', '');
INSERT INTO `craft_searchindex` (`elementId`, `attribute`, `fieldId`, `locale`, `keywords`) VALUES ('15', 'field', '15', 'en_us', '');
INSERT INTO `craft_searchindex` (`elementId`, `attribute`, `fieldId`, `locale`, `keywords`) VALUES ('15', 'field', '10', 'en_us', '');
INSERT INTO `craft_searchindex` (`elementId`, `attribute`, `fieldId`, `locale`, `keywords`) VALUES ('15', 'field', '23', 'en_us', '');
INSERT INTO `craft_searchindex` (`elementId`, `attribute`, `fieldId`, `locale`, `keywords`) VALUES ('15', 'field', '20', 'en_us', '');
INSERT INTO `craft_searchindex` (`elementId`, `attribute`, `fieldId`, `locale`, `keywords`) VALUES ('15', 'field', '17', 'en_us', '');
INSERT INTO `craft_searchindex` (`elementId`, `attribute`, `fieldId`, `locale`, `keywords`) VALUES ('15', 'field', '27', 'en_us', '');
INSERT INTO `craft_searchindex` (`elementId`, `attribute`, `fieldId`, `locale`, `keywords`) VALUES ('15', 'field', '29', 'en_us', '');
INSERT INTO `craft_searchindex` (`elementId`, `attribute`, `fieldId`, `locale`, `keywords`) VALUES ('15', 'field', '28', 'en_us', '');
INSERT INTO `craft_searchindex` (`elementId`, `attribute`, `fieldId`, `locale`, `keywords`) VALUES ('15', 'field', '26', 'en_us', '');
INSERT INTO `craft_searchindex` (`elementId`, `attribute`, `fieldId`, `locale`, `keywords`) VALUES ('15', 'field', '24', 'en_us', '');
INSERT INTO `craft_searchindex` (`elementId`, `attribute`, `fieldId`, `locale`, `keywords`) VALUES ('15', 'field', '21', 'en_us', '');
INSERT INTO `craft_searchindex` (`elementId`, `attribute`, `fieldId`, `locale`, `keywords`) VALUES ('15', 'field', '5', 'en_us', ' different text here ');
INSERT INTO `craft_searchindex` (`elementId`, `attribute`, `fieldId`, `locale`, `keywords`) VALUES ('15', 'field', '4', 'en_us', '');
INSERT INTO `craft_searchindex` (`elementId`, `attribute`, `fieldId`, `locale`, `keywords`) VALUES ('15', 'field', '6', 'en_us', ' http www google com ');
INSERT INTO `craft_searchindex` (`elementId`, `attribute`, `fieldId`, `locale`, `keywords`) VALUES ('15', 'field', '3', 'en_us', '');
INSERT INTO `craft_searchindex` (`elementId`, `attribute`, `fieldId`, `locale`, `keywords`) VALUES ('15', 'filename', '0', 'en_us', ' 700 jpg ');
INSERT INTO `craft_searchindex` (`elementId`, `attribute`, `fieldId`, `locale`, `keywords`) VALUES ('15', 'extension', '0', 'en_us', ' jpg ');
INSERT INTO `craft_searchindex` (`elementId`, `attribute`, `fieldId`, `locale`, `keywords`) VALUES ('15', 'kind', '0', 'en_us', ' image ');
INSERT INTO `craft_searchindex` (`elementId`, `attribute`, `fieldId`, `locale`, `keywords`) VALUES ('15', 'title', '0', 'en_us', ' different title ');
INSERT INTO `craft_searchindex` (`elementId`, `attribute`, `fieldId`, `locale`, `keywords`) VALUES ('5', 'slug', '0', 'en_us', ' contact ');
INSERT INTO `craft_searchindex` (`elementId`, `attribute`, `fieldId`, `locale`, `keywords`) VALUES ('2', 'field', '22', 'en_us', '');
INSERT INTO `craft_searchindex` (`elementId`, `attribute`, `fieldId`, `locale`, `keywords`) VALUES ('2', 'field', '13', 'en_us', '');
INSERT INTO `craft_searchindex` (`elementId`, `attribute`, `fieldId`, `locale`, `keywords`) VALUES ('2', 'field', '14', 'en_us', '');
INSERT INTO `craft_searchindex` (`elementId`, `attribute`, `fieldId`, `locale`, `keywords`) VALUES ('2', 'field', '12', 'en_us', '');
INSERT INTO `craft_searchindex` (`elementId`, `attribute`, `fieldId`, `locale`, `keywords`) VALUES ('2', 'field', '25', 'en_us', '');
INSERT INTO `craft_searchindex` (`elementId`, `attribute`, `fieldId`, `locale`, `keywords`) VALUES ('2', 'field', '11', 'en_us', ' hello blaithinennis com 353 0 87 767 6026 hello blaithinennis com 353 0 87 767 6026 ');
INSERT INTO `craft_searchindex` (`elementId`, `attribute`, `fieldId`, `locale`, `keywords`) VALUES ('2', 'field', '7', 'en_us', ' 450 ');
INSERT INTO `craft_searchindex` (`elementId`, `attribute`, `fieldId`, `locale`, `keywords`) VALUES ('2', 'field', '9', 'en_us', ' 320 ');
INSERT INTO `craft_searchindex` (`elementId`, `attribute`, `fieldId`, `locale`, `keywords`) VALUES ('2', 'field', '8', 'en_us', ' 250 ');
INSERT INTO `craft_searchindex` (`elementId`, `attribute`, `fieldId`, `locale`, `keywords`) VALUES ('2', 'field', '16', 'en_us', '');
INSERT INTO `craft_searchindex` (`elementId`, `attribute`, `fieldId`, `locale`, `keywords`) VALUES ('2', 'field', '15', 'en_us', '');
INSERT INTO `craft_searchindex` (`elementId`, `attribute`, `fieldId`, `locale`, `keywords`) VALUES ('2', 'field', '10', 'en_us', ' blaithin ennis is a 2011 bdes hons graduate of the national college of art and design ncad dublin coupled with her studies in embroidery and a wonderful industry internship with new york based designer diane von furstenberg she found her niche ');
INSERT INTO `craft_searchindex` (`elementId`, `attribute`, `fieldId`, `locale`, `keywords`) VALUES ('2', 'field', '23', 'en_us', '');
INSERT INTO `craft_searchindex` (`elementId`, `attribute`, `fieldId`, `locale`, `keywords`) VALUES ('2', 'field', '20', 'en_us', '');
INSERT INTO `craft_searchindex` (`elementId`, `attribute`, `fieldId`, `locale`, `keywords`) VALUES ('2', 'field', '17', 'en_us', '');
INSERT INTO `craft_searchindex` (`elementId`, `attribute`, `fieldId`, `locale`, `keywords`) VALUES ('2', 'field', '27', 'en_us', '');
INSERT INTO `craft_searchindex` (`elementId`, `attribute`, `fieldId`, `locale`, `keywords`) VALUES ('2', 'field', '29', 'en_us', '');
INSERT INTO `craft_searchindex` (`elementId`, `attribute`, `fieldId`, `locale`, `keywords`) VALUES ('2', 'field', '28', 'en_us', '');
INSERT INTO `craft_searchindex` (`elementId`, `attribute`, `fieldId`, `locale`, `keywords`) VALUES ('2', 'field', '26', 'en_us', '');
INSERT INTO `craft_searchindex` (`elementId`, `attribute`, `fieldId`, `locale`, `keywords`) VALUES ('2', 'field', '24', 'en_us', '');
INSERT INTO `craft_searchindex` (`elementId`, `attribute`, `fieldId`, `locale`, `keywords`) VALUES ('2', 'field', '21', 'en_us', '');
INSERT INTO `craft_searchindex` (`elementId`, `attribute`, `fieldId`, `locale`, `keywords`) VALUES ('2', 'field', '5', 'en_us', '');
INSERT INTO `craft_searchindex` (`elementId`, `attribute`, `fieldId`, `locale`, `keywords`) VALUES ('2', 'field', '4', 'en_us', ' cat different title ');
INSERT INTO `craft_searchindex` (`elementId`, `attribute`, `fieldId`, `locale`, `keywords`) VALUES ('2', 'field', '6', 'en_us', '');
INSERT INTO `craft_searchindex` (`elementId`, `attribute`, `fieldId`, `locale`, `keywords`) VALUES ('16', 'field', '22', 'en_us', '');
INSERT INTO `craft_searchindex` (`elementId`, `attribute`, `fieldId`, `locale`, `keywords`) VALUES ('16', 'field', '2', 'en_us', '');
INSERT INTO `craft_searchindex` (`elementId`, `attribute`, `fieldId`, `locale`, `keywords`) VALUES ('16', 'field', '13', 'en_us', '');
INSERT INTO `craft_searchindex` (`elementId`, `attribute`, `fieldId`, `locale`, `keywords`) VALUES ('16', 'field', '14', 'en_us', '');
INSERT INTO `craft_searchindex` (`elementId`, `attribute`, `fieldId`, `locale`, `keywords`) VALUES ('16', 'field', '12', 'en_us', '');
INSERT INTO `craft_searchindex` (`elementId`, `attribute`, `fieldId`, `locale`, `keywords`) VALUES ('16', 'field', '25', 'en_us', '');
INSERT INTO `craft_searchindex` (`elementId`, `attribute`, `fieldId`, `locale`, `keywords`) VALUES ('16', 'field', '11', 'en_us', '');
INSERT INTO `craft_searchindex` (`elementId`, `attribute`, `fieldId`, `locale`, `keywords`) VALUES ('16', 'field', '1', 'en_us', '');
INSERT INTO `craft_searchindex` (`elementId`, `attribute`, `fieldId`, `locale`, `keywords`) VALUES ('16', 'field', '7', 'en_us', '');
INSERT INTO `craft_searchindex` (`elementId`, `attribute`, `fieldId`, `locale`, `keywords`) VALUES ('16', 'field', '9', 'en_us', '');
INSERT INTO `craft_searchindex` (`elementId`, `attribute`, `fieldId`, `locale`, `keywords`) VALUES ('16', 'field', '8', 'en_us', '');
INSERT INTO `craft_searchindex` (`elementId`, `attribute`, `fieldId`, `locale`, `keywords`) VALUES ('16', 'field', '16', 'en_us', '');
INSERT INTO `craft_searchindex` (`elementId`, `attribute`, `fieldId`, `locale`, `keywords`) VALUES ('16', 'field', '15', 'en_us', '');
INSERT INTO `craft_searchindex` (`elementId`, `attribute`, `fieldId`, `locale`, `keywords`) VALUES ('16', 'field', '10', 'en_us', '');
INSERT INTO `craft_searchindex` (`elementId`, `attribute`, `fieldId`, `locale`, `keywords`) VALUES ('16', 'field', '23', 'en_us', '');
INSERT INTO `craft_searchindex` (`elementId`, `attribute`, `fieldId`, `locale`, `keywords`) VALUES ('16', 'field', '20', 'en_us', '');
INSERT INTO `craft_searchindex` (`elementId`, `attribute`, `fieldId`, `locale`, `keywords`) VALUES ('16', 'field', '17', 'en_us', '');
INSERT INTO `craft_searchindex` (`elementId`, `attribute`, `fieldId`, `locale`, `keywords`) VALUES ('16', 'field', '27', 'en_us', '');
INSERT INTO `craft_searchindex` (`elementId`, `attribute`, `fieldId`, `locale`, `keywords`) VALUES ('16', 'field', '29', 'en_us', '');
INSERT INTO `craft_searchindex` (`elementId`, `attribute`, `fieldId`, `locale`, `keywords`) VALUES ('16', 'field', '28', 'en_us', '');
INSERT INTO `craft_searchindex` (`elementId`, `attribute`, `fieldId`, `locale`, `keywords`) VALUES ('16', 'field', '26', 'en_us', '');
INSERT INTO `craft_searchindex` (`elementId`, `attribute`, `fieldId`, `locale`, `keywords`) VALUES ('16', 'field', '24', 'en_us', '');
INSERT INTO `craft_searchindex` (`elementId`, `attribute`, `fieldId`, `locale`, `keywords`) VALUES ('16', 'field', '21', 'en_us', '');
INSERT INTO `craft_searchindex` (`elementId`, `attribute`, `fieldId`, `locale`, `keywords`) VALUES ('16', 'field', '5', 'en_us', ' blaithin ennis is a designer based in north co wexford she specializes in bespoke fashion accessories both statement pieces and smaller ready to wear jewellery ');
INSERT INTO `craft_searchindex` (`elementId`, `attribute`, `fieldId`, `locale`, `keywords`) VALUES ('16', 'field', '4', 'en_us', '');
INSERT INTO `craft_searchindex` (`elementId`, `attribute`, `fieldId`, `locale`, `keywords`) VALUES ('16', 'field', '6', 'en_us', ' http www google com ');
INSERT INTO `craft_searchindex` (`elementId`, `attribute`, `fieldId`, `locale`, `keywords`) VALUES ('16', 'field', '3', 'en_us', '');
INSERT INTO `craft_searchindex` (`elementId`, `attribute`, `fieldId`, `locale`, `keywords`) VALUES ('16', 'filename', '0', 'en_us', ' cat jpg ');
INSERT INTO `craft_searchindex` (`elementId`, `attribute`, `fieldId`, `locale`, `keywords`) VALUES ('16', 'extension', '0', 'en_us', ' jpg ');
INSERT INTO `craft_searchindex` (`elementId`, `attribute`, `fieldId`, `locale`, `keywords`) VALUES ('16', 'kind', '0', 'en_us', ' image ');
INSERT INTO `craft_searchindex` (`elementId`, `attribute`, `fieldId`, `locale`, `keywords`) VALUES ('16', 'title', '0', 'en_us', ' cat ');
INSERT INTO `craft_searchindex` (`elementId`, `attribute`, `fieldId`, `locale`, `keywords`) VALUES ('5', 'title', '0', 'en_us', ' contact ');
INSERT INTO `craft_searchindex` (`elementId`, `attribute`, `fieldId`, `locale`, `keywords`) VALUES ('5', 'field', '22', 'en_us', '');
INSERT INTO `craft_searchindex` (`elementId`, `attribute`, `fieldId`, `locale`, `keywords`) VALUES ('5', 'field', '2', 'en_us', '');
INSERT INTO `craft_searchindex` (`elementId`, `attribute`, `fieldId`, `locale`, `keywords`) VALUES ('5', 'field', '13', 'en_us', '');
INSERT INTO `craft_searchindex` (`elementId`, `attribute`, `fieldId`, `locale`, `keywords`) VALUES ('5', 'field', '14', 'en_us', '');
INSERT INTO `craft_searchindex` (`elementId`, `attribute`, `fieldId`, `locale`, `keywords`) VALUES ('5', 'field', '12', 'en_us', '');
INSERT INTO `craft_searchindex` (`elementId`, `attribute`, `fieldId`, `locale`, `keywords`) VALUES ('5', 'field', '25', 'en_us', '');
INSERT INTO `craft_searchindex` (`elementId`, `attribute`, `fieldId`, `locale`, `keywords`) VALUES ('5', 'field', '11', 'en_us', ' hello blaithinennis com 353 0 87 767 6026 hello blaithinennis com 353 0 87 767 6026 ');
INSERT INTO `craft_searchindex` (`elementId`, `attribute`, `fieldId`, `locale`, `keywords`) VALUES ('5', 'field', '1', 'en_us', '');
INSERT INTO `craft_searchindex` (`elementId`, `attribute`, `fieldId`, `locale`, `keywords`) VALUES ('5', 'field', '7', 'en_us', '');
INSERT INTO `craft_searchindex` (`elementId`, `attribute`, `fieldId`, `locale`, `keywords`) VALUES ('5', 'field', '9', 'en_us', '');
INSERT INTO `craft_searchindex` (`elementId`, `attribute`, `fieldId`, `locale`, `keywords`) VALUES ('5', 'field', '8', 'en_us', '');
INSERT INTO `craft_searchindex` (`elementId`, `attribute`, `fieldId`, `locale`, `keywords`) VALUES ('5', 'field', '16', 'en_us', '');
INSERT INTO `craft_searchindex` (`elementId`, `attribute`, `fieldId`, `locale`, `keywords`) VALUES ('5', 'field', '15', 'en_us', '');
INSERT INTO `craft_searchindex` (`elementId`, `attribute`, `fieldId`, `locale`, `keywords`) VALUES ('5', 'field', '10', 'en_us', '');
INSERT INTO `craft_searchindex` (`elementId`, `attribute`, `fieldId`, `locale`, `keywords`) VALUES ('5', 'field', '23', 'en_us', '');
INSERT INTO `craft_searchindex` (`elementId`, `attribute`, `fieldId`, `locale`, `keywords`) VALUES ('5', 'field', '20', 'en_us', '');
INSERT INTO `craft_searchindex` (`elementId`, `attribute`, `fieldId`, `locale`, `keywords`) VALUES ('5', 'field', '17', 'en_us', '');
INSERT INTO `craft_searchindex` (`elementId`, `attribute`, `fieldId`, `locale`, `keywords`) VALUES ('5', 'field', '27', 'en_us', '');
INSERT INTO `craft_searchindex` (`elementId`, `attribute`, `fieldId`, `locale`, `keywords`) VALUES ('5', 'field', '29', 'en_us', '');
INSERT INTO `craft_searchindex` (`elementId`, `attribute`, `fieldId`, `locale`, `keywords`) VALUES ('5', 'field', '28', 'en_us', '');
INSERT INTO `craft_searchindex` (`elementId`, `attribute`, `fieldId`, `locale`, `keywords`) VALUES ('5', 'field', '26', 'en_us', '');
INSERT INTO `craft_searchindex` (`elementId`, `attribute`, `fieldId`, `locale`, `keywords`) VALUES ('5', 'field', '24', 'en_us', '');
INSERT INTO `craft_searchindex` (`elementId`, `attribute`, `fieldId`, `locale`, `keywords`) VALUES ('5', 'field', '21', 'en_us', '');
INSERT INTO `craft_searchindex` (`elementId`, `attribute`, `fieldId`, `locale`, `keywords`) VALUES ('5', 'field', '5', 'en_us', '');
INSERT INTO `craft_searchindex` (`elementId`, `attribute`, `fieldId`, `locale`, `keywords`) VALUES ('5', 'field', '4', 'en_us', '');
INSERT INTO `craft_searchindex` (`elementId`, `attribute`, `fieldId`, `locale`, `keywords`) VALUES ('5', 'field', '6', 'en_us', '');
INSERT INTO `craft_searchindex` (`elementId`, `attribute`, `fieldId`, `locale`, `keywords`) VALUES ('5', 'field', '3', 'en_us', '');
INSERT INTO `craft_searchindex` (`elementId`, `attribute`, `fieldId`, `locale`, `keywords`) VALUES ('6', 'slug', '0', 'en_us', ' collection ');
INSERT INTO `craft_searchindex` (`elementId`, `attribute`, `fieldId`, `locale`, `keywords`) VALUES ('6', 'title', '0', 'en_us', ' collections ');
INSERT INTO `craft_searchindex` (`elementId`, `attribute`, `fieldId`, `locale`, `keywords`) VALUES ('6', 'field', '22', 'en_us', '');
INSERT INTO `craft_searchindex` (`elementId`, `attribute`, `fieldId`, `locale`, `keywords`) VALUES ('6', 'field', '2', 'en_us', '');
INSERT INTO `craft_searchindex` (`elementId`, `attribute`, `fieldId`, `locale`, `keywords`) VALUES ('6', 'field', '13', 'en_us', '');
INSERT INTO `craft_searchindex` (`elementId`, `attribute`, `fieldId`, `locale`, `keywords`) VALUES ('6', 'field', '14', 'en_us', '');
INSERT INTO `craft_searchindex` (`elementId`, `attribute`, `fieldId`, `locale`, `keywords`) VALUES ('6', 'field', '12', 'en_us', '');
INSERT INTO `craft_searchindex` (`elementId`, `attribute`, `fieldId`, `locale`, `keywords`) VALUES ('6', 'field', '25', 'en_us', '');
INSERT INTO `craft_searchindex` (`elementId`, `attribute`, `fieldId`, `locale`, `keywords`) VALUES ('6', 'field', '30', 'en_us', '');
INSERT INTO `craft_searchindex` (`elementId`, `attribute`, `fieldId`, `locale`, `keywords`) VALUES ('6', 'field', '11', 'en_us', '');
INSERT INTO `craft_searchindex` (`elementId`, `attribute`, `fieldId`, `locale`, `keywords`) VALUES ('6', 'field', '1', 'en_us', ' collections ');
INSERT INTO `craft_searchindex` (`elementId`, `attribute`, `fieldId`, `locale`, `keywords`) VALUES ('6', 'field', '7', 'en_us', '');
INSERT INTO `craft_searchindex` (`elementId`, `attribute`, `fieldId`, `locale`, `keywords`) VALUES ('6', 'field', '9', 'en_us', '');
INSERT INTO `craft_searchindex` (`elementId`, `attribute`, `fieldId`, `locale`, `keywords`) VALUES ('6', 'field', '8', 'en_us', '');
INSERT INTO `craft_searchindex` (`elementId`, `attribute`, `fieldId`, `locale`, `keywords`) VALUES ('6', 'field', '16', 'en_us', '');
INSERT INTO `craft_searchindex` (`elementId`, `attribute`, `fieldId`, `locale`, `keywords`) VALUES ('6', 'field', '15', 'en_us', '');
INSERT INTO `craft_searchindex` (`elementId`, `attribute`, `fieldId`, `locale`, `keywords`) VALUES ('6', 'field', '10', 'en_us', ' blaithin ennis is a 2011 bdes hons graduate of the national college of art and design ncad dublin coupled with her studies in embroidery and a wonderful industry internship with new york based designer diane von furstenberg she found her niche ');
INSERT INTO `craft_searchindex` (`elementId`, `attribute`, `fieldId`, `locale`, `keywords`) VALUES ('6', 'field', '23', 'en_us', '');
INSERT INTO `craft_searchindex` (`elementId`, `attribute`, `fieldId`, `locale`, `keywords`) VALUES ('6', 'field', '20', 'en_us', '');
INSERT INTO `craft_searchindex` (`elementId`, `attribute`, `fieldId`, `locale`, `keywords`) VALUES ('6', 'field', '17', 'en_us', '');
INSERT INTO `craft_searchindex` (`elementId`, `attribute`, `fieldId`, `locale`, `keywords`) VALUES ('6', 'field', '27', 'en_us', '');
INSERT INTO `craft_searchindex` (`elementId`, `attribute`, `fieldId`, `locale`, `keywords`) VALUES ('6', 'field', '29', 'en_us', '');
INSERT INTO `craft_searchindex` (`elementId`, `attribute`, `fieldId`, `locale`, `keywords`) VALUES ('6', 'field', '28', 'en_us', '');
INSERT INTO `craft_searchindex` (`elementId`, `attribute`, `fieldId`, `locale`, `keywords`) VALUES ('6', 'field', '26', 'en_us', '');
INSERT INTO `craft_searchindex` (`elementId`, `attribute`, `fieldId`, `locale`, `keywords`) VALUES ('6', 'field', '24', 'en_us', '');
INSERT INTO `craft_searchindex` (`elementId`, `attribute`, `fieldId`, `locale`, `keywords`) VALUES ('6', 'field', '21', 'en_us', '');
INSERT INTO `craft_searchindex` (`elementId`, `attribute`, `fieldId`, `locale`, `keywords`) VALUES ('6', 'field', '5', 'en_us', '');
INSERT INTO `craft_searchindex` (`elementId`, `attribute`, `fieldId`, `locale`, `keywords`) VALUES ('6', 'field', '4', 'en_us', '');
INSERT INTO `craft_searchindex` (`elementId`, `attribute`, `fieldId`, `locale`, `keywords`) VALUES ('6', 'field', '6', 'en_us', '');
INSERT INTO `craft_searchindex` (`elementId`, `attribute`, `fieldId`, `locale`, `keywords`) VALUES ('6', 'field', '3', 'en_us', '');
INSERT INTO `craft_searchindex` (`elementId`, `attribute`, `fieldId`, `locale`, `keywords`) VALUES ('17', 'slug', '0', 'en_us', ' collections ');
INSERT INTO `craft_searchindex` (`elementId`, `attribute`, `fieldId`, `locale`, `keywords`) VALUES ('17', 'title', '0', 'en_us', ' collections ');
INSERT INTO `craft_searchindex` (`elementId`, `attribute`, `fieldId`, `locale`, `keywords`) VALUES ('17', 'field', '22', 'en_us', '');
INSERT INTO `craft_searchindex` (`elementId`, `attribute`, `fieldId`, `locale`, `keywords`) VALUES ('17', 'field', '2', 'en_us', '');
INSERT INTO `craft_searchindex` (`elementId`, `attribute`, `fieldId`, `locale`, `keywords`) VALUES ('17', 'field', '13', 'en_us', '');
INSERT INTO `craft_searchindex` (`elementId`, `attribute`, `fieldId`, `locale`, `keywords`) VALUES ('17', 'field', '14', 'en_us', '');
INSERT INTO `craft_searchindex` (`elementId`, `attribute`, `fieldId`, `locale`, `keywords`) VALUES ('17', 'field', '12', 'en_us', '');
INSERT INTO `craft_searchindex` (`elementId`, `attribute`, `fieldId`, `locale`, `keywords`) VALUES ('17', 'field', '25', 'en_us', '');
INSERT INTO `craft_searchindex` (`elementId`, `attribute`, `fieldId`, `locale`, `keywords`) VALUES ('17', 'field', '30', 'en_us', '');
INSERT INTO `craft_searchindex` (`elementId`, `attribute`, `fieldId`, `locale`, `keywords`) VALUES ('17', 'field', '11', 'en_us', '');
INSERT INTO `craft_searchindex` (`elementId`, `attribute`, `fieldId`, `locale`, `keywords`) VALUES ('17', 'field', '1', 'en_us', ' hello ');
INSERT INTO `craft_searchindex` (`elementId`, `attribute`, `fieldId`, `locale`, `keywords`) VALUES ('17', 'field', '7', 'en_us', '');
INSERT INTO `craft_searchindex` (`elementId`, `attribute`, `fieldId`, `locale`, `keywords`) VALUES ('17', 'field', '9', 'en_us', '');
INSERT INTO `craft_searchindex` (`elementId`, `attribute`, `fieldId`, `locale`, `keywords`) VALUES ('17', 'field', '8', 'en_us', '');
INSERT INTO `craft_searchindex` (`elementId`, `attribute`, `fieldId`, `locale`, `keywords`) VALUES ('17', 'field', '16', 'en_us', '');
INSERT INTO `craft_searchindex` (`elementId`, `attribute`, `fieldId`, `locale`, `keywords`) VALUES ('17', 'field', '15', 'en_us', '');
INSERT INTO `craft_searchindex` (`elementId`, `attribute`, `fieldId`, `locale`, `keywords`) VALUES ('17', 'field', '10', 'en_us', ' blaithin ennis is a 2011 bdes hons graduate of the national college of art and design ncad dublin coupled with her studies in embroidery and a wonderful industry internship with new york based designer diane von furstenberg she found her niche ');
INSERT INTO `craft_searchindex` (`elementId`, `attribute`, `fieldId`, `locale`, `keywords`) VALUES ('17', 'field', '23', 'en_us', '');
INSERT INTO `craft_searchindex` (`elementId`, `attribute`, `fieldId`, `locale`, `keywords`) VALUES ('17', 'field', '20', 'en_us', '');
INSERT INTO `craft_searchindex` (`elementId`, `attribute`, `fieldId`, `locale`, `keywords`) VALUES ('17', 'field', '17', 'en_us', '');
INSERT INTO `craft_searchindex` (`elementId`, `attribute`, `fieldId`, `locale`, `keywords`) VALUES ('17', 'field', '27', 'en_us', '');
INSERT INTO `craft_searchindex` (`elementId`, `attribute`, `fieldId`, `locale`, `keywords`) VALUES ('17', 'field', '29', 'en_us', '');
INSERT INTO `craft_searchindex` (`elementId`, `attribute`, `fieldId`, `locale`, `keywords`) VALUES ('17', 'field', '28', 'en_us', '');
INSERT INTO `craft_searchindex` (`elementId`, `attribute`, `fieldId`, `locale`, `keywords`) VALUES ('17', 'field', '26', 'en_us', '');
INSERT INTO `craft_searchindex` (`elementId`, `attribute`, `fieldId`, `locale`, `keywords`) VALUES ('17', 'field', '24', 'en_us', '');
INSERT INTO `craft_searchindex` (`elementId`, `attribute`, `fieldId`, `locale`, `keywords`) VALUES ('17', 'field', '21', 'en_us', '');
INSERT INTO `craft_searchindex` (`elementId`, `attribute`, `fieldId`, `locale`, `keywords`) VALUES ('17', 'field', '5', 'en_us', '');
INSERT INTO `craft_searchindex` (`elementId`, `attribute`, `fieldId`, `locale`, `keywords`) VALUES ('17', 'field', '4', 'en_us', '');
INSERT INTO `craft_searchindex` (`elementId`, `attribute`, `fieldId`, `locale`, `keywords`) VALUES ('17', 'field', '6', 'en_us', '');
INSERT INTO `craft_searchindex` (`elementId`, `attribute`, `fieldId`, `locale`, `keywords`) VALUES ('17', 'field', '3', 'en_us', '');
INSERT INTO `craft_searchindex` (`elementId`, `attribute`, `fieldId`, `locale`, `keywords`) VALUES ('19', 'slug', '0', 'en_us', ' this is it ');
INSERT INTO `craft_searchindex` (`elementId`, `attribute`, `fieldId`, `locale`, `keywords`) VALUES ('19', 'title', '0', 'en_us', ' this is it ');
INSERT INTO `craft_searchindex` (`elementId`, `attribute`, `fieldId`, `locale`, `keywords`) VALUES ('19', 'field', '22', 'en_us', '');
INSERT INTO `craft_searchindex` (`elementId`, `attribute`, `fieldId`, `locale`, `keywords`) VALUES ('19', 'field', '2', 'en_us', '');
INSERT INTO `craft_searchindex` (`elementId`, `attribute`, `fieldId`, `locale`, `keywords`) VALUES ('19', 'field', '13', 'en_us', '');
INSERT INTO `craft_searchindex` (`elementId`, `attribute`, `fieldId`, `locale`, `keywords`) VALUES ('19', 'field', '14', 'en_us', '');
INSERT INTO `craft_searchindex` (`elementId`, `attribute`, `fieldId`, `locale`, `keywords`) VALUES ('19', 'field', '12', 'en_us', '');
INSERT INTO `craft_searchindex` (`elementId`, `attribute`, `fieldId`, `locale`, `keywords`) VALUES ('19', 'field', '25', 'en_us', '');
INSERT INTO `craft_searchindex` (`elementId`, `attribute`, `fieldId`, `locale`, `keywords`) VALUES ('19', 'field', '30', 'en_us', '');
INSERT INTO `craft_searchindex` (`elementId`, `attribute`, `fieldId`, `locale`, `keywords`) VALUES ('19', 'field', '11', 'en_us', '');
INSERT INTO `craft_searchindex` (`elementId`, `attribute`, `fieldId`, `locale`, `keywords`) VALUES ('19', 'field', '1', 'en_us', '');
INSERT INTO `craft_searchindex` (`elementId`, `attribute`, `fieldId`, `locale`, `keywords`) VALUES ('19', 'field', '7', 'en_us', '');
INSERT INTO `craft_searchindex` (`elementId`, `attribute`, `fieldId`, `locale`, `keywords`) VALUES ('19', 'field', '9', 'en_us', '');
INSERT INTO `craft_searchindex` (`elementId`, `attribute`, `fieldId`, `locale`, `keywords`) VALUES ('19', 'field', '8', 'en_us', '');
INSERT INTO `craft_searchindex` (`elementId`, `attribute`, `fieldId`, `locale`, `keywords`) VALUES ('19', 'field', '16', 'en_us', '');
INSERT INTO `craft_searchindex` (`elementId`, `attribute`, `fieldId`, `locale`, `keywords`) VALUES ('19', 'field', '15', 'en_us', '');
INSERT INTO `craft_searchindex` (`elementId`, `attribute`, `fieldId`, `locale`, `keywords`) VALUES ('19', 'field', '10', 'en_us', '');
INSERT INTO `craft_searchindex` (`elementId`, `attribute`, `fieldId`, `locale`, `keywords`) VALUES ('19', 'field', '23', 'en_us', '');
INSERT INTO `craft_searchindex` (`elementId`, `attribute`, `fieldId`, `locale`, `keywords`) VALUES ('19', 'field', '20', 'en_us', '');
INSERT INTO `craft_searchindex` (`elementId`, `attribute`, `fieldId`, `locale`, `keywords`) VALUES ('19', 'field', '17', 'en_us', '');
INSERT INTO `craft_searchindex` (`elementId`, `attribute`, `fieldId`, `locale`, `keywords`) VALUES ('19', 'field', '27', 'en_us', '');
INSERT INTO `craft_searchindex` (`elementId`, `attribute`, `fieldId`, `locale`, `keywords`) VALUES ('19', 'field', '29', 'en_us', '');
INSERT INTO `craft_searchindex` (`elementId`, `attribute`, `fieldId`, `locale`, `keywords`) VALUES ('19', 'field', '28', 'en_us', '');
INSERT INTO `craft_searchindex` (`elementId`, `attribute`, `fieldId`, `locale`, `keywords`) VALUES ('19', 'field', '26', 'en_us', '');
INSERT INTO `craft_searchindex` (`elementId`, `attribute`, `fieldId`, `locale`, `keywords`) VALUES ('19', 'field', '24', 'en_us', '');
INSERT INTO `craft_searchindex` (`elementId`, `attribute`, `fieldId`, `locale`, `keywords`) VALUES ('19', 'field', '21', 'en_us', '');
INSERT INTO `craft_searchindex` (`elementId`, `attribute`, `fieldId`, `locale`, `keywords`) VALUES ('19', 'field', '5', 'en_us', '');
INSERT INTO `craft_searchindex` (`elementId`, `attribute`, `fieldId`, `locale`, `keywords`) VALUES ('19', 'field', '4', 'en_us', '');
INSERT INTO `craft_searchindex` (`elementId`, `attribute`, `fieldId`, `locale`, `keywords`) VALUES ('19', 'field', '6', 'en_us', '');
INSERT INTO `craft_searchindex` (`elementId`, `attribute`, `fieldId`, `locale`, `keywords`) VALUES ('19', 'field', '3', 'en_us', '');
INSERT INTO `craft_searchindex` (`elementId`, `attribute`, `fieldId`, `locale`, `keywords`) VALUES ('21', 'field', '22', 'en_us', '');
INSERT INTO `craft_searchindex` (`elementId`, `attribute`, `fieldId`, `locale`, `keywords`) VALUES ('21', 'field', '2', 'en_us', '');
INSERT INTO `craft_searchindex` (`elementId`, `attribute`, `fieldId`, `locale`, `keywords`) VALUES ('21', 'field', '13', 'en_us', '');
INSERT INTO `craft_searchindex` (`elementId`, `attribute`, `fieldId`, `locale`, `keywords`) VALUES ('21', 'field', '14', 'en_us', '');
INSERT INTO `craft_searchindex` (`elementId`, `attribute`, `fieldId`, `locale`, `keywords`) VALUES ('21', 'field', '31', 'en_us', '');
INSERT INTO `craft_searchindex` (`elementId`, `attribute`, `fieldId`, `locale`, `keywords`) VALUES ('21', 'field', '25', 'en_us', '');
INSERT INTO `craft_searchindex` (`elementId`, `attribute`, `fieldId`, `locale`, `keywords`) VALUES ('21', 'field', '11', 'en_us', '');
INSERT INTO `craft_searchindex` (`elementId`, `attribute`, `fieldId`, `locale`, `keywords`) VALUES ('21', 'field', '1', 'en_us', '');
INSERT INTO `craft_searchindex` (`elementId`, `attribute`, `fieldId`, `locale`, `keywords`) VALUES ('21', 'field', '7', 'en_us', '');
INSERT INTO `craft_searchindex` (`elementId`, `attribute`, `fieldId`, `locale`, `keywords`) VALUES ('21', 'field', '9', 'en_us', '');
INSERT INTO `craft_searchindex` (`elementId`, `attribute`, `fieldId`, `locale`, `keywords`) VALUES ('21', 'field', '8', 'en_us', '');
INSERT INTO `craft_searchindex` (`elementId`, `attribute`, `fieldId`, `locale`, `keywords`) VALUES ('21', 'field', '16', 'en_us', '');
INSERT INTO `craft_searchindex` (`elementId`, `attribute`, `fieldId`, `locale`, `keywords`) VALUES ('21', 'field', '15', 'en_us', '');
INSERT INTO `craft_searchindex` (`elementId`, `attribute`, `fieldId`, `locale`, `keywords`) VALUES ('21', 'field', '10', 'en_us', '');
INSERT INTO `craft_searchindex` (`elementId`, `attribute`, `fieldId`, `locale`, `keywords`) VALUES ('21', 'field', '23', 'en_us', '');
INSERT INTO `craft_searchindex` (`elementId`, `attribute`, `fieldId`, `locale`, `keywords`) VALUES ('21', 'field', '20', 'en_us', '');
INSERT INTO `craft_searchindex` (`elementId`, `attribute`, `fieldId`, `locale`, `keywords`) VALUES ('21', 'field', '17', 'en_us', '');
INSERT INTO `craft_searchindex` (`elementId`, `attribute`, `fieldId`, `locale`, `keywords`) VALUES ('21', 'field', '27', 'en_us', '');
INSERT INTO `craft_searchindex` (`elementId`, `attribute`, `fieldId`, `locale`, `keywords`) VALUES ('21', 'field', '29', 'en_us', '');
INSERT INTO `craft_searchindex` (`elementId`, `attribute`, `fieldId`, `locale`, `keywords`) VALUES ('21', 'field', '28', 'en_us', '');
INSERT INTO `craft_searchindex` (`elementId`, `attribute`, `fieldId`, `locale`, `keywords`) VALUES ('21', 'field', '26', 'en_us', '');
INSERT INTO `craft_searchindex` (`elementId`, `attribute`, `fieldId`, `locale`, `keywords`) VALUES ('21', 'field', '24', 'en_us', '');
INSERT INTO `craft_searchindex` (`elementId`, `attribute`, `fieldId`, `locale`, `keywords`) VALUES ('21', 'field', '21', 'en_us', '');
INSERT INTO `craft_searchindex` (`elementId`, `attribute`, `fieldId`, `locale`, `keywords`) VALUES ('21', 'field', '5', 'en_us', '');
INSERT INTO `craft_searchindex` (`elementId`, `attribute`, `fieldId`, `locale`, `keywords`) VALUES ('21', 'field', '4', 'en_us', '');
INSERT INTO `craft_searchindex` (`elementId`, `attribute`, `fieldId`, `locale`, `keywords`) VALUES ('21', 'field', '6', 'en_us', '');
INSERT INTO `craft_searchindex` (`elementId`, `attribute`, `fieldId`, `locale`, `keywords`) VALUES ('21', 'field', '3', 'en_us', '');
INSERT INTO `craft_searchindex` (`elementId`, `attribute`, `fieldId`, `locale`, `keywords`) VALUES ('21', 'filename', '0', 'en_us', ' cat jpg ');
INSERT INTO `craft_searchindex` (`elementId`, `attribute`, `fieldId`, `locale`, `keywords`) VALUES ('21', 'extension', '0', 'en_us', ' jpg ');
INSERT INTO `craft_searchindex` (`elementId`, `attribute`, `fieldId`, `locale`, `keywords`) VALUES ('21', 'kind', '0', 'en_us', ' image ');
INSERT INTO `craft_searchindex` (`elementId`, `attribute`, `fieldId`, `locale`, `keywords`) VALUES ('21', 'title', '0', 'en_us', ' cat ');
INSERT INTO `craft_searchindex` (`elementId`, `attribute`, `fieldId`, `locale`, `keywords`) VALUES ('22', 'slug', '0', 'en_us', ' collection title ');
INSERT INTO `craft_searchindex` (`elementId`, `attribute`, `fieldId`, `locale`, `keywords`) VALUES ('22', 'title', '0', 'en_us', ' spinnaker ');
INSERT INTO `craft_searchindex` (`elementId`, `attribute`, `fieldId`, `locale`, `keywords`) VALUES ('22', 'field', '22', 'en_us', '');
INSERT INTO `craft_searchindex` (`elementId`, `attribute`, `fieldId`, `locale`, `keywords`) VALUES ('22', 'field', '2', 'en_us', '');
INSERT INTO `craft_searchindex` (`elementId`, `attribute`, `fieldId`, `locale`, `keywords`) VALUES ('22', 'field', '13', 'en_us', ' cat ');
INSERT INTO `craft_searchindex` (`elementId`, `attribute`, `fieldId`, `locale`, `keywords`) VALUES ('22', 'field', '14', 'en_us', ' cat ');
INSERT INTO `craft_searchindex` (`elementId`, `attribute`, `fieldId`, `locale`, `keywords`) VALUES ('22', 'field', '31', 'en_us', ' was up lorem ipsum dolor sit amet consectetur adipisicing elit impedit quod voluptates asperiores reprehenderit omnis magni fuga suscipit voluptatum nobis dignissimos quia voluptas magnam ipsum eligendi sapiente perferendis provident culpa ab lorem ipsum dolor sit amet consectetur adipisicing elit impedit quod voluptates asperiores reprehenderit omnis magni fuga suscipit voluptatum nobis dignissimos quia voluptas magnam ipsum eligendi sapiente perferendis provident culpa ab ');
INSERT INTO `craft_searchindex` (`elementId`, `attribute`, `fieldId`, `locale`, `keywords`) VALUES ('22', 'field', '25', 'en_us', '');
INSERT INTO `craft_searchindex` (`elementId`, `attribute`, `fieldId`, `locale`, `keywords`) VALUES ('22', 'field', '11', 'en_us', '');
INSERT INTO `craft_searchindex` (`elementId`, `attribute`, `fieldId`, `locale`, `keywords`) VALUES ('22', 'field', '1', 'en_us', '');
INSERT INTO `craft_searchindex` (`elementId`, `attribute`, `fieldId`, `locale`, `keywords`) VALUES ('22', 'field', '7', 'en_us', '');
INSERT INTO `craft_searchindex` (`elementId`, `attribute`, `fieldId`, `locale`, `keywords`) VALUES ('22', 'field', '9', 'en_us', '');
INSERT INTO `craft_searchindex` (`elementId`, `attribute`, `fieldId`, `locale`, `keywords`) VALUES ('22', 'field', '8', 'en_us', '');
INSERT INTO `craft_searchindex` (`elementId`, `attribute`, `fieldId`, `locale`, `keywords`) VALUES ('22', 'field', '16', 'en_us', '');
INSERT INTO `craft_searchindex` (`elementId`, `attribute`, `fieldId`, `locale`, `keywords`) VALUES ('22', 'field', '15', 'en_us', '');
INSERT INTO `craft_searchindex` (`elementId`, `attribute`, `fieldId`, `locale`, `keywords`) VALUES ('22', 'field', '10', 'en_us', '');
INSERT INTO `craft_searchindex` (`elementId`, `attribute`, `fieldId`, `locale`, `keywords`) VALUES ('22', 'field', '23', 'en_us', '');
INSERT INTO `craft_searchindex` (`elementId`, `attribute`, `fieldId`, `locale`, `keywords`) VALUES ('22', 'field', '20', 'en_us', '');
INSERT INTO `craft_searchindex` (`elementId`, `attribute`, `fieldId`, `locale`, `keywords`) VALUES ('22', 'field', '17', 'en_us', '');
INSERT INTO `craft_searchindex` (`elementId`, `attribute`, `fieldId`, `locale`, `keywords`) VALUES ('22', 'field', '27', 'en_us', '');
INSERT INTO `craft_searchindex` (`elementId`, `attribute`, `fieldId`, `locale`, `keywords`) VALUES ('22', 'field', '29', 'en_us', '');
INSERT INTO `craft_searchindex` (`elementId`, `attribute`, `fieldId`, `locale`, `keywords`) VALUES ('22', 'field', '28', 'en_us', '');
INSERT INTO `craft_searchindex` (`elementId`, `attribute`, `fieldId`, `locale`, `keywords`) VALUES ('22', 'field', '26', 'en_us', '');
INSERT INTO `craft_searchindex` (`elementId`, `attribute`, `fieldId`, `locale`, `keywords`) VALUES ('22', 'field', '24', 'en_us', '');
INSERT INTO `craft_searchindex` (`elementId`, `attribute`, `fieldId`, `locale`, `keywords`) VALUES ('22', 'field', '21', 'en_us', '');
INSERT INTO `craft_searchindex` (`elementId`, `attribute`, `fieldId`, `locale`, `keywords`) VALUES ('22', 'field', '5', 'en_us', '');
INSERT INTO `craft_searchindex` (`elementId`, `attribute`, `fieldId`, `locale`, `keywords`) VALUES ('22', 'field', '4', 'en_us', '');
INSERT INTO `craft_searchindex` (`elementId`, `attribute`, `fieldId`, `locale`, `keywords`) VALUES ('22', 'field', '6', 'en_us', '');
INSERT INTO `craft_searchindex` (`elementId`, `attribute`, `fieldId`, `locale`, `keywords`) VALUES ('22', 'field', '3', 'en_us', '');
INSERT INTO `craft_searchindex` (`elementId`, `attribute`, `fieldId`, `locale`, `keywords`) VALUES ('23', 'slug', '0', 'en_us', ' collection two ');
INSERT INTO `craft_searchindex` (`elementId`, `attribute`, `fieldId`, `locale`, `keywords`) VALUES ('23', 'title', '0', 'en_us', ' karelain ');
INSERT INTO `craft_searchindex` (`elementId`, `attribute`, `fieldId`, `locale`, `keywords`) VALUES ('23', 'field', '22', 'en_us', '');
INSERT INTO `craft_searchindex` (`elementId`, `attribute`, `fieldId`, `locale`, `keywords`) VALUES ('23', 'field', '2', 'en_us', '');
INSERT INTO `craft_searchindex` (`elementId`, `attribute`, `fieldId`, `locale`, `keywords`) VALUES ('23', 'field', '13', 'en_us', ' screen shot 2013 11 28 at 09 18 41 ');
INSERT INTO `craft_searchindex` (`elementId`, `attribute`, `fieldId`, `locale`, `keywords`) VALUES ('23', 'field', '14', 'en_us', ' screen shot 2013 11 28 at 09 13 24 ');
INSERT INTO `craft_searchindex` (`elementId`, `attribute`, `fieldId`, `locale`, `keywords`) VALUES ('23', 'field', '31', 'en_us', ' lorem ipsum dolor sit amet consectetur adipisicing elit minima sed dignissimos quisquam recusandae nulla porro quia repellendus officia illo laboriosam consequuntur dolores eveniet porro alias omnis magni similique illum sapiente lorem ipsum dolor sit amet consectetur adipisicing elit minima sed dignissimos quisquam recusandae nulla porro quia repellendus officia illo laboriosam consequuntur dolores eveniet porro alias omnis magni similique illum sapiente ');
INSERT INTO `craft_searchindex` (`elementId`, `attribute`, `fieldId`, `locale`, `keywords`) VALUES ('23', 'field', '25', 'en_us', '');
INSERT INTO `craft_searchindex` (`elementId`, `attribute`, `fieldId`, `locale`, `keywords`) VALUES ('23', 'field', '11', 'en_us', '');
INSERT INTO `craft_searchindex` (`elementId`, `attribute`, `fieldId`, `locale`, `keywords`) VALUES ('23', 'field', '1', 'en_us', '');
INSERT INTO `craft_searchindex` (`elementId`, `attribute`, `fieldId`, `locale`, `keywords`) VALUES ('23', 'field', '7', 'en_us', '');
INSERT INTO `craft_searchindex` (`elementId`, `attribute`, `fieldId`, `locale`, `keywords`) VALUES ('23', 'field', '9', 'en_us', '');
INSERT INTO `craft_searchindex` (`elementId`, `attribute`, `fieldId`, `locale`, `keywords`) VALUES ('23', 'field', '8', 'en_us', '');
INSERT INTO `craft_searchindex` (`elementId`, `attribute`, `fieldId`, `locale`, `keywords`) VALUES ('23', 'field', '16', 'en_us', '');
INSERT INTO `craft_searchindex` (`elementId`, `attribute`, `fieldId`, `locale`, `keywords`) VALUES ('23', 'field', '15', 'en_us', '');
INSERT INTO `craft_searchindex` (`elementId`, `attribute`, `fieldId`, `locale`, `keywords`) VALUES ('23', 'field', '10', 'en_us', '');
INSERT INTO `craft_searchindex` (`elementId`, `attribute`, `fieldId`, `locale`, `keywords`) VALUES ('23', 'field', '23', 'en_us', '');
INSERT INTO `craft_searchindex` (`elementId`, `attribute`, `fieldId`, `locale`, `keywords`) VALUES ('23', 'field', '20', 'en_us', '');
INSERT INTO `craft_searchindex` (`elementId`, `attribute`, `fieldId`, `locale`, `keywords`) VALUES ('23', 'field', '17', 'en_us', '');
INSERT INTO `craft_searchindex` (`elementId`, `attribute`, `fieldId`, `locale`, `keywords`) VALUES ('23', 'field', '27', 'en_us', '');
INSERT INTO `craft_searchindex` (`elementId`, `attribute`, `fieldId`, `locale`, `keywords`) VALUES ('23', 'field', '29', 'en_us', '');
INSERT INTO `craft_searchindex` (`elementId`, `attribute`, `fieldId`, `locale`, `keywords`) VALUES ('23', 'field', '28', 'en_us', '');
INSERT INTO `craft_searchindex` (`elementId`, `attribute`, `fieldId`, `locale`, `keywords`) VALUES ('23', 'field', '26', 'en_us', '');
INSERT INTO `craft_searchindex` (`elementId`, `attribute`, `fieldId`, `locale`, `keywords`) VALUES ('23', 'field', '24', 'en_us', '');
INSERT INTO `craft_searchindex` (`elementId`, `attribute`, `fieldId`, `locale`, `keywords`) VALUES ('23', 'field', '21', 'en_us', '');
INSERT INTO `craft_searchindex` (`elementId`, `attribute`, `fieldId`, `locale`, `keywords`) VALUES ('23', 'field', '5', 'en_us', '');
INSERT INTO `craft_searchindex` (`elementId`, `attribute`, `fieldId`, `locale`, `keywords`) VALUES ('23', 'field', '4', 'en_us', '');
INSERT INTO `craft_searchindex` (`elementId`, `attribute`, `fieldId`, `locale`, `keywords`) VALUES ('23', 'field', '6', 'en_us', '');
INSERT INTO `craft_searchindex` (`elementId`, `attribute`, `fieldId`, `locale`, `keywords`) VALUES ('23', 'field', '3', 'en_us', '');
INSERT INTO `craft_searchindex` (`elementId`, `attribute`, `fieldId`, `locale`, `keywords`) VALUES ('22', 'field', '32', 'en_us', ' spinnaker ');
INSERT INTO `craft_searchindex` (`elementId`, `attribute`, `fieldId`, `locale`, `keywords`) VALUES ('24', 'field', '22', 'en_us', '');
INSERT INTO `craft_searchindex` (`elementId`, `attribute`, `fieldId`, `locale`, `keywords`) VALUES ('24', 'field', '2', 'en_us', '');
INSERT INTO `craft_searchindex` (`elementId`, `attribute`, `fieldId`, `locale`, `keywords`) VALUES ('24', 'field', '13', 'en_us', '');
INSERT INTO `craft_searchindex` (`elementId`, `attribute`, `fieldId`, `locale`, `keywords`) VALUES ('24', 'field', '32', 'en_us', '');
INSERT INTO `craft_searchindex` (`elementId`, `attribute`, `fieldId`, `locale`, `keywords`) VALUES ('24', 'field', '14', 'en_us', '');
INSERT INTO `craft_searchindex` (`elementId`, `attribute`, `fieldId`, `locale`, `keywords`) VALUES ('24', 'field', '31', 'en_us', '');
INSERT INTO `craft_searchindex` (`elementId`, `attribute`, `fieldId`, `locale`, `keywords`) VALUES ('24', 'field', '25', 'en_us', '');
INSERT INTO `craft_searchindex` (`elementId`, `attribute`, `fieldId`, `locale`, `keywords`) VALUES ('24', 'field', '11', 'en_us', '');
INSERT INTO `craft_searchindex` (`elementId`, `attribute`, `fieldId`, `locale`, `keywords`) VALUES ('24', 'field', '1', 'en_us', '');
INSERT INTO `craft_searchindex` (`elementId`, `attribute`, `fieldId`, `locale`, `keywords`) VALUES ('24', 'field', '7', 'en_us', '');
INSERT INTO `craft_searchindex` (`elementId`, `attribute`, `fieldId`, `locale`, `keywords`) VALUES ('24', 'field', '9', 'en_us', '');
INSERT INTO `craft_searchindex` (`elementId`, `attribute`, `fieldId`, `locale`, `keywords`) VALUES ('24', 'field', '8', 'en_us', '');
INSERT INTO `craft_searchindex` (`elementId`, `attribute`, `fieldId`, `locale`, `keywords`) VALUES ('24', 'field', '16', 'en_us', '');
INSERT INTO `craft_searchindex` (`elementId`, `attribute`, `fieldId`, `locale`, `keywords`) VALUES ('24', 'field', '15', 'en_us', '');
INSERT INTO `craft_searchindex` (`elementId`, `attribute`, `fieldId`, `locale`, `keywords`) VALUES ('24', 'field', '10', 'en_us', '');
INSERT INTO `craft_searchindex` (`elementId`, `attribute`, `fieldId`, `locale`, `keywords`) VALUES ('24', 'field', '23', 'en_us', '');
INSERT INTO `craft_searchindex` (`elementId`, `attribute`, `fieldId`, `locale`, `keywords`) VALUES ('24', 'field', '20', 'en_us', '');
INSERT INTO `craft_searchindex` (`elementId`, `attribute`, `fieldId`, `locale`, `keywords`) VALUES ('24', 'field', '17', 'en_us', '');
INSERT INTO `craft_searchindex` (`elementId`, `attribute`, `fieldId`, `locale`, `keywords`) VALUES ('24', 'field', '27', 'en_us', '');
INSERT INTO `craft_searchindex` (`elementId`, `attribute`, `fieldId`, `locale`, `keywords`) VALUES ('24', 'field', '29', 'en_us', '');
INSERT INTO `craft_searchindex` (`elementId`, `attribute`, `fieldId`, `locale`, `keywords`) VALUES ('24', 'field', '28', 'en_us', '');
INSERT INTO `craft_searchindex` (`elementId`, `attribute`, `fieldId`, `locale`, `keywords`) VALUES ('24', 'field', '26', 'en_us', '');
INSERT INTO `craft_searchindex` (`elementId`, `attribute`, `fieldId`, `locale`, `keywords`) VALUES ('24', 'field', '24', 'en_us', '');
INSERT INTO `craft_searchindex` (`elementId`, `attribute`, `fieldId`, `locale`, `keywords`) VALUES ('24', 'field', '21', 'en_us', '');
INSERT INTO `craft_searchindex` (`elementId`, `attribute`, `fieldId`, `locale`, `keywords`) VALUES ('24', 'field', '5', 'en_us', '');
INSERT INTO `craft_searchindex` (`elementId`, `attribute`, `fieldId`, `locale`, `keywords`) VALUES ('24', 'field', '4', 'en_us', '');
INSERT INTO `craft_searchindex` (`elementId`, `attribute`, `fieldId`, `locale`, `keywords`) VALUES ('24', 'field', '6', 'en_us', '');
INSERT INTO `craft_searchindex` (`elementId`, `attribute`, `fieldId`, `locale`, `keywords`) VALUES ('24', 'field', '3', 'en_us', '');
INSERT INTO `craft_searchindex` (`elementId`, `attribute`, `fieldId`, `locale`, `keywords`) VALUES ('24', 'filename', '0', 'en_us', ' screen_shot_2013 11 28_at_09 18 41 png ');
INSERT INTO `craft_searchindex` (`elementId`, `attribute`, `fieldId`, `locale`, `keywords`) VALUES ('24', 'extension', '0', 'en_us', ' png ');
INSERT INTO `craft_searchindex` (`elementId`, `attribute`, `fieldId`, `locale`, `keywords`) VALUES ('24', 'kind', '0', 'en_us', ' image ');
INSERT INTO `craft_searchindex` (`elementId`, `attribute`, `fieldId`, `locale`, `keywords`) VALUES ('24', 'title', '0', 'en_us', ' screen shot 2013 11 28 at 09 18 41 ');
INSERT INTO `craft_searchindex` (`elementId`, `attribute`, `fieldId`, `locale`, `keywords`) VALUES ('25', 'field', '22', 'en_us', '');
INSERT INTO `craft_searchindex` (`elementId`, `attribute`, `fieldId`, `locale`, `keywords`) VALUES ('25', 'field', '2', 'en_us', '');
INSERT INTO `craft_searchindex` (`elementId`, `attribute`, `fieldId`, `locale`, `keywords`) VALUES ('25', 'field', '13', 'en_us', '');
INSERT INTO `craft_searchindex` (`elementId`, `attribute`, `fieldId`, `locale`, `keywords`) VALUES ('25', 'field', '32', 'en_us', '');
INSERT INTO `craft_searchindex` (`elementId`, `attribute`, `fieldId`, `locale`, `keywords`) VALUES ('25', 'field', '14', 'en_us', '');
INSERT INTO `craft_searchindex` (`elementId`, `attribute`, `fieldId`, `locale`, `keywords`) VALUES ('25', 'field', '31', 'en_us', '');
INSERT INTO `craft_searchindex` (`elementId`, `attribute`, `fieldId`, `locale`, `keywords`) VALUES ('25', 'field', '25', 'en_us', '');
INSERT INTO `craft_searchindex` (`elementId`, `attribute`, `fieldId`, `locale`, `keywords`) VALUES ('25', 'field', '11', 'en_us', '');
INSERT INTO `craft_searchindex` (`elementId`, `attribute`, `fieldId`, `locale`, `keywords`) VALUES ('25', 'field', '1', 'en_us', '');
INSERT INTO `craft_searchindex` (`elementId`, `attribute`, `fieldId`, `locale`, `keywords`) VALUES ('25', 'field', '7', 'en_us', '');
INSERT INTO `craft_searchindex` (`elementId`, `attribute`, `fieldId`, `locale`, `keywords`) VALUES ('25', 'field', '9', 'en_us', '');
INSERT INTO `craft_searchindex` (`elementId`, `attribute`, `fieldId`, `locale`, `keywords`) VALUES ('25', 'field', '8', 'en_us', '');
INSERT INTO `craft_searchindex` (`elementId`, `attribute`, `fieldId`, `locale`, `keywords`) VALUES ('25', 'field', '16', 'en_us', '');
INSERT INTO `craft_searchindex` (`elementId`, `attribute`, `fieldId`, `locale`, `keywords`) VALUES ('25', 'field', '15', 'en_us', '');
INSERT INTO `craft_searchindex` (`elementId`, `attribute`, `fieldId`, `locale`, `keywords`) VALUES ('25', 'field', '10', 'en_us', '');
INSERT INTO `craft_searchindex` (`elementId`, `attribute`, `fieldId`, `locale`, `keywords`) VALUES ('25', 'field', '23', 'en_us', '');
INSERT INTO `craft_searchindex` (`elementId`, `attribute`, `fieldId`, `locale`, `keywords`) VALUES ('25', 'field', '20', 'en_us', '');
INSERT INTO `craft_searchindex` (`elementId`, `attribute`, `fieldId`, `locale`, `keywords`) VALUES ('25', 'field', '17', 'en_us', '');
INSERT INTO `craft_searchindex` (`elementId`, `attribute`, `fieldId`, `locale`, `keywords`) VALUES ('25', 'field', '27', 'en_us', '');
INSERT INTO `craft_searchindex` (`elementId`, `attribute`, `fieldId`, `locale`, `keywords`) VALUES ('25', 'field', '29', 'en_us', '');
INSERT INTO `craft_searchindex` (`elementId`, `attribute`, `fieldId`, `locale`, `keywords`) VALUES ('25', 'field', '28', 'en_us', '');
INSERT INTO `craft_searchindex` (`elementId`, `attribute`, `fieldId`, `locale`, `keywords`) VALUES ('25', 'field', '26', 'en_us', '');
INSERT INTO `craft_searchindex` (`elementId`, `attribute`, `fieldId`, `locale`, `keywords`) VALUES ('25', 'field', '24', 'en_us', '');
INSERT INTO `craft_searchindex` (`elementId`, `attribute`, `fieldId`, `locale`, `keywords`) VALUES ('25', 'field', '21', 'en_us', '');
INSERT INTO `craft_searchindex` (`elementId`, `attribute`, `fieldId`, `locale`, `keywords`) VALUES ('25', 'field', '5', 'en_us', '');
INSERT INTO `craft_searchindex` (`elementId`, `attribute`, `fieldId`, `locale`, `keywords`) VALUES ('25', 'field', '4', 'en_us', '');
INSERT INTO `craft_searchindex` (`elementId`, `attribute`, `fieldId`, `locale`, `keywords`) VALUES ('25', 'field', '6', 'en_us', '');
INSERT INTO `craft_searchindex` (`elementId`, `attribute`, `fieldId`, `locale`, `keywords`) VALUES ('25', 'field', '3', 'en_us', '');
INSERT INTO `craft_searchindex` (`elementId`, `attribute`, `fieldId`, `locale`, `keywords`) VALUES ('25', 'filename', '0', 'en_us', ' screen_shot_2013 11 28_at_09 13 24 png ');
INSERT INTO `craft_searchindex` (`elementId`, `attribute`, `fieldId`, `locale`, `keywords`) VALUES ('25', 'extension', '0', 'en_us', ' png ');
INSERT INTO `craft_searchindex` (`elementId`, `attribute`, `fieldId`, `locale`, `keywords`) VALUES ('25', 'kind', '0', 'en_us', ' image ');
INSERT INTO `craft_searchindex` (`elementId`, `attribute`, `fieldId`, `locale`, `keywords`) VALUES ('25', 'title', '0', 'en_us', ' screen shot 2013 11 28 at 09 13 24 ');
INSERT INTO `craft_searchindex` (`elementId`, `attribute`, `fieldId`, `locale`, `keywords`) VALUES ('23', 'field', '32', 'en_us', ' karelain ');
INSERT INTO `craft_searchindex` (`elementId`, `attribute`, `fieldId`, `locale`, `keywords`) VALUES ('27', 'slug', '0', 'en_us', ' dublin ');
INSERT INTO `craft_searchindex` (`elementId`, `attribute`, `fieldId`, `locale`, `keywords`) VALUES ('27', 'title', '0', 'en_us', ' dublin ');
INSERT INTO `craft_searchindex` (`elementId`, `attribute`, `fieldId`, `locale`, `keywords`) VALUES ('27', 'field', '22', 'en_us', '');
INSERT INTO `craft_searchindex` (`elementId`, `attribute`, `fieldId`, `locale`, `keywords`) VALUES ('27', 'field', '2', 'en_us', '');
INSERT INTO `craft_searchindex` (`elementId`, `attribute`, `fieldId`, `locale`, `keywords`) VALUES ('27', 'field', '13', 'en_us', '');
INSERT INTO `craft_searchindex` (`elementId`, `attribute`, `fieldId`, `locale`, `keywords`) VALUES ('27', 'field', '32', 'en_us', '');
INSERT INTO `craft_searchindex` (`elementId`, `attribute`, `fieldId`, `locale`, `keywords`) VALUES ('27', 'field', '14', 'en_us', '');
INSERT INTO `craft_searchindex` (`elementId`, `attribute`, `fieldId`, `locale`, `keywords`) VALUES ('27', 'field', '31', 'en_us', '');
INSERT INTO `craft_searchindex` (`elementId`, `attribute`, `fieldId`, `locale`, `keywords`) VALUES ('27', 'field', '25', 'en_us', '');
INSERT INTO `craft_searchindex` (`elementId`, `attribute`, `fieldId`, `locale`, `keywords`) VALUES ('27', 'field', '11', 'en_us', '');
INSERT INTO `craft_searchindex` (`elementId`, `attribute`, `fieldId`, `locale`, `keywords`) VALUES ('27', 'field', '1', 'en_us', '');
INSERT INTO `craft_searchindex` (`elementId`, `attribute`, `fieldId`, `locale`, `keywords`) VALUES ('27', 'field', '7', 'en_us', '');
INSERT INTO `craft_searchindex` (`elementId`, `attribute`, `fieldId`, `locale`, `keywords`) VALUES ('27', 'field', '9', 'en_us', '');
INSERT INTO `craft_searchindex` (`elementId`, `attribute`, `fieldId`, `locale`, `keywords`) VALUES ('27', 'field', '8', 'en_us', '');
INSERT INTO `craft_searchindex` (`elementId`, `attribute`, `fieldId`, `locale`, `keywords`) VALUES ('27', 'field', '10', 'en_us', '');
INSERT INTO `craft_searchindex` (`elementId`, `attribute`, `fieldId`, `locale`, `keywords`) VALUES ('27', 'field', '23', 'en_us', '');
INSERT INTO `craft_searchindex` (`elementId`, `attribute`, `fieldId`, `locale`, `keywords`) VALUES ('27', 'field', '20', 'en_us', '');
INSERT INTO `craft_searchindex` (`elementId`, `attribute`, `fieldId`, `locale`, `keywords`) VALUES ('27', 'field', '17', 'en_us', '');
INSERT INTO `craft_searchindex` (`elementId`, `attribute`, `fieldId`, `locale`, `keywords`) VALUES ('27', 'field', '27', 'en_us', '');
INSERT INTO `craft_searchindex` (`elementId`, `attribute`, `fieldId`, `locale`, `keywords`) VALUES ('27', 'field', '29', 'en_us', '');
INSERT INTO `craft_searchindex` (`elementId`, `attribute`, `fieldId`, `locale`, `keywords`) VALUES ('27', 'field', '28', 'en_us', '');
INSERT INTO `craft_searchindex` (`elementId`, `attribute`, `fieldId`, `locale`, `keywords`) VALUES ('27', 'field', '26', 'en_us', '');
INSERT INTO `craft_searchindex` (`elementId`, `attribute`, `fieldId`, `locale`, `keywords`) VALUES ('27', 'field', '24', 'en_us', '');
INSERT INTO `craft_searchindex` (`elementId`, `attribute`, `fieldId`, `locale`, `keywords`) VALUES ('27', 'field', '21', 'en_us', '');
INSERT INTO `craft_searchindex` (`elementId`, `attribute`, `fieldId`, `locale`, `keywords`) VALUES ('27', 'field', '33', 'en_us', ' kilkenny design nassau street kilkenny design nassau street kilkenny design pavillons swords kilkenny design pavillons swords project 51 south william street project 51 south william street the guinness gallery foxrock the guinness gallery foxrock fran and jane dundrum fran and jane dundrum ');
INSERT INTO `craft_searchindex` (`elementId`, `attribute`, `fieldId`, `locale`, `keywords`) VALUES ('27', 'field', '5', 'en_us', '');
INSERT INTO `craft_searchindex` (`elementId`, `attribute`, `fieldId`, `locale`, `keywords`) VALUES ('27', 'field', '4', 'en_us', '');
INSERT INTO `craft_searchindex` (`elementId`, `attribute`, `fieldId`, `locale`, `keywords`) VALUES ('27', 'field', '6', 'en_us', '');
INSERT INTO `craft_searchindex` (`elementId`, `attribute`, `fieldId`, `locale`, `keywords`) VALUES ('27', 'field', '3', 'en_us', '');
INSERT INTO `craft_searchindex` (`elementId`, `attribute`, `fieldId`, `locale`, `keywords`) VALUES ('7', 'slug', '0', 'en_us', ' stockists ');
INSERT INTO `craft_searchindex` (`elementId`, `attribute`, `fieldId`, `locale`, `keywords`) VALUES ('7', 'title', '0', 'en_us', ' wexford ');
INSERT INTO `craft_searchindex` (`elementId`, `attribute`, `fieldId`, `locale`, `keywords`) VALUES ('7', 'field', '22', 'en_us', '');
INSERT INTO `craft_searchindex` (`elementId`, `attribute`, `fieldId`, `locale`, `keywords`) VALUES ('7', 'field', '2', 'en_us', '');
INSERT INTO `craft_searchindex` (`elementId`, `attribute`, `fieldId`, `locale`, `keywords`) VALUES ('7', 'field', '13', 'en_us', '');
INSERT INTO `craft_searchindex` (`elementId`, `attribute`, `fieldId`, `locale`, `keywords`) VALUES ('7', 'field', '32', 'en_us', '');
INSERT INTO `craft_searchindex` (`elementId`, `attribute`, `fieldId`, `locale`, `keywords`) VALUES ('7', 'field', '14', 'en_us', '');
INSERT INTO `craft_searchindex` (`elementId`, `attribute`, `fieldId`, `locale`, `keywords`) VALUES ('7', 'field', '31', 'en_us', '');
INSERT INTO `craft_searchindex` (`elementId`, `attribute`, `fieldId`, `locale`, `keywords`) VALUES ('7', 'field', '25', 'en_us', '');
INSERT INTO `craft_searchindex` (`elementId`, `attribute`, `fieldId`, `locale`, `keywords`) VALUES ('7', 'field', '11', 'en_us', '');
INSERT INTO `craft_searchindex` (`elementId`, `attribute`, `fieldId`, `locale`, `keywords`) VALUES ('7', 'field', '1', 'en_us', '');
INSERT INTO `craft_searchindex` (`elementId`, `attribute`, `fieldId`, `locale`, `keywords`) VALUES ('7', 'field', '7', 'en_us', '');
INSERT INTO `craft_searchindex` (`elementId`, `attribute`, `fieldId`, `locale`, `keywords`) VALUES ('7', 'field', '9', 'en_us', '');
INSERT INTO `craft_searchindex` (`elementId`, `attribute`, `fieldId`, `locale`, `keywords`) VALUES ('7', 'field', '8', 'en_us', '');
INSERT INTO `craft_searchindex` (`elementId`, `attribute`, `fieldId`, `locale`, `keywords`) VALUES ('7', 'field', '10', 'en_us', '');
INSERT INTO `craft_searchindex` (`elementId`, `attribute`, `fieldId`, `locale`, `keywords`) VALUES ('7', 'field', '23', 'en_us', '');
INSERT INTO `craft_searchindex` (`elementId`, `attribute`, `fieldId`, `locale`, `keywords`) VALUES ('7', 'field', '20', 'en_us', '');
INSERT INTO `craft_searchindex` (`elementId`, `attribute`, `fieldId`, `locale`, `keywords`) VALUES ('7', 'field', '17', 'en_us', '');
INSERT INTO `craft_searchindex` (`elementId`, `attribute`, `fieldId`, `locale`, `keywords`) VALUES ('7', 'field', '27', 'en_us', '');
INSERT INTO `craft_searchindex` (`elementId`, `attribute`, `fieldId`, `locale`, `keywords`) VALUES ('7', 'field', '29', 'en_us', '');
INSERT INTO `craft_searchindex` (`elementId`, `attribute`, `fieldId`, `locale`, `keywords`) VALUES ('7', 'field', '28', 'en_us', '');
INSERT INTO `craft_searchindex` (`elementId`, `attribute`, `fieldId`, `locale`, `keywords`) VALUES ('7', 'field', '26', 'en_us', '');
INSERT INTO `craft_searchindex` (`elementId`, `attribute`, `fieldId`, `locale`, `keywords`) VALUES ('7', 'field', '24', 'en_us', '');
INSERT INTO `craft_searchindex` (`elementId`, `attribute`, `fieldId`, `locale`, `keywords`) VALUES ('7', 'field', '21', 'en_us', '');
INSERT INTO `craft_searchindex` (`elementId`, `attribute`, `fieldId`, `locale`, `keywords`) VALUES ('7', 'field', '33', 'en_us', ' place john street gorey place john street gorey ');
INSERT INTO `craft_searchindex` (`elementId`, `attribute`, `fieldId`, `locale`, `keywords`) VALUES ('7', 'field', '5', 'en_us', '');
INSERT INTO `craft_searchindex` (`elementId`, `attribute`, `fieldId`, `locale`, `keywords`) VALUES ('7', 'field', '4', 'en_us', '');
INSERT INTO `craft_searchindex` (`elementId`, `attribute`, `fieldId`, `locale`, `keywords`) VALUES ('7', 'field', '6', 'en_us', '');
INSERT INTO `craft_searchindex` (`elementId`, `attribute`, `fieldId`, `locale`, `keywords`) VALUES ('7', 'field', '3', 'en_us', '');
INSERT INTO `craft_searchindex` (`elementId`, `attribute`, `fieldId`, `locale`, `keywords`) VALUES ('28', 'slug', '0', 'en_us', ' offaly ');
INSERT INTO `craft_searchindex` (`elementId`, `attribute`, `fieldId`, `locale`, `keywords`) VALUES ('28', 'title', '0', 'en_us', ' offaly ');
INSERT INTO `craft_searchindex` (`elementId`, `attribute`, `fieldId`, `locale`, `keywords`) VALUES ('28', 'field', '22', 'en_us', '');
INSERT INTO `craft_searchindex` (`elementId`, `attribute`, `fieldId`, `locale`, `keywords`) VALUES ('28', 'field', '2', 'en_us', '');
INSERT INTO `craft_searchindex` (`elementId`, `attribute`, `fieldId`, `locale`, `keywords`) VALUES ('28', 'field', '13', 'en_us', '');
INSERT INTO `craft_searchindex` (`elementId`, `attribute`, `fieldId`, `locale`, `keywords`) VALUES ('28', 'field', '32', 'en_us', '');
INSERT INTO `craft_searchindex` (`elementId`, `attribute`, `fieldId`, `locale`, `keywords`) VALUES ('28', 'field', '14', 'en_us', '');
INSERT INTO `craft_searchindex` (`elementId`, `attribute`, `fieldId`, `locale`, `keywords`) VALUES ('28', 'field', '31', 'en_us', '');
INSERT INTO `craft_searchindex` (`elementId`, `attribute`, `fieldId`, `locale`, `keywords`) VALUES ('28', 'field', '25', 'en_us', '');
INSERT INTO `craft_searchindex` (`elementId`, `attribute`, `fieldId`, `locale`, `keywords`) VALUES ('28', 'field', '11', 'en_us', '');
INSERT INTO `craft_searchindex` (`elementId`, `attribute`, `fieldId`, `locale`, `keywords`) VALUES ('28', 'field', '1', 'en_us', '');
INSERT INTO `craft_searchindex` (`elementId`, `attribute`, `fieldId`, `locale`, `keywords`) VALUES ('28', 'field', '7', 'en_us', '');
INSERT INTO `craft_searchindex` (`elementId`, `attribute`, `fieldId`, `locale`, `keywords`) VALUES ('28', 'field', '9', 'en_us', '');
INSERT INTO `craft_searchindex` (`elementId`, `attribute`, `fieldId`, `locale`, `keywords`) VALUES ('28', 'field', '8', 'en_us', '');
INSERT INTO `craft_searchindex` (`elementId`, `attribute`, `fieldId`, `locale`, `keywords`) VALUES ('28', 'field', '10', 'en_us', '');
INSERT INTO `craft_searchindex` (`elementId`, `attribute`, `fieldId`, `locale`, `keywords`) VALUES ('28', 'field', '23', 'en_us', '');
INSERT INTO `craft_searchindex` (`elementId`, `attribute`, `fieldId`, `locale`, `keywords`) VALUES ('28', 'field', '20', 'en_us', '');
INSERT INTO `craft_searchindex` (`elementId`, `attribute`, `fieldId`, `locale`, `keywords`) VALUES ('28', 'field', '17', 'en_us', '');
INSERT INTO `craft_searchindex` (`elementId`, `attribute`, `fieldId`, `locale`, `keywords`) VALUES ('28', 'field', '27', 'en_us', '');
INSERT INTO `craft_searchindex` (`elementId`, `attribute`, `fieldId`, `locale`, `keywords`) VALUES ('28', 'field', '29', 'en_us', '');
INSERT INTO `craft_searchindex` (`elementId`, `attribute`, `fieldId`, `locale`, `keywords`) VALUES ('28', 'field', '28', 'en_us', '');
INSERT INTO `craft_searchindex` (`elementId`, `attribute`, `fieldId`, `locale`, `keywords`) VALUES ('28', 'field', '26', 'en_us', '');
INSERT INTO `craft_searchindex` (`elementId`, `attribute`, `fieldId`, `locale`, `keywords`) VALUES ('28', 'field', '24', 'en_us', '');
INSERT INTO `craft_searchindex` (`elementId`, `attribute`, `fieldId`, `locale`, `keywords`) VALUES ('28', 'field', '21', 'en_us', '');
INSERT INTO `craft_searchindex` (`elementId`, `attribute`, `fieldId`, `locale`, `keywords`) VALUES ('28', 'field', '33', 'en_us', ' noelle interiors 1 highstreet tullamore noelle interiors 1 highstreet tullamore ');
INSERT INTO `craft_searchindex` (`elementId`, `attribute`, `fieldId`, `locale`, `keywords`) VALUES ('28', 'field', '5', 'en_us', '');
INSERT INTO `craft_searchindex` (`elementId`, `attribute`, `fieldId`, `locale`, `keywords`) VALUES ('28', 'field', '4', 'en_us', '');
INSERT INTO `craft_searchindex` (`elementId`, `attribute`, `fieldId`, `locale`, `keywords`) VALUES ('28', 'field', '6', 'en_us', '');
INSERT INTO `craft_searchindex` (`elementId`, `attribute`, `fieldId`, `locale`, `keywords`) VALUES ('28', 'field', '3', 'en_us', '');
INSERT INTO `craft_searchindex` (`elementId`, `attribute`, `fieldId`, `locale`, `keywords`) VALUES ('29', 'slug', '0', 'en_us', ' carlow ');
INSERT INTO `craft_searchindex` (`elementId`, `attribute`, `fieldId`, `locale`, `keywords`) VALUES ('29', 'title', '0', 'en_us', ' carlow ');
INSERT INTO `craft_searchindex` (`elementId`, `attribute`, `fieldId`, `locale`, `keywords`) VALUES ('29', 'field', '22', 'en_us', '');
INSERT INTO `craft_searchindex` (`elementId`, `attribute`, `fieldId`, `locale`, `keywords`) VALUES ('29', 'field', '2', 'en_us', '');
INSERT INTO `craft_searchindex` (`elementId`, `attribute`, `fieldId`, `locale`, `keywords`) VALUES ('29', 'field', '13', 'en_us', '');
INSERT INTO `craft_searchindex` (`elementId`, `attribute`, `fieldId`, `locale`, `keywords`) VALUES ('29', 'field', '32', 'en_us', '');
INSERT INTO `craft_searchindex` (`elementId`, `attribute`, `fieldId`, `locale`, `keywords`) VALUES ('29', 'field', '14', 'en_us', '');
INSERT INTO `craft_searchindex` (`elementId`, `attribute`, `fieldId`, `locale`, `keywords`) VALUES ('29', 'field', '31', 'en_us', '');
INSERT INTO `craft_searchindex` (`elementId`, `attribute`, `fieldId`, `locale`, `keywords`) VALUES ('29', 'field', '25', 'en_us', '');
INSERT INTO `craft_searchindex` (`elementId`, `attribute`, `fieldId`, `locale`, `keywords`) VALUES ('29', 'field', '11', 'en_us', '');
INSERT INTO `craft_searchindex` (`elementId`, `attribute`, `fieldId`, `locale`, `keywords`) VALUES ('29', 'field', '1', 'en_us', '');
INSERT INTO `craft_searchindex` (`elementId`, `attribute`, `fieldId`, `locale`, `keywords`) VALUES ('29', 'field', '7', 'en_us', '');
INSERT INTO `craft_searchindex` (`elementId`, `attribute`, `fieldId`, `locale`, `keywords`) VALUES ('29', 'field', '9', 'en_us', '');
INSERT INTO `craft_searchindex` (`elementId`, `attribute`, `fieldId`, `locale`, `keywords`) VALUES ('29', 'field', '8', 'en_us', '');
INSERT INTO `craft_searchindex` (`elementId`, `attribute`, `fieldId`, `locale`, `keywords`) VALUES ('29', 'field', '10', 'en_us', '');
INSERT INTO `craft_searchindex` (`elementId`, `attribute`, `fieldId`, `locale`, `keywords`) VALUES ('29', 'field', '23', 'en_us', '');
INSERT INTO `craft_searchindex` (`elementId`, `attribute`, `fieldId`, `locale`, `keywords`) VALUES ('29', 'field', '20', 'en_us', '');
INSERT INTO `craft_searchindex` (`elementId`, `attribute`, `fieldId`, `locale`, `keywords`) VALUES ('29', 'field', '17', 'en_us', '');
INSERT INTO `craft_searchindex` (`elementId`, `attribute`, `fieldId`, `locale`, `keywords`) VALUES ('29', 'field', '27', 'en_us', '');
INSERT INTO `craft_searchindex` (`elementId`, `attribute`, `fieldId`, `locale`, `keywords`) VALUES ('29', 'field', '29', 'en_us', '');
INSERT INTO `craft_searchindex` (`elementId`, `attribute`, `fieldId`, `locale`, `keywords`) VALUES ('29', 'field', '28', 'en_us', '');
INSERT INTO `craft_searchindex` (`elementId`, `attribute`, `fieldId`, `locale`, `keywords`) VALUES ('29', 'field', '26', 'en_us', '');
INSERT INTO `craft_searchindex` (`elementId`, `attribute`, `fieldId`, `locale`, `keywords`) VALUES ('29', 'field', '24', 'en_us', '');
INSERT INTO `craft_searchindex` (`elementId`, `attribute`, `fieldId`, `locale`, `keywords`) VALUES ('29', 'field', '21', 'en_us', '');
INSERT INTO `craft_searchindex` (`elementId`, `attribute`, `fieldId`, `locale`, `keywords`) VALUES ('29', 'field', '33', 'en_us', ' elaine curtis exchequer house potato market elaine curtis exchequer house potato market ');
INSERT INTO `craft_searchindex` (`elementId`, `attribute`, `fieldId`, `locale`, `keywords`) VALUES ('29', 'field', '5', 'en_us', '');
INSERT INTO `craft_searchindex` (`elementId`, `attribute`, `fieldId`, `locale`, `keywords`) VALUES ('29', 'field', '4', 'en_us', '');
INSERT INTO `craft_searchindex` (`elementId`, `attribute`, `fieldId`, `locale`, `keywords`) VALUES ('29', 'field', '6', 'en_us', '');
INSERT INTO `craft_searchindex` (`elementId`, `attribute`, `fieldId`, `locale`, `keywords`) VALUES ('29', 'field', '3', 'en_us', '');
INSERT INTO `craft_searchindex` (`elementId`, `attribute`, `fieldId`, `locale`, `keywords`) VALUES ('30', 'slug', '0', 'en_us', ' tippearary ');
INSERT INTO `craft_searchindex` (`elementId`, `attribute`, `fieldId`, `locale`, `keywords`) VALUES ('30', 'title', '0', 'en_us', ' tippearary ');
INSERT INTO `craft_searchindex` (`elementId`, `attribute`, `fieldId`, `locale`, `keywords`) VALUES ('30', 'field', '22', 'en_us', '');
INSERT INTO `craft_searchindex` (`elementId`, `attribute`, `fieldId`, `locale`, `keywords`) VALUES ('30', 'field', '2', 'en_us', '');
INSERT INTO `craft_searchindex` (`elementId`, `attribute`, `fieldId`, `locale`, `keywords`) VALUES ('30', 'field', '13', 'en_us', '');
INSERT INTO `craft_searchindex` (`elementId`, `attribute`, `fieldId`, `locale`, `keywords`) VALUES ('30', 'field', '32', 'en_us', '');
INSERT INTO `craft_searchindex` (`elementId`, `attribute`, `fieldId`, `locale`, `keywords`) VALUES ('30', 'field', '14', 'en_us', '');
INSERT INTO `craft_searchindex` (`elementId`, `attribute`, `fieldId`, `locale`, `keywords`) VALUES ('30', 'field', '31', 'en_us', '');
INSERT INTO `craft_searchindex` (`elementId`, `attribute`, `fieldId`, `locale`, `keywords`) VALUES ('30', 'field', '25', 'en_us', '');
INSERT INTO `craft_searchindex` (`elementId`, `attribute`, `fieldId`, `locale`, `keywords`) VALUES ('30', 'field', '11', 'en_us', '');
INSERT INTO `craft_searchindex` (`elementId`, `attribute`, `fieldId`, `locale`, `keywords`) VALUES ('30', 'field', '1', 'en_us', '');
INSERT INTO `craft_searchindex` (`elementId`, `attribute`, `fieldId`, `locale`, `keywords`) VALUES ('30', 'field', '7', 'en_us', '');
INSERT INTO `craft_searchindex` (`elementId`, `attribute`, `fieldId`, `locale`, `keywords`) VALUES ('30', 'field', '9', 'en_us', '');
INSERT INTO `craft_searchindex` (`elementId`, `attribute`, `fieldId`, `locale`, `keywords`) VALUES ('30', 'field', '8', 'en_us', '');
INSERT INTO `craft_searchindex` (`elementId`, `attribute`, `fieldId`, `locale`, `keywords`) VALUES ('30', 'field', '10', 'en_us', '');
INSERT INTO `craft_searchindex` (`elementId`, `attribute`, `fieldId`, `locale`, `keywords`) VALUES ('30', 'field', '23', 'en_us', '');
INSERT INTO `craft_searchindex` (`elementId`, `attribute`, `fieldId`, `locale`, `keywords`) VALUES ('30', 'field', '20', 'en_us', '');
INSERT INTO `craft_searchindex` (`elementId`, `attribute`, `fieldId`, `locale`, `keywords`) VALUES ('30', 'field', '17', 'en_us', '');
INSERT INTO `craft_searchindex` (`elementId`, `attribute`, `fieldId`, `locale`, `keywords`) VALUES ('30', 'field', '27', 'en_us', '');
INSERT INTO `craft_searchindex` (`elementId`, `attribute`, `fieldId`, `locale`, `keywords`) VALUES ('30', 'field', '29', 'en_us', '');
INSERT INTO `craft_searchindex` (`elementId`, `attribute`, `fieldId`, `locale`, `keywords`) VALUES ('30', 'field', '28', 'en_us', '');
INSERT INTO `craft_searchindex` (`elementId`, `attribute`, `fieldId`, `locale`, `keywords`) VALUES ('30', 'field', '26', 'en_us', '');
INSERT INTO `craft_searchindex` (`elementId`, `attribute`, `fieldId`, `locale`, `keywords`) VALUES ('30', 'field', '24', 'en_us', '');
INSERT INTO `craft_searchindex` (`elementId`, `attribute`, `fieldId`, `locale`, `keywords`) VALUES ('30', 'field', '21', 'en_us', '');
INSERT INTO `craft_searchindex` (`elementId`, `attribute`, `fieldId`, `locale`, `keywords`) VALUES ('30', 'field', '33', 'en_us', ' the craft granary cahir the craft granary cahir the design atelier nenagh the design atelier nenagh ');
INSERT INTO `craft_searchindex` (`elementId`, `attribute`, `fieldId`, `locale`, `keywords`) VALUES ('30', 'field', '5', 'en_us', '');
INSERT INTO `craft_searchindex` (`elementId`, `attribute`, `fieldId`, `locale`, `keywords`) VALUES ('30', 'field', '4', 'en_us', '');
INSERT INTO `craft_searchindex` (`elementId`, `attribute`, `fieldId`, `locale`, `keywords`) VALUES ('30', 'field', '6', 'en_us', '');
INSERT INTO `craft_searchindex` (`elementId`, `attribute`, `fieldId`, `locale`, `keywords`) VALUES ('30', 'field', '3', 'en_us', '');
INSERT INTO `craft_searchindex` (`elementId`, `attribute`, `fieldId`, `locale`, `keywords`) VALUES ('31', 'slug', '0', 'en_us', ' cork ');
INSERT INTO `craft_searchindex` (`elementId`, `attribute`, `fieldId`, `locale`, `keywords`) VALUES ('31', 'title', '0', 'en_us', ' cork ');
INSERT INTO `craft_searchindex` (`elementId`, `attribute`, `fieldId`, `locale`, `keywords`) VALUES ('31', 'field', '22', 'en_us', '');
INSERT INTO `craft_searchindex` (`elementId`, `attribute`, `fieldId`, `locale`, `keywords`) VALUES ('31', 'field', '2', 'en_us', '');
INSERT INTO `craft_searchindex` (`elementId`, `attribute`, `fieldId`, `locale`, `keywords`) VALUES ('31', 'field', '13', 'en_us', '');
INSERT INTO `craft_searchindex` (`elementId`, `attribute`, `fieldId`, `locale`, `keywords`) VALUES ('31', 'field', '32', 'en_us', '');
INSERT INTO `craft_searchindex` (`elementId`, `attribute`, `fieldId`, `locale`, `keywords`) VALUES ('31', 'field', '14', 'en_us', '');
INSERT INTO `craft_searchindex` (`elementId`, `attribute`, `fieldId`, `locale`, `keywords`) VALUES ('31', 'field', '31', 'en_us', '');
INSERT INTO `craft_searchindex` (`elementId`, `attribute`, `fieldId`, `locale`, `keywords`) VALUES ('31', 'field', '25', 'en_us', '');
INSERT INTO `craft_searchindex` (`elementId`, `attribute`, `fieldId`, `locale`, `keywords`) VALUES ('31', 'field', '11', 'en_us', '');
INSERT INTO `craft_searchindex` (`elementId`, `attribute`, `fieldId`, `locale`, `keywords`) VALUES ('31', 'field', '1', 'en_us', '');
INSERT INTO `craft_searchindex` (`elementId`, `attribute`, `fieldId`, `locale`, `keywords`) VALUES ('31', 'field', '7', 'en_us', '');
INSERT INTO `craft_searchindex` (`elementId`, `attribute`, `fieldId`, `locale`, `keywords`) VALUES ('31', 'field', '9', 'en_us', '');
INSERT INTO `craft_searchindex` (`elementId`, `attribute`, `fieldId`, `locale`, `keywords`) VALUES ('31', 'field', '8', 'en_us', '');
INSERT INTO `craft_searchindex` (`elementId`, `attribute`, `fieldId`, `locale`, `keywords`) VALUES ('31', 'field', '10', 'en_us', '');
INSERT INTO `craft_searchindex` (`elementId`, `attribute`, `fieldId`, `locale`, `keywords`) VALUES ('31', 'field', '23', 'en_us', '');
INSERT INTO `craft_searchindex` (`elementId`, `attribute`, `fieldId`, `locale`, `keywords`) VALUES ('31', 'field', '20', 'en_us', '');
INSERT INTO `craft_searchindex` (`elementId`, `attribute`, `fieldId`, `locale`, `keywords`) VALUES ('31', 'field', '17', 'en_us', '');
INSERT INTO `craft_searchindex` (`elementId`, `attribute`, `fieldId`, `locale`, `keywords`) VALUES ('31', 'field', '27', 'en_us', '');
INSERT INTO `craft_searchindex` (`elementId`, `attribute`, `fieldId`, `locale`, `keywords`) VALUES ('31', 'field', '29', 'en_us', '');
INSERT INTO `craft_searchindex` (`elementId`, `attribute`, `fieldId`, `locale`, `keywords`) VALUES ('31', 'field', '28', 'en_us', '');
INSERT INTO `craft_searchindex` (`elementId`, `attribute`, `fieldId`, `locale`, `keywords`) VALUES ('31', 'field', '26', 'en_us', '');
INSERT INTO `craft_searchindex` (`elementId`, `attribute`, `fieldId`, `locale`, `keywords`) VALUES ('31', 'field', '24', 'en_us', '');
INSERT INTO `craft_searchindex` (`elementId`, `attribute`, `fieldId`, `locale`, `keywords`) VALUES ('31', 'field', '21', 'en_us', '');
INSERT INTO `craft_searchindex` (`elementId`, `attribute`, `fieldId`, `locale`, `keywords`) VALUES ('31', 'field', '33', 'en_us', ' kilkenny design shanagarry kilkenny design shanagarry fiona turley gallery crafts kilworth fiona turley gallery crafts kilworth anne mccarthy midleton anne mccarthy midleton pure boutique douglas pure boutique douglas enibas kinsale enibas kinsale enibas schull enibas schull ');
INSERT INTO `craft_searchindex` (`elementId`, `attribute`, `fieldId`, `locale`, `keywords`) VALUES ('31', 'field', '5', 'en_us', '');
INSERT INTO `craft_searchindex` (`elementId`, `attribute`, `fieldId`, `locale`, `keywords`) VALUES ('31', 'field', '4', 'en_us', '');
INSERT INTO `craft_searchindex` (`elementId`, `attribute`, `fieldId`, `locale`, `keywords`) VALUES ('31', 'field', '6', 'en_us', '');
INSERT INTO `craft_searchindex` (`elementId`, `attribute`, `fieldId`, `locale`, `keywords`) VALUES ('31', 'field', '3', 'en_us', '');
INSERT INTO `craft_searchindex` (`elementId`, `attribute`, `fieldId`, `locale`, `keywords`) VALUES ('32', 'slug', '0', 'en_us', ' galway ');
INSERT INTO `craft_searchindex` (`elementId`, `attribute`, `fieldId`, `locale`, `keywords`) VALUES ('32', 'title', '0', 'en_us', ' galway ');
INSERT INTO `craft_searchindex` (`elementId`, `attribute`, `fieldId`, `locale`, `keywords`) VALUES ('32', 'field', '22', 'en_us', '');
INSERT INTO `craft_searchindex` (`elementId`, `attribute`, `fieldId`, `locale`, `keywords`) VALUES ('32', 'field', '2', 'en_us', '');
INSERT INTO `craft_searchindex` (`elementId`, `attribute`, `fieldId`, `locale`, `keywords`) VALUES ('32', 'field', '13', 'en_us', '');
INSERT INTO `craft_searchindex` (`elementId`, `attribute`, `fieldId`, `locale`, `keywords`) VALUES ('32', 'field', '32', 'en_us', '');
INSERT INTO `craft_searchindex` (`elementId`, `attribute`, `fieldId`, `locale`, `keywords`) VALUES ('32', 'field', '14', 'en_us', '');
INSERT INTO `craft_searchindex` (`elementId`, `attribute`, `fieldId`, `locale`, `keywords`) VALUES ('32', 'field', '31', 'en_us', '');
INSERT INTO `craft_searchindex` (`elementId`, `attribute`, `fieldId`, `locale`, `keywords`) VALUES ('32', 'field', '25', 'en_us', '');
INSERT INTO `craft_searchindex` (`elementId`, `attribute`, `fieldId`, `locale`, `keywords`) VALUES ('32', 'field', '11', 'en_us', '');
INSERT INTO `craft_searchindex` (`elementId`, `attribute`, `fieldId`, `locale`, `keywords`) VALUES ('32', 'field', '1', 'en_us', '');
INSERT INTO `craft_searchindex` (`elementId`, `attribute`, `fieldId`, `locale`, `keywords`) VALUES ('32', 'field', '7', 'en_us', '');
INSERT INTO `craft_searchindex` (`elementId`, `attribute`, `fieldId`, `locale`, `keywords`) VALUES ('32', 'field', '9', 'en_us', '');
INSERT INTO `craft_searchindex` (`elementId`, `attribute`, `fieldId`, `locale`, `keywords`) VALUES ('32', 'field', '8', 'en_us', '');
INSERT INTO `craft_searchindex` (`elementId`, `attribute`, `fieldId`, `locale`, `keywords`) VALUES ('32', 'field', '10', 'en_us', '');
INSERT INTO `craft_searchindex` (`elementId`, `attribute`, `fieldId`, `locale`, `keywords`) VALUES ('32', 'field', '23', 'en_us', '');
INSERT INTO `craft_searchindex` (`elementId`, `attribute`, `fieldId`, `locale`, `keywords`) VALUES ('32', 'field', '20', 'en_us', '');
INSERT INTO `craft_searchindex` (`elementId`, `attribute`, `fieldId`, `locale`, `keywords`) VALUES ('32', 'field', '17', 'en_us', '');
INSERT INTO `craft_searchindex` (`elementId`, `attribute`, `fieldId`, `locale`, `keywords`) VALUES ('32', 'field', '27', 'en_us', '');
INSERT INTO `craft_searchindex` (`elementId`, `attribute`, `fieldId`, `locale`, `keywords`) VALUES ('32', 'field', '29', 'en_us', '');
INSERT INTO `craft_searchindex` (`elementId`, `attribute`, `fieldId`, `locale`, `keywords`) VALUES ('32', 'field', '28', 'en_us', '');
INSERT INTO `craft_searchindex` (`elementId`, `attribute`, `fieldId`, `locale`, `keywords`) VALUES ('32', 'field', '26', 'en_us', '');
INSERT INTO `craft_searchindex` (`elementId`, `attribute`, `fieldId`, `locale`, `keywords`) VALUES ('32', 'field', '24', 'en_us', '');
INSERT INTO `craft_searchindex` (`elementId`, `attribute`, `fieldId`, `locale`, `keywords`) VALUES ('32', 'field', '21', 'en_us', '');
INSERT INTO `craft_searchindex` (`elementId`, `attribute`, `fieldId`, `locale`, `keywords`) VALUES ('32', 'field', '33', 'en_us', ' e von fashions moycullen e von fashions moycullen ');
INSERT INTO `craft_searchindex` (`elementId`, `attribute`, `fieldId`, `locale`, `keywords`) VALUES ('32', 'field', '5', 'en_us', '');
INSERT INTO `craft_searchindex` (`elementId`, `attribute`, `fieldId`, `locale`, `keywords`) VALUES ('32', 'field', '4', 'en_us', '');
INSERT INTO `craft_searchindex` (`elementId`, `attribute`, `fieldId`, `locale`, `keywords`) VALUES ('32', 'field', '6', 'en_us', '');
INSERT INTO `craft_searchindex` (`elementId`, `attribute`, `fieldId`, `locale`, `keywords`) VALUES ('32', 'field', '3', 'en_us', '');
INSERT INTO `craft_searchindex` (`elementId`, `attribute`, `fieldId`, `locale`, `keywords`) VALUES ('33', 'slug', '0', 'en_us', ' sligo ');
INSERT INTO `craft_searchindex` (`elementId`, `attribute`, `fieldId`, `locale`, `keywords`) VALUES ('33', 'title', '0', 'en_us', ' sligo ');
INSERT INTO `craft_searchindex` (`elementId`, `attribute`, `fieldId`, `locale`, `keywords`) VALUES ('33', 'field', '22', 'en_us', '');
INSERT INTO `craft_searchindex` (`elementId`, `attribute`, `fieldId`, `locale`, `keywords`) VALUES ('33', 'field', '2', 'en_us', '');
INSERT INTO `craft_searchindex` (`elementId`, `attribute`, `fieldId`, `locale`, `keywords`) VALUES ('33', 'field', '13', 'en_us', '');
INSERT INTO `craft_searchindex` (`elementId`, `attribute`, `fieldId`, `locale`, `keywords`) VALUES ('33', 'field', '32', 'en_us', '');
INSERT INTO `craft_searchindex` (`elementId`, `attribute`, `fieldId`, `locale`, `keywords`) VALUES ('33', 'field', '14', 'en_us', '');
INSERT INTO `craft_searchindex` (`elementId`, `attribute`, `fieldId`, `locale`, `keywords`) VALUES ('33', 'field', '31', 'en_us', '');
INSERT INTO `craft_searchindex` (`elementId`, `attribute`, `fieldId`, `locale`, `keywords`) VALUES ('33', 'field', '25', 'en_us', '');
INSERT INTO `craft_searchindex` (`elementId`, `attribute`, `fieldId`, `locale`, `keywords`) VALUES ('33', 'field', '11', 'en_us', '');
INSERT INTO `craft_searchindex` (`elementId`, `attribute`, `fieldId`, `locale`, `keywords`) VALUES ('33', 'field', '1', 'en_us', '');
INSERT INTO `craft_searchindex` (`elementId`, `attribute`, `fieldId`, `locale`, `keywords`) VALUES ('33', 'field', '7', 'en_us', '');
INSERT INTO `craft_searchindex` (`elementId`, `attribute`, `fieldId`, `locale`, `keywords`) VALUES ('33', 'field', '9', 'en_us', '');
INSERT INTO `craft_searchindex` (`elementId`, `attribute`, `fieldId`, `locale`, `keywords`) VALUES ('33', 'field', '8', 'en_us', '');
INSERT INTO `craft_searchindex` (`elementId`, `attribute`, `fieldId`, `locale`, `keywords`) VALUES ('33', 'field', '10', 'en_us', '');
INSERT INTO `craft_searchindex` (`elementId`, `attribute`, `fieldId`, `locale`, `keywords`) VALUES ('33', 'field', '23', 'en_us', '');
INSERT INTO `craft_searchindex` (`elementId`, `attribute`, `fieldId`, `locale`, `keywords`) VALUES ('33', 'field', '20', 'en_us', '');
INSERT INTO `craft_searchindex` (`elementId`, `attribute`, `fieldId`, `locale`, `keywords`) VALUES ('33', 'field', '17', 'en_us', '');
INSERT INTO `craft_searchindex` (`elementId`, `attribute`, `fieldId`, `locale`, `keywords`) VALUES ('33', 'field', '27', 'en_us', '');
INSERT INTO `craft_searchindex` (`elementId`, `attribute`, `fieldId`, `locale`, `keywords`) VALUES ('33', 'field', '29', 'en_us', '');
INSERT INTO `craft_searchindex` (`elementId`, `attribute`, `fieldId`, `locale`, `keywords`) VALUES ('33', 'field', '28', 'en_us', '');
INSERT INTO `craft_searchindex` (`elementId`, `attribute`, `fieldId`, `locale`, `keywords`) VALUES ('33', 'field', '26', 'en_us', '');
INSERT INTO `craft_searchindex` (`elementId`, `attribute`, `fieldId`, `locale`, `keywords`) VALUES ('33', 'field', '24', 'en_us', '');
INSERT INTO `craft_searchindex` (`elementId`, `attribute`, `fieldId`, `locale`, `keywords`) VALUES ('33', 'field', '21', 'en_us', '');
INSERT INTO `craft_searchindex` (`elementId`, `attribute`, `fieldId`, `locale`, `keywords`) VALUES ('33', 'field', '33', 'en_us', ' the cat and the moon 4 castle street the cat and the moon 4 castle street ');
INSERT INTO `craft_searchindex` (`elementId`, `attribute`, `fieldId`, `locale`, `keywords`) VALUES ('33', 'field', '5', 'en_us', '');
INSERT INTO `craft_searchindex` (`elementId`, `attribute`, `fieldId`, `locale`, `keywords`) VALUES ('33', 'field', '4', 'en_us', '');
INSERT INTO `craft_searchindex` (`elementId`, `attribute`, `fieldId`, `locale`, `keywords`) VALUES ('33', 'field', '6', 'en_us', '');
INSERT INTO `craft_searchindex` (`elementId`, `attribute`, `fieldId`, `locale`, `keywords`) VALUES ('33', 'field', '3', 'en_us', '');
INSERT INTO `craft_searchindex` (`elementId`, `attribute`, `fieldId`, `locale`, `keywords`) VALUES ('34', 'slug', '0', 'en_us', ' donegal ');
INSERT INTO `craft_searchindex` (`elementId`, `attribute`, `fieldId`, `locale`, `keywords`) VALUES ('34', 'title', '0', 'en_us', ' donegal ');
INSERT INTO `craft_searchindex` (`elementId`, `attribute`, `fieldId`, `locale`, `keywords`) VALUES ('34', 'field', '22', 'en_us', '');
INSERT INTO `craft_searchindex` (`elementId`, `attribute`, `fieldId`, `locale`, `keywords`) VALUES ('34', 'field', '2', 'en_us', '');
INSERT INTO `craft_searchindex` (`elementId`, `attribute`, `fieldId`, `locale`, `keywords`) VALUES ('34', 'field', '13', 'en_us', '');
INSERT INTO `craft_searchindex` (`elementId`, `attribute`, `fieldId`, `locale`, `keywords`) VALUES ('34', 'field', '32', 'en_us', '');
INSERT INTO `craft_searchindex` (`elementId`, `attribute`, `fieldId`, `locale`, `keywords`) VALUES ('34', 'field', '14', 'en_us', '');
INSERT INTO `craft_searchindex` (`elementId`, `attribute`, `fieldId`, `locale`, `keywords`) VALUES ('34', 'field', '31', 'en_us', '');
INSERT INTO `craft_searchindex` (`elementId`, `attribute`, `fieldId`, `locale`, `keywords`) VALUES ('34', 'field', '25', 'en_us', '');
INSERT INTO `craft_searchindex` (`elementId`, `attribute`, `fieldId`, `locale`, `keywords`) VALUES ('34', 'field', '11', 'en_us', '');
INSERT INTO `craft_searchindex` (`elementId`, `attribute`, `fieldId`, `locale`, `keywords`) VALUES ('34', 'field', '1', 'en_us', '');
INSERT INTO `craft_searchindex` (`elementId`, `attribute`, `fieldId`, `locale`, `keywords`) VALUES ('34', 'field', '7', 'en_us', '');
INSERT INTO `craft_searchindex` (`elementId`, `attribute`, `fieldId`, `locale`, `keywords`) VALUES ('34', 'field', '9', 'en_us', '');
INSERT INTO `craft_searchindex` (`elementId`, `attribute`, `fieldId`, `locale`, `keywords`) VALUES ('34', 'field', '8', 'en_us', '');
INSERT INTO `craft_searchindex` (`elementId`, `attribute`, `fieldId`, `locale`, `keywords`) VALUES ('34', 'field', '10', 'en_us', '');
INSERT INTO `craft_searchindex` (`elementId`, `attribute`, `fieldId`, `locale`, `keywords`) VALUES ('34', 'field', '23', 'en_us', '');
INSERT INTO `craft_searchindex` (`elementId`, `attribute`, `fieldId`, `locale`, `keywords`) VALUES ('34', 'field', '20', 'en_us', '');
INSERT INTO `craft_searchindex` (`elementId`, `attribute`, `fieldId`, `locale`, `keywords`) VALUES ('34', 'field', '17', 'en_us', '');
INSERT INTO `craft_searchindex` (`elementId`, `attribute`, `fieldId`, `locale`, `keywords`) VALUES ('34', 'field', '27', 'en_us', '');
INSERT INTO `craft_searchindex` (`elementId`, `attribute`, `fieldId`, `locale`, `keywords`) VALUES ('34', 'field', '29', 'en_us', '');
INSERT INTO `craft_searchindex` (`elementId`, `attribute`, `fieldId`, `locale`, `keywords`) VALUES ('34', 'field', '28', 'en_us', '');
INSERT INTO `craft_searchindex` (`elementId`, `attribute`, `fieldId`, `locale`, `keywords`) VALUES ('34', 'field', '26', 'en_us', '');
INSERT INTO `craft_searchindex` (`elementId`, `attribute`, `fieldId`, `locale`, `keywords`) VALUES ('34', 'field', '24', 'en_us', '');
INSERT INTO `craft_searchindex` (`elementId`, `attribute`, `fieldId`, `locale`, `keywords`) VALUES ('34', 'field', '21', 'en_us', '');
INSERT INTO `craft_searchindex` (`elementId`, `attribute`, `fieldId`, `locale`, `keywords`) VALUES ('34', 'field', '33', 'en_us', ' c bonner and son ltd front street ardara c bonner and son ltd front street ardara ');
INSERT INTO `craft_searchindex` (`elementId`, `attribute`, `fieldId`, `locale`, `keywords`) VALUES ('34', 'field', '5', 'en_us', '');
INSERT INTO `craft_searchindex` (`elementId`, `attribute`, `fieldId`, `locale`, `keywords`) VALUES ('34', 'field', '4', 'en_us', '');
INSERT INTO `craft_searchindex` (`elementId`, `attribute`, `fieldId`, `locale`, `keywords`) VALUES ('34', 'field', '6', 'en_us', '');
INSERT INTO `craft_searchindex` (`elementId`, `attribute`, `fieldId`, `locale`, `keywords`) VALUES ('34', 'field', '3', 'en_us', '');
INSERT INTO `craft_searchindex` (`elementId`, `attribute`, `fieldId`, `locale`, `keywords`) VALUES ('35', 'slug', '0', 'en_us', ' online ');
INSERT INTO `craft_searchindex` (`elementId`, `attribute`, `fieldId`, `locale`, `keywords`) VALUES ('35', 'title', '0', 'en_us', ' online ');
INSERT INTO `craft_searchindex` (`elementId`, `attribute`, `fieldId`, `locale`, `keywords`) VALUES ('35', 'field', '22', 'en_us', '');
INSERT INTO `craft_searchindex` (`elementId`, `attribute`, `fieldId`, `locale`, `keywords`) VALUES ('35', 'field', '2', 'en_us', '');
INSERT INTO `craft_searchindex` (`elementId`, `attribute`, `fieldId`, `locale`, `keywords`) VALUES ('35', 'field', '13', 'en_us', '');
INSERT INTO `craft_searchindex` (`elementId`, `attribute`, `fieldId`, `locale`, `keywords`) VALUES ('35', 'field', '32', 'en_us', '');
INSERT INTO `craft_searchindex` (`elementId`, `attribute`, `fieldId`, `locale`, `keywords`) VALUES ('35', 'field', '14', 'en_us', '');
INSERT INTO `craft_searchindex` (`elementId`, `attribute`, `fieldId`, `locale`, `keywords`) VALUES ('35', 'field', '31', 'en_us', '');
INSERT INTO `craft_searchindex` (`elementId`, `attribute`, `fieldId`, `locale`, `keywords`) VALUES ('35', 'field', '25', 'en_us', '');
INSERT INTO `craft_searchindex` (`elementId`, `attribute`, `fieldId`, `locale`, `keywords`) VALUES ('35', 'field', '11', 'en_us', '');
INSERT INTO `craft_searchindex` (`elementId`, `attribute`, `fieldId`, `locale`, `keywords`) VALUES ('35', 'field', '1', 'en_us', '');
INSERT INTO `craft_searchindex` (`elementId`, `attribute`, `fieldId`, `locale`, `keywords`) VALUES ('35', 'field', '7', 'en_us', '');
INSERT INTO `craft_searchindex` (`elementId`, `attribute`, `fieldId`, `locale`, `keywords`) VALUES ('35', 'field', '9', 'en_us', '');
INSERT INTO `craft_searchindex` (`elementId`, `attribute`, `fieldId`, `locale`, `keywords`) VALUES ('35', 'field', '8', 'en_us', '');
INSERT INTO `craft_searchindex` (`elementId`, `attribute`, `fieldId`, `locale`, `keywords`) VALUES ('35', 'field', '10', 'en_us', '');
INSERT INTO `craft_searchindex` (`elementId`, `attribute`, `fieldId`, `locale`, `keywords`) VALUES ('35', 'field', '23', 'en_us', '');
INSERT INTO `craft_searchindex` (`elementId`, `attribute`, `fieldId`, `locale`, `keywords`) VALUES ('35', 'field', '20', 'en_us', '');
INSERT INTO `craft_searchindex` (`elementId`, `attribute`, `fieldId`, `locale`, `keywords`) VALUES ('35', 'field', '17', 'en_us', '');
INSERT INTO `craft_searchindex` (`elementId`, `attribute`, `fieldId`, `locale`, `keywords`) VALUES ('35', 'field', '27', 'en_us', '');
INSERT INTO `craft_searchindex` (`elementId`, `attribute`, `fieldId`, `locale`, `keywords`) VALUES ('35', 'field', '29', 'en_us', '');
INSERT INTO `craft_searchindex` (`elementId`, `attribute`, `fieldId`, `locale`, `keywords`) VALUES ('35', 'field', '28', 'en_us', '');
INSERT INTO `craft_searchindex` (`elementId`, `attribute`, `fieldId`, `locale`, `keywords`) VALUES ('35', 'field', '26', 'en_us', '');
INSERT INTO `craft_searchindex` (`elementId`, `attribute`, `fieldId`, `locale`, `keywords`) VALUES ('35', 'field', '24', 'en_us', '');
INSERT INTO `craft_searchindex` (`elementId`, `attribute`, `fieldId`, `locale`, `keywords`) VALUES ('35', 'field', '21', 'en_us', '');
INSERT INTO `craft_searchindex` (`elementId`, `attribute`, `fieldId`, `locale`, `keywords`) VALUES ('35', 'field', '33', 'en_us', ' coldlillies coldlillies njal not just a label njal not just a label ');
INSERT INTO `craft_searchindex` (`elementId`, `attribute`, `fieldId`, `locale`, `keywords`) VALUES ('35', 'field', '5', 'en_us', '');
INSERT INTO `craft_searchindex` (`elementId`, `attribute`, `fieldId`, `locale`, `keywords`) VALUES ('35', 'field', '4', 'en_us', '');
INSERT INTO `craft_searchindex` (`elementId`, `attribute`, `fieldId`, `locale`, `keywords`) VALUES ('35', 'field', '6', 'en_us', '');
INSERT INTO `craft_searchindex` (`elementId`, `attribute`, `fieldId`, `locale`, `keywords`) VALUES ('35', 'field', '3', 'en_us', '');
INSERT INTO `craft_searchindex` (`elementId`, `attribute`, `fieldId`, `locale`, `keywords`) VALUES ('17', 'field', '32', 'en_us', '');
INSERT INTO `craft_searchindex` (`elementId`, `attribute`, `fieldId`, `locale`, `keywords`) VALUES ('17', 'field', '31', 'en_us', '');
INSERT INTO `craft_searchindex` (`elementId`, `attribute`, `fieldId`, `locale`, `keywords`) VALUES ('17', 'field', '33', 'en_us', '');
INSERT INTO `craft_searchindex` (`elementId`, `attribute`, `fieldId`, `locale`, `keywords`) VALUES ('42', 'slug', '0', 'en_us', ' editorial ');
INSERT INTO `craft_searchindex` (`elementId`, `attribute`, `fieldId`, `locale`, `keywords`) VALUES ('42', 'title', '0', 'en_us', ' editorial ');
INSERT INTO `craft_searchindex` (`elementId`, `attribute`, `fieldId`, `locale`, `keywords`) VALUES ('42', 'field', '2', 'en_us', '');
INSERT INTO `craft_searchindex` (`elementId`, `attribute`, `fieldId`, `locale`, `keywords`) VALUES ('42', 'field', '13', 'en_us', '');
INSERT INTO `craft_searchindex` (`elementId`, `attribute`, `fieldId`, `locale`, `keywords`) VALUES ('42', 'field', '32', 'en_us', '');
INSERT INTO `craft_searchindex` (`elementId`, `attribute`, `fieldId`, `locale`, `keywords`) VALUES ('42', 'field', '14', 'en_us', '');
INSERT INTO `craft_searchindex` (`elementId`, `attribute`, `fieldId`, `locale`, `keywords`) VALUES ('42', 'field', '31', 'en_us', '');
INSERT INTO `craft_searchindex` (`elementId`, `attribute`, `fieldId`, `locale`, `keywords`) VALUES ('42', 'field', '25', 'en_us', '');
INSERT INTO `craft_searchindex` (`elementId`, `attribute`, `fieldId`, `locale`, `keywords`) VALUES ('42', 'field', '11', 'en_us', '');
INSERT INTO `craft_searchindex` (`elementId`, `attribute`, `fieldId`, `locale`, `keywords`) VALUES ('42', 'field', '1', 'en_us', '');
INSERT INTO `craft_searchindex` (`elementId`, `attribute`, `fieldId`, `locale`, `keywords`) VALUES ('42', 'field', '7', 'en_us', '');
INSERT INTO `craft_searchindex` (`elementId`, `attribute`, `fieldId`, `locale`, `keywords`) VALUES ('42', 'field', '9', 'en_us', '');
INSERT INTO `craft_searchindex` (`elementId`, `attribute`, `fieldId`, `locale`, `keywords`) VALUES ('42', 'field', '8', 'en_us', '');
INSERT INTO `craft_searchindex` (`elementId`, `attribute`, `fieldId`, `locale`, `keywords`) VALUES ('42', 'field', '10', 'en_us', '');
INSERT INTO `craft_searchindex` (`elementId`, `attribute`, `fieldId`, `locale`, `keywords`) VALUES ('42', 'field', '27', 'en_us', '');
INSERT INTO `craft_searchindex` (`elementId`, `attribute`, `fieldId`, `locale`, `keywords`) VALUES ('42', 'field', '29', 'en_us', '');
INSERT INTO `craft_searchindex` (`elementId`, `attribute`, `fieldId`, `locale`, `keywords`) VALUES ('42', 'field', '28', 'en_us', '');
INSERT INTO `craft_searchindex` (`elementId`, `attribute`, `fieldId`, `locale`, `keywords`) VALUES ('42', 'field', '26', 'en_us', '');
INSERT INTO `craft_searchindex` (`elementId`, `attribute`, `fieldId`, `locale`, `keywords`) VALUES ('42', 'field', '24', 'en_us', '');
INSERT INTO `craft_searchindex` (`elementId`, `attribute`, `fieldId`, `locale`, `keywords`) VALUES ('42', 'field', '34', 'en_us', '');
INSERT INTO `craft_searchindex` (`elementId`, `attribute`, `fieldId`, `locale`, `keywords`) VALUES ('42', 'field', '35', 'en_us', '');
INSERT INTO `craft_searchindex` (`elementId`, `attribute`, `fieldId`, `locale`, `keywords`) VALUES ('42', 'field', '33', 'en_us', '');
INSERT INTO `craft_searchindex` (`elementId`, `attribute`, `fieldId`, `locale`, `keywords`) VALUES ('42', 'field', '5', 'en_us', '');
INSERT INTO `craft_searchindex` (`elementId`, `attribute`, `fieldId`, `locale`, `keywords`) VALUES ('42', 'field', '4', 'en_us', '');
INSERT INTO `craft_searchindex` (`elementId`, `attribute`, `fieldId`, `locale`, `keywords`) VALUES ('42', 'field', '6', 'en_us', '');
INSERT INTO `craft_searchindex` (`elementId`, `attribute`, `fieldId`, `locale`, `keywords`) VALUES ('42', 'field', '3', 'en_us', '');
INSERT INTO `craft_searchindex` (`elementId`, `attribute`, `fieldId`, `locale`, `keywords`) VALUES ('43', 'slug', '0', 'en_us', ' articles 1 ');
INSERT INTO `craft_searchindex` (`elementId`, `attribute`, `fieldId`, `locale`, `keywords`) VALUES ('43', 'title', '0', 'en_us', ' articles ');
INSERT INTO `craft_searchindex` (`elementId`, `attribute`, `fieldId`, `locale`, `keywords`) VALUES ('43', 'field', '2', 'en_us', '');
INSERT INTO `craft_searchindex` (`elementId`, `attribute`, `fieldId`, `locale`, `keywords`) VALUES ('43', 'field', '13', 'en_us', '');
INSERT INTO `craft_searchindex` (`elementId`, `attribute`, `fieldId`, `locale`, `keywords`) VALUES ('43', 'field', '32', 'en_us', '');
INSERT INTO `craft_searchindex` (`elementId`, `attribute`, `fieldId`, `locale`, `keywords`) VALUES ('43', 'field', '14', 'en_us', '');
INSERT INTO `craft_searchindex` (`elementId`, `attribute`, `fieldId`, `locale`, `keywords`) VALUES ('43', 'field', '31', 'en_us', '');
INSERT INTO `craft_searchindex` (`elementId`, `attribute`, `fieldId`, `locale`, `keywords`) VALUES ('43', 'field', '25', 'en_us', '');
INSERT INTO `craft_searchindex` (`elementId`, `attribute`, `fieldId`, `locale`, `keywords`) VALUES ('43', 'field', '11', 'en_us', '');
INSERT INTO `craft_searchindex` (`elementId`, `attribute`, `fieldId`, `locale`, `keywords`) VALUES ('43', 'field', '1', 'en_us', '');
INSERT INTO `craft_searchindex` (`elementId`, `attribute`, `fieldId`, `locale`, `keywords`) VALUES ('43', 'field', '7', 'en_us', '');
INSERT INTO `craft_searchindex` (`elementId`, `attribute`, `fieldId`, `locale`, `keywords`) VALUES ('43', 'field', '9', 'en_us', '');
INSERT INTO `craft_searchindex` (`elementId`, `attribute`, `fieldId`, `locale`, `keywords`) VALUES ('43', 'field', '8', 'en_us', '');
INSERT INTO `craft_searchindex` (`elementId`, `attribute`, `fieldId`, `locale`, `keywords`) VALUES ('43', 'field', '10', 'en_us', '');
INSERT INTO `craft_searchindex` (`elementId`, `attribute`, `fieldId`, `locale`, `keywords`) VALUES ('43', 'field', '27', 'en_us', '');
INSERT INTO `craft_searchindex` (`elementId`, `attribute`, `fieldId`, `locale`, `keywords`) VALUES ('43', 'field', '29', 'en_us', '');
INSERT INTO `craft_searchindex` (`elementId`, `attribute`, `fieldId`, `locale`, `keywords`) VALUES ('43', 'field', '28', 'en_us', '');
INSERT INTO `craft_searchindex` (`elementId`, `attribute`, `fieldId`, `locale`, `keywords`) VALUES ('43', 'field', '26', 'en_us', '');
INSERT INTO `craft_searchindex` (`elementId`, `attribute`, `fieldId`, `locale`, `keywords`) VALUES ('43', 'field', '24', 'en_us', '');
INSERT INTO `craft_searchindex` (`elementId`, `attribute`, `fieldId`, `locale`, `keywords`) VALUES ('43', 'field', '34', 'en_us', '');
INSERT INTO `craft_searchindex` (`elementId`, `attribute`, `fieldId`, `locale`, `keywords`) VALUES ('43', 'field', '35', 'en_us', '');
INSERT INTO `craft_searchindex` (`elementId`, `attribute`, `fieldId`, `locale`, `keywords`) VALUES ('43', 'field', '33', 'en_us', '');
INSERT INTO `craft_searchindex` (`elementId`, `attribute`, `fieldId`, `locale`, `keywords`) VALUES ('43', 'field', '5', 'en_us', '');
INSERT INTO `craft_searchindex` (`elementId`, `attribute`, `fieldId`, `locale`, `keywords`) VALUES ('43', 'field', '4', 'en_us', '');
INSERT INTO `craft_searchindex` (`elementId`, `attribute`, `fieldId`, `locale`, `keywords`) VALUES ('43', 'field', '6', 'en_us', '');
INSERT INTO `craft_searchindex` (`elementId`, `attribute`, `fieldId`, `locale`, `keywords`) VALUES ('43', 'field', '3', 'en_us', '');
INSERT INTO `craft_searchindex` (`elementId`, `attribute`, `fieldId`, `locale`, `keywords`) VALUES ('44', 'slug', '0', 'en_us', ' celebrities ');
INSERT INTO `craft_searchindex` (`elementId`, `attribute`, `fieldId`, `locale`, `keywords`) VALUES ('44', 'title', '0', 'en_us', ' celebrities ');
INSERT INTO `craft_searchindex` (`elementId`, `attribute`, `fieldId`, `locale`, `keywords`) VALUES ('44', 'field', '2', 'en_us', '');
INSERT INTO `craft_searchindex` (`elementId`, `attribute`, `fieldId`, `locale`, `keywords`) VALUES ('44', 'field', '13', 'en_us', '');
INSERT INTO `craft_searchindex` (`elementId`, `attribute`, `fieldId`, `locale`, `keywords`) VALUES ('44', 'field', '32', 'en_us', '');
INSERT INTO `craft_searchindex` (`elementId`, `attribute`, `fieldId`, `locale`, `keywords`) VALUES ('44', 'field', '14', 'en_us', '');
INSERT INTO `craft_searchindex` (`elementId`, `attribute`, `fieldId`, `locale`, `keywords`) VALUES ('44', 'field', '31', 'en_us', '');
INSERT INTO `craft_searchindex` (`elementId`, `attribute`, `fieldId`, `locale`, `keywords`) VALUES ('44', 'field', '25', 'en_us', '');
INSERT INTO `craft_searchindex` (`elementId`, `attribute`, `fieldId`, `locale`, `keywords`) VALUES ('44', 'field', '11', 'en_us', '');
INSERT INTO `craft_searchindex` (`elementId`, `attribute`, `fieldId`, `locale`, `keywords`) VALUES ('44', 'field', '1', 'en_us', '');
INSERT INTO `craft_searchindex` (`elementId`, `attribute`, `fieldId`, `locale`, `keywords`) VALUES ('44', 'field', '7', 'en_us', '');
INSERT INTO `craft_searchindex` (`elementId`, `attribute`, `fieldId`, `locale`, `keywords`) VALUES ('44', 'field', '9', 'en_us', '');
INSERT INTO `craft_searchindex` (`elementId`, `attribute`, `fieldId`, `locale`, `keywords`) VALUES ('44', 'field', '8', 'en_us', '');
INSERT INTO `craft_searchindex` (`elementId`, `attribute`, `fieldId`, `locale`, `keywords`) VALUES ('44', 'field', '10', 'en_us', '');
INSERT INTO `craft_searchindex` (`elementId`, `attribute`, `fieldId`, `locale`, `keywords`) VALUES ('44', 'field', '27', 'en_us', '');
INSERT INTO `craft_searchindex` (`elementId`, `attribute`, `fieldId`, `locale`, `keywords`) VALUES ('44', 'field', '29', 'en_us', '');
INSERT INTO `craft_searchindex` (`elementId`, `attribute`, `fieldId`, `locale`, `keywords`) VALUES ('44', 'field', '28', 'en_us', '');
INSERT INTO `craft_searchindex` (`elementId`, `attribute`, `fieldId`, `locale`, `keywords`) VALUES ('44', 'field', '26', 'en_us', '');
INSERT INTO `craft_searchindex` (`elementId`, `attribute`, `fieldId`, `locale`, `keywords`) VALUES ('44', 'field', '24', 'en_us', '');
INSERT INTO `craft_searchindex` (`elementId`, `attribute`, `fieldId`, `locale`, `keywords`) VALUES ('44', 'field', '34', 'en_us', '');
INSERT INTO `craft_searchindex` (`elementId`, `attribute`, `fieldId`, `locale`, `keywords`) VALUES ('44', 'field', '35', 'en_us', '');
INSERT INTO `craft_searchindex` (`elementId`, `attribute`, `fieldId`, `locale`, `keywords`) VALUES ('44', 'field', '33', 'en_us', '');
INSERT INTO `craft_searchindex` (`elementId`, `attribute`, `fieldId`, `locale`, `keywords`) VALUES ('44', 'field', '5', 'en_us', '');
INSERT INTO `craft_searchindex` (`elementId`, `attribute`, `fieldId`, `locale`, `keywords`) VALUES ('44', 'field', '4', 'en_us', '');
INSERT INTO `craft_searchindex` (`elementId`, `attribute`, `fieldId`, `locale`, `keywords`) VALUES ('44', 'field', '6', 'en_us', '');
INSERT INTO `craft_searchindex` (`elementId`, `attribute`, `fieldId`, `locale`, `keywords`) VALUES ('44', 'field', '3', 'en_us', '');
INSERT INTO `craft_searchindex` (`elementId`, `attribute`, `fieldId`, `locale`, `keywords`) VALUES ('45', 'slug', '0', 'en_us', ' radio ');
INSERT INTO `craft_searchindex` (`elementId`, `attribute`, `fieldId`, `locale`, `keywords`) VALUES ('45', 'title', '0', 'en_us', ' radio ');
INSERT INTO `craft_searchindex` (`elementId`, `attribute`, `fieldId`, `locale`, `keywords`) VALUES ('45', 'field', '2', 'en_us', '');
INSERT INTO `craft_searchindex` (`elementId`, `attribute`, `fieldId`, `locale`, `keywords`) VALUES ('45', 'field', '13', 'en_us', '');
INSERT INTO `craft_searchindex` (`elementId`, `attribute`, `fieldId`, `locale`, `keywords`) VALUES ('45', 'field', '32', 'en_us', '');
INSERT INTO `craft_searchindex` (`elementId`, `attribute`, `fieldId`, `locale`, `keywords`) VALUES ('45', 'field', '14', 'en_us', '');
INSERT INTO `craft_searchindex` (`elementId`, `attribute`, `fieldId`, `locale`, `keywords`) VALUES ('45', 'field', '31', 'en_us', '');
INSERT INTO `craft_searchindex` (`elementId`, `attribute`, `fieldId`, `locale`, `keywords`) VALUES ('45', 'field', '25', 'en_us', '');
INSERT INTO `craft_searchindex` (`elementId`, `attribute`, `fieldId`, `locale`, `keywords`) VALUES ('45', 'field', '11', 'en_us', '');
INSERT INTO `craft_searchindex` (`elementId`, `attribute`, `fieldId`, `locale`, `keywords`) VALUES ('45', 'field', '1', 'en_us', '');
INSERT INTO `craft_searchindex` (`elementId`, `attribute`, `fieldId`, `locale`, `keywords`) VALUES ('45', 'field', '7', 'en_us', '');
INSERT INTO `craft_searchindex` (`elementId`, `attribute`, `fieldId`, `locale`, `keywords`) VALUES ('45', 'field', '9', 'en_us', '');
INSERT INTO `craft_searchindex` (`elementId`, `attribute`, `fieldId`, `locale`, `keywords`) VALUES ('45', 'field', '8', 'en_us', '');
INSERT INTO `craft_searchindex` (`elementId`, `attribute`, `fieldId`, `locale`, `keywords`) VALUES ('45', 'field', '10', 'en_us', '');
INSERT INTO `craft_searchindex` (`elementId`, `attribute`, `fieldId`, `locale`, `keywords`) VALUES ('45', 'field', '27', 'en_us', '');
INSERT INTO `craft_searchindex` (`elementId`, `attribute`, `fieldId`, `locale`, `keywords`) VALUES ('45', 'field', '29', 'en_us', '');
INSERT INTO `craft_searchindex` (`elementId`, `attribute`, `fieldId`, `locale`, `keywords`) VALUES ('45', 'field', '28', 'en_us', '');
INSERT INTO `craft_searchindex` (`elementId`, `attribute`, `fieldId`, `locale`, `keywords`) VALUES ('45', 'field', '26', 'en_us', '');
INSERT INTO `craft_searchindex` (`elementId`, `attribute`, `fieldId`, `locale`, `keywords`) VALUES ('45', 'field', '24', 'en_us', '');
INSERT INTO `craft_searchindex` (`elementId`, `attribute`, `fieldId`, `locale`, `keywords`) VALUES ('45', 'field', '34', 'en_us', '');
INSERT INTO `craft_searchindex` (`elementId`, `attribute`, `fieldId`, `locale`, `keywords`) VALUES ('45', 'field', '35', 'en_us', '');
INSERT INTO `craft_searchindex` (`elementId`, `attribute`, `fieldId`, `locale`, `keywords`) VALUES ('45', 'field', '33', 'en_us', '');
INSERT INTO `craft_searchindex` (`elementId`, `attribute`, `fieldId`, `locale`, `keywords`) VALUES ('45', 'field', '5', 'en_us', '');
INSERT INTO `craft_searchindex` (`elementId`, `attribute`, `fieldId`, `locale`, `keywords`) VALUES ('45', 'field', '4', 'en_us', '');
INSERT INTO `craft_searchindex` (`elementId`, `attribute`, `fieldId`, `locale`, `keywords`) VALUES ('45', 'field', '6', 'en_us', '');
INSERT INTO `craft_searchindex` (`elementId`, `attribute`, `fieldId`, `locale`, `keywords`) VALUES ('45', 'field', '3', 'en_us', '');
INSERT INTO `craft_searchindex` (`elementId`, `attribute`, `fieldId`, `locale`, `keywords`) VALUES ('46', 'slug', '0', 'en_us', ' television ');
INSERT INTO `craft_searchindex` (`elementId`, `attribute`, `fieldId`, `locale`, `keywords`) VALUES ('46', 'title', '0', 'en_us', ' television ');
INSERT INTO `craft_searchindex` (`elementId`, `attribute`, `fieldId`, `locale`, `keywords`) VALUES ('46', 'field', '2', 'en_us', '');
INSERT INTO `craft_searchindex` (`elementId`, `attribute`, `fieldId`, `locale`, `keywords`) VALUES ('46', 'field', '13', 'en_us', '');
INSERT INTO `craft_searchindex` (`elementId`, `attribute`, `fieldId`, `locale`, `keywords`) VALUES ('46', 'field', '32', 'en_us', '');
INSERT INTO `craft_searchindex` (`elementId`, `attribute`, `fieldId`, `locale`, `keywords`) VALUES ('46', 'field', '14', 'en_us', '');
INSERT INTO `craft_searchindex` (`elementId`, `attribute`, `fieldId`, `locale`, `keywords`) VALUES ('46', 'field', '31', 'en_us', '');
INSERT INTO `craft_searchindex` (`elementId`, `attribute`, `fieldId`, `locale`, `keywords`) VALUES ('46', 'field', '25', 'en_us', '');
INSERT INTO `craft_searchindex` (`elementId`, `attribute`, `fieldId`, `locale`, `keywords`) VALUES ('46', 'field', '11', 'en_us', '');
INSERT INTO `craft_searchindex` (`elementId`, `attribute`, `fieldId`, `locale`, `keywords`) VALUES ('46', 'field', '1', 'en_us', '');
INSERT INTO `craft_searchindex` (`elementId`, `attribute`, `fieldId`, `locale`, `keywords`) VALUES ('46', 'field', '7', 'en_us', '');
INSERT INTO `craft_searchindex` (`elementId`, `attribute`, `fieldId`, `locale`, `keywords`) VALUES ('46', 'field', '9', 'en_us', '');
INSERT INTO `craft_searchindex` (`elementId`, `attribute`, `fieldId`, `locale`, `keywords`) VALUES ('46', 'field', '8', 'en_us', '');
INSERT INTO `craft_searchindex` (`elementId`, `attribute`, `fieldId`, `locale`, `keywords`) VALUES ('46', 'field', '10', 'en_us', '');
INSERT INTO `craft_searchindex` (`elementId`, `attribute`, `fieldId`, `locale`, `keywords`) VALUES ('46', 'field', '27', 'en_us', '');
INSERT INTO `craft_searchindex` (`elementId`, `attribute`, `fieldId`, `locale`, `keywords`) VALUES ('46', 'field', '29', 'en_us', '');
INSERT INTO `craft_searchindex` (`elementId`, `attribute`, `fieldId`, `locale`, `keywords`) VALUES ('46', 'field', '28', 'en_us', '');
INSERT INTO `craft_searchindex` (`elementId`, `attribute`, `fieldId`, `locale`, `keywords`) VALUES ('46', 'field', '26', 'en_us', '');
INSERT INTO `craft_searchindex` (`elementId`, `attribute`, `fieldId`, `locale`, `keywords`) VALUES ('46', 'field', '24', 'en_us', '');
INSERT INTO `craft_searchindex` (`elementId`, `attribute`, `fieldId`, `locale`, `keywords`) VALUES ('46', 'field', '34', 'en_us', '');
INSERT INTO `craft_searchindex` (`elementId`, `attribute`, `fieldId`, `locale`, `keywords`) VALUES ('46', 'field', '35', 'en_us', '');
INSERT INTO `craft_searchindex` (`elementId`, `attribute`, `fieldId`, `locale`, `keywords`) VALUES ('46', 'field', '33', 'en_us', '');
INSERT INTO `craft_searchindex` (`elementId`, `attribute`, `fieldId`, `locale`, `keywords`) VALUES ('46', 'field', '5', 'en_us', '');
INSERT INTO `craft_searchindex` (`elementId`, `attribute`, `fieldId`, `locale`, `keywords`) VALUES ('46', 'field', '4', 'en_us', '');
INSERT INTO `craft_searchindex` (`elementId`, `attribute`, `fieldId`, `locale`, `keywords`) VALUES ('46', 'field', '6', 'en_us', '');
INSERT INTO `craft_searchindex` (`elementId`, `attribute`, `fieldId`, `locale`, `keywords`) VALUES ('46', 'field', '3', 'en_us', '');
INSERT INTO `craft_searchindex` (`elementId`, `attribute`, `fieldId`, `locale`, `keywords`) VALUES ('47', 'field', '2', 'en_us', '');
INSERT INTO `craft_searchindex` (`elementId`, `attribute`, `fieldId`, `locale`, `keywords`) VALUES ('47', 'field', '13', 'en_us', '');
INSERT INTO `craft_searchindex` (`elementId`, `attribute`, `fieldId`, `locale`, `keywords`) VALUES ('47', 'field', '32', 'en_us', '');
INSERT INTO `craft_searchindex` (`elementId`, `attribute`, `fieldId`, `locale`, `keywords`) VALUES ('47', 'field', '14', 'en_us', '');
INSERT INTO `craft_searchindex` (`elementId`, `attribute`, `fieldId`, `locale`, `keywords`) VALUES ('47', 'field', '31', 'en_us', '');
INSERT INTO `craft_searchindex` (`elementId`, `attribute`, `fieldId`, `locale`, `keywords`) VALUES ('47', 'field', '25', 'en_us', '');
INSERT INTO `craft_searchindex` (`elementId`, `attribute`, `fieldId`, `locale`, `keywords`) VALUES ('47', 'field', '11', 'en_us', '');
INSERT INTO `craft_searchindex` (`elementId`, `attribute`, `fieldId`, `locale`, `keywords`) VALUES ('47', 'field', '1', 'en_us', '');
INSERT INTO `craft_searchindex` (`elementId`, `attribute`, `fieldId`, `locale`, `keywords`) VALUES ('47', 'field', '7', 'en_us', '');
INSERT INTO `craft_searchindex` (`elementId`, `attribute`, `fieldId`, `locale`, `keywords`) VALUES ('47', 'field', '9', 'en_us', '');
INSERT INTO `craft_searchindex` (`elementId`, `attribute`, `fieldId`, `locale`, `keywords`) VALUES ('47', 'field', '8', 'en_us', '');
INSERT INTO `craft_searchindex` (`elementId`, `attribute`, `fieldId`, `locale`, `keywords`) VALUES ('47', 'field', '10', 'en_us', '');
INSERT INTO `craft_searchindex` (`elementId`, `attribute`, `fieldId`, `locale`, `keywords`) VALUES ('47', 'field', '27', 'en_us', '');
INSERT INTO `craft_searchindex` (`elementId`, `attribute`, `fieldId`, `locale`, `keywords`) VALUES ('47', 'field', '29', 'en_us', '');
INSERT INTO `craft_searchindex` (`elementId`, `attribute`, `fieldId`, `locale`, `keywords`) VALUES ('47', 'field', '28', 'en_us', '');
INSERT INTO `craft_searchindex` (`elementId`, `attribute`, `fieldId`, `locale`, `keywords`) VALUES ('47', 'field', '26', 'en_us', '');
INSERT INTO `craft_searchindex` (`elementId`, `attribute`, `fieldId`, `locale`, `keywords`) VALUES ('47', 'field', '24', 'en_us', '');
INSERT INTO `craft_searchindex` (`elementId`, `attribute`, `fieldId`, `locale`, `keywords`) VALUES ('47', 'field', '34', 'en_us', '');
INSERT INTO `craft_searchindex` (`elementId`, `attribute`, `fieldId`, `locale`, `keywords`) VALUES ('47', 'field', '35', 'en_us', '');
INSERT INTO `craft_searchindex` (`elementId`, `attribute`, `fieldId`, `locale`, `keywords`) VALUES ('47', 'field', '33', 'en_us', '');
INSERT INTO `craft_searchindex` (`elementId`, `attribute`, `fieldId`, `locale`, `keywords`) VALUES ('47', 'field', '5', 'en_us', '');
INSERT INTO `craft_searchindex` (`elementId`, `attribute`, `fieldId`, `locale`, `keywords`) VALUES ('47', 'field', '4', 'en_us', '');
INSERT INTO `craft_searchindex` (`elementId`, `attribute`, `fieldId`, `locale`, `keywords`) VALUES ('47', 'field', '6', 'en_us', '');
INSERT INTO `craft_searchindex` (`elementId`, `attribute`, `fieldId`, `locale`, `keywords`) VALUES ('47', 'field', '3', 'en_us', '');
INSERT INTO `craft_searchindex` (`elementId`, `attribute`, `fieldId`, `locale`, `keywords`) VALUES ('47', 'filename', '0', 'en_us', ' 100x135 gif ');
INSERT INTO `craft_searchindex` (`elementId`, `attribute`, `fieldId`, `locale`, `keywords`) VALUES ('47', 'extension', '0', 'en_us', ' gif ');
INSERT INTO `craft_searchindex` (`elementId`, `attribute`, `fieldId`, `locale`, `keywords`) VALUES ('47', 'kind', '0', 'en_us', ' image ');
INSERT INTO `craft_searchindex` (`elementId`, `attribute`, `fieldId`, `locale`, `keywords`) VALUES ('47', 'title', '0', 'en_us', ' 100x135 ');
INSERT INTO `craft_searchindex` (`elementId`, `attribute`, `fieldId`, `locale`, `keywords`) VALUES ('48', 'slug', '0', 'en_us', ' articles ');
INSERT INTO `craft_searchindex` (`elementId`, `attribute`, `fieldId`, `locale`, `keywords`) VALUES ('48', 'title', '0', 'en_us', ' publication one ');
INSERT INTO `craft_searchindex` (`elementId`, `attribute`, `fieldId`, `locale`, `keywords`) VALUES ('48', 'field', '2', 'en_us', '');
INSERT INTO `craft_searchindex` (`elementId`, `attribute`, `fieldId`, `locale`, `keywords`) VALUES ('48', 'field', '13', 'en_us', '');
INSERT INTO `craft_searchindex` (`elementId`, `attribute`, `fieldId`, `locale`, `keywords`) VALUES ('48', 'field', '32', 'en_us', '');
INSERT INTO `craft_searchindex` (`elementId`, `attribute`, `fieldId`, `locale`, `keywords`) VALUES ('48', 'field', '14', 'en_us', '');
INSERT INTO `craft_searchindex` (`elementId`, `attribute`, `fieldId`, `locale`, `keywords`) VALUES ('48', 'field', '31', 'en_us', '');
INSERT INTO `craft_searchindex` (`elementId`, `attribute`, `fieldId`, `locale`, `keywords`) VALUES ('48', 'field', '25', 'en_us', '');
INSERT INTO `craft_searchindex` (`elementId`, `attribute`, `fieldId`, `locale`, `keywords`) VALUES ('48', 'field', '11', 'en_us', '');
INSERT INTO `craft_searchindex` (`elementId`, `attribute`, `fieldId`, `locale`, `keywords`) VALUES ('48', 'field', '1', 'en_us', '');
INSERT INTO `craft_searchindex` (`elementId`, `attribute`, `fieldId`, `locale`, `keywords`) VALUES ('48', 'field', '7', 'en_us', '');
INSERT INTO `craft_searchindex` (`elementId`, `attribute`, `fieldId`, `locale`, `keywords`) VALUES ('48', 'field', '9', 'en_us', '');
INSERT INTO `craft_searchindex` (`elementId`, `attribute`, `fieldId`, `locale`, `keywords`) VALUES ('48', 'field', '8', 'en_us', '');
INSERT INTO `craft_searchindex` (`elementId`, `attribute`, `fieldId`, `locale`, `keywords`) VALUES ('48', 'field', '10', 'en_us', '');
INSERT INTO `craft_searchindex` (`elementId`, `attribute`, `fieldId`, `locale`, `keywords`) VALUES ('48', 'field', '27', 'en_us', '');
INSERT INTO `craft_searchindex` (`elementId`, `attribute`, `fieldId`, `locale`, `keywords`) VALUES ('48', 'field', '29', 'en_us', '');
INSERT INTO `craft_searchindex` (`elementId`, `attribute`, `fieldId`, `locale`, `keywords`) VALUES ('48', 'field', '28', 'en_us', '');
INSERT INTO `craft_searchindex` (`elementId`, `attribute`, `fieldId`, `locale`, `keywords`) VALUES ('48', 'field', '26', 'en_us', '');
INSERT INTO `craft_searchindex` (`elementId`, `attribute`, `fieldId`, `locale`, `keywords`) VALUES ('48', 'field', '24', 'en_us', '');
INSERT INTO `craft_searchindex` (`elementId`, `attribute`, `fieldId`, `locale`, `keywords`) VALUES ('48', 'field', '34', 'en_us', ' article name http www google com article name http www google com ');
INSERT INTO `craft_searchindex` (`elementId`, `attribute`, `fieldId`, `locale`, `keywords`) VALUES ('48', 'field', '35', 'en_us', ' 100x135 ');
INSERT INTO `craft_searchindex` (`elementId`, `attribute`, `fieldId`, `locale`, `keywords`) VALUES ('48', 'field', '33', 'en_us', '');
INSERT INTO `craft_searchindex` (`elementId`, `attribute`, `fieldId`, `locale`, `keywords`) VALUES ('48', 'field', '5', 'en_us', '');
INSERT INTO `craft_searchindex` (`elementId`, `attribute`, `fieldId`, `locale`, `keywords`) VALUES ('48', 'field', '4', 'en_us', '');
INSERT INTO `craft_searchindex` (`elementId`, `attribute`, `fieldId`, `locale`, `keywords`) VALUES ('48', 'field', '6', 'en_us', '');
INSERT INTO `craft_searchindex` (`elementId`, `attribute`, `fieldId`, `locale`, `keywords`) VALUES ('48', 'field', '3', 'en_us', '');
INSERT INTO `craft_searchindex` (`elementId`, `attribute`, `fieldId`, `locale`, `keywords`) VALUES ('49', 'slug', '0', 'en_us', ' publication two ');
INSERT INTO `craft_searchindex` (`elementId`, `attribute`, `fieldId`, `locale`, `keywords`) VALUES ('49', 'title', '0', 'en_us', ' publication two ');
INSERT INTO `craft_searchindex` (`elementId`, `attribute`, `fieldId`, `locale`, `keywords`) VALUES ('49', 'field', '2', 'en_us', '');
INSERT INTO `craft_searchindex` (`elementId`, `attribute`, `fieldId`, `locale`, `keywords`) VALUES ('49', 'field', '13', 'en_us', '');
INSERT INTO `craft_searchindex` (`elementId`, `attribute`, `fieldId`, `locale`, `keywords`) VALUES ('49', 'field', '32', 'en_us', '');
INSERT INTO `craft_searchindex` (`elementId`, `attribute`, `fieldId`, `locale`, `keywords`) VALUES ('49', 'field', '14', 'en_us', '');
INSERT INTO `craft_searchindex` (`elementId`, `attribute`, `fieldId`, `locale`, `keywords`) VALUES ('49', 'field', '31', 'en_us', '');
INSERT INTO `craft_searchindex` (`elementId`, `attribute`, `fieldId`, `locale`, `keywords`) VALUES ('49', 'field', '25', 'en_us', '');
INSERT INTO `craft_searchindex` (`elementId`, `attribute`, `fieldId`, `locale`, `keywords`) VALUES ('49', 'field', '11', 'en_us', '');
INSERT INTO `craft_searchindex` (`elementId`, `attribute`, `fieldId`, `locale`, `keywords`) VALUES ('49', 'field', '1', 'en_us', '');
INSERT INTO `craft_searchindex` (`elementId`, `attribute`, `fieldId`, `locale`, `keywords`) VALUES ('49', 'field', '7', 'en_us', '');
INSERT INTO `craft_searchindex` (`elementId`, `attribute`, `fieldId`, `locale`, `keywords`) VALUES ('49', 'field', '9', 'en_us', '');
INSERT INTO `craft_searchindex` (`elementId`, `attribute`, `fieldId`, `locale`, `keywords`) VALUES ('49', 'field', '8', 'en_us', '');
INSERT INTO `craft_searchindex` (`elementId`, `attribute`, `fieldId`, `locale`, `keywords`) VALUES ('49', 'field', '10', 'en_us', '');
INSERT INTO `craft_searchindex` (`elementId`, `attribute`, `fieldId`, `locale`, `keywords`) VALUES ('49', 'field', '27', 'en_us', '');
INSERT INTO `craft_searchindex` (`elementId`, `attribute`, `fieldId`, `locale`, `keywords`) VALUES ('49', 'field', '29', 'en_us', '');
INSERT INTO `craft_searchindex` (`elementId`, `attribute`, `fieldId`, `locale`, `keywords`) VALUES ('49', 'field', '28', 'en_us', '');
INSERT INTO `craft_searchindex` (`elementId`, `attribute`, `fieldId`, `locale`, `keywords`) VALUES ('49', 'field', '26', 'en_us', '');
INSERT INTO `craft_searchindex` (`elementId`, `attribute`, `fieldId`, `locale`, `keywords`) VALUES ('49', 'field', '24', 'en_us', '');
INSERT INTO `craft_searchindex` (`elementId`, `attribute`, `fieldId`, `locale`, `keywords`) VALUES ('49', 'field', '34', 'en_us', ' publication name publication link publication name publication link ');
INSERT INTO `craft_searchindex` (`elementId`, `attribute`, `fieldId`, `locale`, `keywords`) VALUES ('49', 'field', '35', 'en_us', ' 100x135 ');
INSERT INTO `craft_searchindex` (`elementId`, `attribute`, `fieldId`, `locale`, `keywords`) VALUES ('49', 'field', '33', 'en_us', '');
INSERT INTO `craft_searchindex` (`elementId`, `attribute`, `fieldId`, `locale`, `keywords`) VALUES ('49', 'field', '5', 'en_us', '');
INSERT INTO `craft_searchindex` (`elementId`, `attribute`, `fieldId`, `locale`, `keywords`) VALUES ('49', 'field', '4', 'en_us', '');
INSERT INTO `craft_searchindex` (`elementId`, `attribute`, `fieldId`, `locale`, `keywords`) VALUES ('49', 'field', '6', 'en_us', '');
INSERT INTO `craft_searchindex` (`elementId`, `attribute`, `fieldId`, `locale`, `keywords`) VALUES ('49', 'field', '3', 'en_us', '');
INSERT INTO `craft_searchindex` (`elementId`, `attribute`, `fieldId`, `locale`, `keywords`) VALUES ('50', 'slug', '0', 'en_us', ' publication three ');
INSERT INTO `craft_searchindex` (`elementId`, `attribute`, `fieldId`, `locale`, `keywords`) VALUES ('50', 'title', '0', 'en_us', ' publication three ');
INSERT INTO `craft_searchindex` (`elementId`, `attribute`, `fieldId`, `locale`, `keywords`) VALUES ('50', 'field', '2', 'en_us', '');
INSERT INTO `craft_searchindex` (`elementId`, `attribute`, `fieldId`, `locale`, `keywords`) VALUES ('50', 'field', '13', 'en_us', '');
INSERT INTO `craft_searchindex` (`elementId`, `attribute`, `fieldId`, `locale`, `keywords`) VALUES ('50', 'field', '32', 'en_us', '');
INSERT INTO `craft_searchindex` (`elementId`, `attribute`, `fieldId`, `locale`, `keywords`) VALUES ('50', 'field', '14', 'en_us', '');
INSERT INTO `craft_searchindex` (`elementId`, `attribute`, `fieldId`, `locale`, `keywords`) VALUES ('50', 'field', '31', 'en_us', '');
INSERT INTO `craft_searchindex` (`elementId`, `attribute`, `fieldId`, `locale`, `keywords`) VALUES ('50', 'field', '25', 'en_us', '');
INSERT INTO `craft_searchindex` (`elementId`, `attribute`, `fieldId`, `locale`, `keywords`) VALUES ('50', 'field', '11', 'en_us', '');
INSERT INTO `craft_searchindex` (`elementId`, `attribute`, `fieldId`, `locale`, `keywords`) VALUES ('50', 'field', '1', 'en_us', '');
INSERT INTO `craft_searchindex` (`elementId`, `attribute`, `fieldId`, `locale`, `keywords`) VALUES ('50', 'field', '7', 'en_us', '');
INSERT INTO `craft_searchindex` (`elementId`, `attribute`, `fieldId`, `locale`, `keywords`) VALUES ('50', 'field', '9', 'en_us', '');
INSERT INTO `craft_searchindex` (`elementId`, `attribute`, `fieldId`, `locale`, `keywords`) VALUES ('50', 'field', '8', 'en_us', '');
INSERT INTO `craft_searchindex` (`elementId`, `attribute`, `fieldId`, `locale`, `keywords`) VALUES ('50', 'field', '10', 'en_us', '');
INSERT INTO `craft_searchindex` (`elementId`, `attribute`, `fieldId`, `locale`, `keywords`) VALUES ('50', 'field', '27', 'en_us', '');
INSERT INTO `craft_searchindex` (`elementId`, `attribute`, `fieldId`, `locale`, `keywords`) VALUES ('50', 'field', '29', 'en_us', '');
INSERT INTO `craft_searchindex` (`elementId`, `attribute`, `fieldId`, `locale`, `keywords`) VALUES ('50', 'field', '28', 'en_us', '');
INSERT INTO `craft_searchindex` (`elementId`, `attribute`, `fieldId`, `locale`, `keywords`) VALUES ('50', 'field', '26', 'en_us', '');
INSERT INTO `craft_searchindex` (`elementId`, `attribute`, `fieldId`, `locale`, `keywords`) VALUES ('50', 'field', '24', 'en_us', '');
INSERT INTO `craft_searchindex` (`elementId`, `attribute`, `fieldId`, `locale`, `keywords`) VALUES ('50', 'field', '34', 'en_us', ' publication name publication link publication name publication link ');
INSERT INTO `craft_searchindex` (`elementId`, `attribute`, `fieldId`, `locale`, `keywords`) VALUES ('50', 'field', '35', 'en_us', ' 100x135 ');
INSERT INTO `craft_searchindex` (`elementId`, `attribute`, `fieldId`, `locale`, `keywords`) VALUES ('50', 'field', '33', 'en_us', '');
INSERT INTO `craft_searchindex` (`elementId`, `attribute`, `fieldId`, `locale`, `keywords`) VALUES ('50', 'field', '5', 'en_us', '');
INSERT INTO `craft_searchindex` (`elementId`, `attribute`, `fieldId`, `locale`, `keywords`) VALUES ('50', 'field', '4', 'en_us', '');
INSERT INTO `craft_searchindex` (`elementId`, `attribute`, `fieldId`, `locale`, `keywords`) VALUES ('50', 'field', '6', 'en_us', '');
INSERT INTO `craft_searchindex` (`elementId`, `attribute`, `fieldId`, `locale`, `keywords`) VALUES ('50', 'field', '3', 'en_us', '');
INSERT INTO `craft_searchindex` (`elementId`, `attribute`, `fieldId`, `locale`, `keywords`) VALUES ('51', 'slug', '0', 'en_us', ' publication four ');
INSERT INTO `craft_searchindex` (`elementId`, `attribute`, `fieldId`, `locale`, `keywords`) VALUES ('51', 'title', '0', 'en_us', ' publication four ');
INSERT INTO `craft_searchindex` (`elementId`, `attribute`, `fieldId`, `locale`, `keywords`) VALUES ('51', 'field', '2', 'en_us', '');
INSERT INTO `craft_searchindex` (`elementId`, `attribute`, `fieldId`, `locale`, `keywords`) VALUES ('51', 'field', '13', 'en_us', '');
INSERT INTO `craft_searchindex` (`elementId`, `attribute`, `fieldId`, `locale`, `keywords`) VALUES ('51', 'field', '32', 'en_us', '');
INSERT INTO `craft_searchindex` (`elementId`, `attribute`, `fieldId`, `locale`, `keywords`) VALUES ('51', 'field', '14', 'en_us', '');
INSERT INTO `craft_searchindex` (`elementId`, `attribute`, `fieldId`, `locale`, `keywords`) VALUES ('51', 'field', '31', 'en_us', '');
INSERT INTO `craft_searchindex` (`elementId`, `attribute`, `fieldId`, `locale`, `keywords`) VALUES ('51', 'field', '25', 'en_us', '');
INSERT INTO `craft_searchindex` (`elementId`, `attribute`, `fieldId`, `locale`, `keywords`) VALUES ('51', 'field', '11', 'en_us', '');
INSERT INTO `craft_searchindex` (`elementId`, `attribute`, `fieldId`, `locale`, `keywords`) VALUES ('51', 'field', '1', 'en_us', '');
INSERT INTO `craft_searchindex` (`elementId`, `attribute`, `fieldId`, `locale`, `keywords`) VALUES ('51', 'field', '7', 'en_us', '');
INSERT INTO `craft_searchindex` (`elementId`, `attribute`, `fieldId`, `locale`, `keywords`) VALUES ('51', 'field', '9', 'en_us', '');
INSERT INTO `craft_searchindex` (`elementId`, `attribute`, `fieldId`, `locale`, `keywords`) VALUES ('51', 'field', '8', 'en_us', '');
INSERT INTO `craft_searchindex` (`elementId`, `attribute`, `fieldId`, `locale`, `keywords`) VALUES ('51', 'field', '10', 'en_us', '');
INSERT INTO `craft_searchindex` (`elementId`, `attribute`, `fieldId`, `locale`, `keywords`) VALUES ('51', 'field', '27', 'en_us', '');
INSERT INTO `craft_searchindex` (`elementId`, `attribute`, `fieldId`, `locale`, `keywords`) VALUES ('51', 'field', '29', 'en_us', '');
INSERT INTO `craft_searchindex` (`elementId`, `attribute`, `fieldId`, `locale`, `keywords`) VALUES ('51', 'field', '28', 'en_us', '');
INSERT INTO `craft_searchindex` (`elementId`, `attribute`, `fieldId`, `locale`, `keywords`) VALUES ('51', 'field', '26', 'en_us', '');
INSERT INTO `craft_searchindex` (`elementId`, `attribute`, `fieldId`, `locale`, `keywords`) VALUES ('51', 'field', '24', 'en_us', '');
INSERT INTO `craft_searchindex` (`elementId`, `attribute`, `fieldId`, `locale`, `keywords`) VALUES ('51', 'field', '34', 'en_us', ' publication name publication link publication name publication link ');
INSERT INTO `craft_searchindex` (`elementId`, `attribute`, `fieldId`, `locale`, `keywords`) VALUES ('51', 'field', '35', 'en_us', ' 100x135 ');
INSERT INTO `craft_searchindex` (`elementId`, `attribute`, `fieldId`, `locale`, `keywords`) VALUES ('51', 'field', '33', 'en_us', '');
INSERT INTO `craft_searchindex` (`elementId`, `attribute`, `fieldId`, `locale`, `keywords`) VALUES ('51', 'field', '5', 'en_us', '');
INSERT INTO `craft_searchindex` (`elementId`, `attribute`, `fieldId`, `locale`, `keywords`) VALUES ('51', 'field', '4', 'en_us', '');
INSERT INTO `craft_searchindex` (`elementId`, `attribute`, `fieldId`, `locale`, `keywords`) VALUES ('51', 'field', '6', 'en_us', '');
INSERT INTO `craft_searchindex` (`elementId`, `attribute`, `fieldId`, `locale`, `keywords`) VALUES ('51', 'field', '3', 'en_us', '');
INSERT INTO `craft_searchindex` (`elementId`, `attribute`, `fieldId`, `locale`, `keywords`) VALUES ('9', 'slug', '0', 'en_us', ' press ');
INSERT INTO `craft_searchindex` (`elementId`, `attribute`, `fieldId`, `locale`, `keywords`) VALUES ('9', 'title', '0', 'en_us', ' press ');
INSERT INTO `craft_searchindex` (`elementId`, `attribute`, `fieldId`, `locale`, `keywords`) VALUES ('9', 'field', '2', 'en_us', '');
INSERT INTO `craft_searchindex` (`elementId`, `attribute`, `fieldId`, `locale`, `keywords`) VALUES ('9', 'field', '13', 'en_us', '');
INSERT INTO `craft_searchindex` (`elementId`, `attribute`, `fieldId`, `locale`, `keywords`) VALUES ('9', 'field', '32', 'en_us', '');
INSERT INTO `craft_searchindex` (`elementId`, `attribute`, `fieldId`, `locale`, `keywords`) VALUES ('9', 'field', '14', 'en_us', '');
INSERT INTO `craft_searchindex` (`elementId`, `attribute`, `fieldId`, `locale`, `keywords`) VALUES ('9', 'field', '31', 'en_us', '');
INSERT INTO `craft_searchindex` (`elementId`, `attribute`, `fieldId`, `locale`, `keywords`) VALUES ('9', 'field', '25', 'en_us', '');
INSERT INTO `craft_searchindex` (`elementId`, `attribute`, `fieldId`, `locale`, `keywords`) VALUES ('9', 'field', '11', 'en_us', '');
INSERT INTO `craft_searchindex` (`elementId`, `attribute`, `fieldId`, `locale`, `keywords`) VALUES ('9', 'field', '1', 'en_us', '');
INSERT INTO `craft_searchindex` (`elementId`, `attribute`, `fieldId`, `locale`, `keywords`) VALUES ('9', 'field', '7', 'en_us', '');
INSERT INTO `craft_searchindex` (`elementId`, `attribute`, `fieldId`, `locale`, `keywords`) VALUES ('9', 'field', '9', 'en_us', '');
INSERT INTO `craft_searchindex` (`elementId`, `attribute`, `fieldId`, `locale`, `keywords`) VALUES ('9', 'field', '8', 'en_us', '');
INSERT INTO `craft_searchindex` (`elementId`, `attribute`, `fieldId`, `locale`, `keywords`) VALUES ('9', 'field', '10', 'en_us', ' blaithin s creations have received a great deal of press attention over the past year with regular articles and features in the sunday independent life magazine stellar tatler image ireland am tv3 and the voice of ireland she was delighted when her karelian cuff and teardrop earrings were worn by x factor judge nicole scherzinger during a performance with gary barlow on new years day she was also one of five irish designers chosen to represent cadburys with the launch of their new range of crispello products each designer was commissioned to make a piece inspired by the product these are currently featuring on xpose and will continue to feature throughout 2013 ');
INSERT INTO `craft_searchindex` (`elementId`, `attribute`, `fieldId`, `locale`, `keywords`) VALUES ('9', 'field', '27', 'en_us', '');
INSERT INTO `craft_searchindex` (`elementId`, `attribute`, `fieldId`, `locale`, `keywords`) VALUES ('9', 'field', '29', 'en_us', '');
INSERT INTO `craft_searchindex` (`elementId`, `attribute`, `fieldId`, `locale`, `keywords`) VALUES ('9', 'field', '28', 'en_us', '');
INSERT INTO `craft_searchindex` (`elementId`, `attribute`, `fieldId`, `locale`, `keywords`) VALUES ('9', 'field', '26', 'en_us', '');
INSERT INTO `craft_searchindex` (`elementId`, `attribute`, `fieldId`, `locale`, `keywords`) VALUES ('9', 'field', '24', 'en_us', '');
INSERT INTO `craft_searchindex` (`elementId`, `attribute`, `fieldId`, `locale`, `keywords`) VALUES ('9', 'field', '34', 'en_us', '');
INSERT INTO `craft_searchindex` (`elementId`, `attribute`, `fieldId`, `locale`, `keywords`) VALUES ('9', 'field', '35', 'en_us', '');
INSERT INTO `craft_searchindex` (`elementId`, `attribute`, `fieldId`, `locale`, `keywords`) VALUES ('9', 'field', '33', 'en_us', '');
INSERT INTO `craft_searchindex` (`elementId`, `attribute`, `fieldId`, `locale`, `keywords`) VALUES ('9', 'field', '5', 'en_us', '');
INSERT INTO `craft_searchindex` (`elementId`, `attribute`, `fieldId`, `locale`, `keywords`) VALUES ('9', 'field', '4', 'en_us', '');
INSERT INTO `craft_searchindex` (`elementId`, `attribute`, `fieldId`, `locale`, `keywords`) VALUES ('9', 'field', '6', 'en_us', '');
INSERT INTO `craft_searchindex` (`elementId`, `attribute`, `fieldId`, `locale`, `keywords`) VALUES ('9', 'field', '3', 'en_us', '');
INSERT INTO `craft_searchindex` (`elementId`, `attribute`, `fieldId`, `locale`, `keywords`) VALUES ('52', 'slug', '0', 'en_us', ' some magazine ');
INSERT INTO `craft_searchindex` (`elementId`, `attribute`, `fieldId`, `locale`, `keywords`) VALUES ('52', 'title', '0', 'en_us', ' some magazine ');
INSERT INTO `craft_searchindex` (`elementId`, `attribute`, `fieldId`, `locale`, `keywords`) VALUES ('52', 'field', '2', 'en_us', '');
INSERT INTO `craft_searchindex` (`elementId`, `attribute`, `fieldId`, `locale`, `keywords`) VALUES ('52', 'field', '13', 'en_us', '');
INSERT INTO `craft_searchindex` (`elementId`, `attribute`, `fieldId`, `locale`, `keywords`) VALUES ('52', 'field', '32', 'en_us', '');
INSERT INTO `craft_searchindex` (`elementId`, `attribute`, `fieldId`, `locale`, `keywords`) VALUES ('52', 'field', '14', 'en_us', '');
INSERT INTO `craft_searchindex` (`elementId`, `attribute`, `fieldId`, `locale`, `keywords`) VALUES ('52', 'field', '31', 'en_us', '');
INSERT INTO `craft_searchindex` (`elementId`, `attribute`, `fieldId`, `locale`, `keywords`) VALUES ('52', 'field', '25', 'en_us', '');
INSERT INTO `craft_searchindex` (`elementId`, `attribute`, `fieldId`, `locale`, `keywords`) VALUES ('52', 'field', '11', 'en_us', '');
INSERT INTO `craft_searchindex` (`elementId`, `attribute`, `fieldId`, `locale`, `keywords`) VALUES ('52', 'field', '1', 'en_us', '');
INSERT INTO `craft_searchindex` (`elementId`, `attribute`, `fieldId`, `locale`, `keywords`) VALUES ('52', 'field', '7', 'en_us', '');
INSERT INTO `craft_searchindex` (`elementId`, `attribute`, `fieldId`, `locale`, `keywords`) VALUES ('52', 'field', '9', 'en_us', '');
INSERT INTO `craft_searchindex` (`elementId`, `attribute`, `fieldId`, `locale`, `keywords`) VALUES ('52', 'field', '8', 'en_us', '');
INSERT INTO `craft_searchindex` (`elementId`, `attribute`, `fieldId`, `locale`, `keywords`) VALUES ('52', 'field', '10', 'en_us', '');
INSERT INTO `craft_searchindex` (`elementId`, `attribute`, `fieldId`, `locale`, `keywords`) VALUES ('52', 'field', '27', 'en_us', '');
INSERT INTO `craft_searchindex` (`elementId`, `attribute`, `fieldId`, `locale`, `keywords`) VALUES ('52', 'field', '29', 'en_us', '');
INSERT INTO `craft_searchindex` (`elementId`, `attribute`, `fieldId`, `locale`, `keywords`) VALUES ('52', 'field', '28', 'en_us', '');
INSERT INTO `craft_searchindex` (`elementId`, `attribute`, `fieldId`, `locale`, `keywords`) VALUES ('52', 'field', '26', 'en_us', '');
INSERT INTO `craft_searchindex` (`elementId`, `attribute`, `fieldId`, `locale`, `keywords`) VALUES ('52', 'field', '24', 'en_us', '');
INSERT INTO `craft_searchindex` (`elementId`, `attribute`, `fieldId`, `locale`, `keywords`) VALUES ('52', 'field', '34', 'en_us', ' article name publication link article name publication link ');
INSERT INTO `craft_searchindex` (`elementId`, `attribute`, `fieldId`, `locale`, `keywords`) VALUES ('52', 'field', '35', 'en_us', ' 100x135 ');
INSERT INTO `craft_searchindex` (`elementId`, `attribute`, `fieldId`, `locale`, `keywords`) VALUES ('52', 'field', '37', 'en_us', ' 18 publication publication channel 1 press ');
INSERT INTO `craft_searchindex` (`elementId`, `attribute`, `fieldId`, `locale`, `keywords`) VALUES ('52', 'field', '33', 'en_us', '');
INSERT INTO `craft_searchindex` (`elementId`, `attribute`, `fieldId`, `locale`, `keywords`) VALUES ('52', 'field', '5', 'en_us', '');
INSERT INTO `craft_searchindex` (`elementId`, `attribute`, `fieldId`, `locale`, `keywords`) VALUES ('52', 'field', '4', 'en_us', '');
INSERT INTO `craft_searchindex` (`elementId`, `attribute`, `fieldId`, `locale`, `keywords`) VALUES ('52', 'field', '6', 'en_us', '');
INSERT INTO `craft_searchindex` (`elementId`, `attribute`, `fieldId`, `locale`, `keywords`) VALUES ('52', 'field', '3', 'en_us', '');
INSERT INTO `craft_searchindex` (`elementId`, `attribute`, `fieldId`, `locale`, `keywords`) VALUES ('52', 'field', '38', 'en_us', ' test ');
INSERT INTO `craft_searchindex` (`elementId`, `attribute`, `fieldId`, `locale`, `keywords`) VALUES ('52', 'field', '39', 'en_us', ' article name ');
INSERT INTO `craft_searchindex` (`elementId`, `attribute`, `fieldId`, `locale`, `keywords`) VALUES ('52', 'field', '40', 'en_us', ' article link ');
INSERT INTO `craft_searchindex` (`elementId`, `attribute`, `fieldId`, `locale`, `keywords`) VALUES ('53', 'slug', '0', 'en_us', ' title ');
INSERT INTO `craft_searchindex` (`elementId`, `attribute`, `fieldId`, `locale`, `keywords`) VALUES ('53', 'title', '0', 'en_us', ' title ');
INSERT INTO `craft_searchindex` (`elementId`, `attribute`, `fieldId`, `locale`, `keywords`) VALUES ('53', 'field', '39', 'en_us', '');
INSERT INTO `craft_searchindex` (`elementId`, `attribute`, `fieldId`, `locale`, `keywords`) VALUES ('53', 'field', '2', 'en_us', '');
INSERT INTO `craft_searchindex` (`elementId`, `attribute`, `fieldId`, `locale`, `keywords`) VALUES ('53', 'field', '13', 'en_us', '');
INSERT INTO `craft_searchindex` (`elementId`, `attribute`, `fieldId`, `locale`, `keywords`) VALUES ('53', 'field', '32', 'en_us', '');
INSERT INTO `craft_searchindex` (`elementId`, `attribute`, `fieldId`, `locale`, `keywords`) VALUES ('53', 'field', '14', 'en_us', '');
INSERT INTO `craft_searchindex` (`elementId`, `attribute`, `fieldId`, `locale`, `keywords`) VALUES ('53', 'field', '31', 'en_us', '');
INSERT INTO `craft_searchindex` (`elementId`, `attribute`, `fieldId`, `locale`, `keywords`) VALUES ('53', 'field', '25', 'en_us', '');
INSERT INTO `craft_searchindex` (`elementId`, `attribute`, `fieldId`, `locale`, `keywords`) VALUES ('53', 'field', '11', 'en_us', '');
INSERT INTO `craft_searchindex` (`elementId`, `attribute`, `fieldId`, `locale`, `keywords`) VALUES ('53', 'field', '1', 'en_us', '');
INSERT INTO `craft_searchindex` (`elementId`, `attribute`, `fieldId`, `locale`, `keywords`) VALUES ('53', 'field', '7', 'en_us', '');
INSERT INTO `craft_searchindex` (`elementId`, `attribute`, `fieldId`, `locale`, `keywords`) VALUES ('53', 'field', '9', 'en_us', '');
INSERT INTO `craft_searchindex` (`elementId`, `attribute`, `fieldId`, `locale`, `keywords`) VALUES ('53', 'field', '8', 'en_us', '');
INSERT INTO `craft_searchindex` (`elementId`, `attribute`, `fieldId`, `locale`, `keywords`) VALUES ('53', 'field', '10', 'en_us', '');
INSERT INTO `craft_searchindex` (`elementId`, `attribute`, `fieldId`, `locale`, `keywords`) VALUES ('53', 'field', '27', 'en_us', '');
INSERT INTO `craft_searchindex` (`elementId`, `attribute`, `fieldId`, `locale`, `keywords`) VALUES ('53', 'field', '29', 'en_us', '');
INSERT INTO `craft_searchindex` (`elementId`, `attribute`, `fieldId`, `locale`, `keywords`) VALUES ('53', 'field', '28', 'en_us', '');
INSERT INTO `craft_searchindex` (`elementId`, `attribute`, `fieldId`, `locale`, `keywords`) VALUES ('53', 'field', '26', 'en_us', '');
INSERT INTO `craft_searchindex` (`elementId`, `attribute`, `fieldId`, `locale`, `keywords`) VALUES ('53', 'field', '24', 'en_us', '');
INSERT INTO `craft_searchindex` (`elementId`, `attribute`, `fieldId`, `locale`, `keywords`) VALUES ('53', 'field', '40', 'en_us', '');
INSERT INTO `craft_searchindex` (`elementId`, `attribute`, `fieldId`, `locale`, `keywords`) VALUES ('53', 'field', '35', 'en_us', '');
INSERT INTO `craft_searchindex` (`elementId`, `attribute`, `fieldId`, `locale`, `keywords`) VALUES ('53', 'field', '37', 'en_us', ' 10 single collection singlecollection structure 1 single collection _entry ');
INSERT INTO `craft_searchindex` (`elementId`, `attribute`, `fieldId`, `locale`, `keywords`) VALUES ('53', 'field', '33', 'en_us', '');
INSERT INTO `craft_searchindex` (`elementId`, `attribute`, `fieldId`, `locale`, `keywords`) VALUES ('53', 'field', '5', 'en_us', '');
INSERT INTO `craft_searchindex` (`elementId`, `attribute`, `fieldId`, `locale`, `keywords`) VALUES ('53', 'field', '4', 'en_us', '');
INSERT INTO `craft_searchindex` (`elementId`, `attribute`, `fieldId`, `locale`, `keywords`) VALUES ('53', 'field', '6', 'en_us', '');
INSERT INTO `craft_searchindex` (`elementId`, `attribute`, `fieldId`, `locale`, `keywords`) VALUES ('53', 'field', '3', 'en_us', '');
INSERT INTO `craft_searchindex` (`elementId`, `attribute`, `fieldId`, `locale`, `keywords`) VALUES ('53', 'field', '38', 'en_us', '');
INSERT INTO `craft_searchindex` (`elementId`, `attribute`, `fieldId`, `locale`, `keywords`) VALUES ('54', 'slug', '0', 'en_us', ' publication two ');
INSERT INTO `craft_searchindex` (`elementId`, `attribute`, `fieldId`, `locale`, `keywords`) VALUES ('54', 'title', '0', 'en_us', ' publication two ');
INSERT INTO `craft_searchindex` (`elementId`, `attribute`, `fieldId`, `locale`, `keywords`) VALUES ('54', 'field', '39', 'en_us', ' article two ');
INSERT INTO `craft_searchindex` (`elementId`, `attribute`, `fieldId`, `locale`, `keywords`) VALUES ('54', 'field', '2', 'en_us', '');
INSERT INTO `craft_searchindex` (`elementId`, `attribute`, `fieldId`, `locale`, `keywords`) VALUES ('54', 'field', '13', 'en_us', '');
INSERT INTO `craft_searchindex` (`elementId`, `attribute`, `fieldId`, `locale`, `keywords`) VALUES ('54', 'field', '32', 'en_us', '');
INSERT INTO `craft_searchindex` (`elementId`, `attribute`, `fieldId`, `locale`, `keywords`) VALUES ('54', 'field', '14', 'en_us', '');
INSERT INTO `craft_searchindex` (`elementId`, `attribute`, `fieldId`, `locale`, `keywords`) VALUES ('54', 'field', '31', 'en_us', '');
INSERT INTO `craft_searchindex` (`elementId`, `attribute`, `fieldId`, `locale`, `keywords`) VALUES ('54', 'field', '25', 'en_us', '');
INSERT INTO `craft_searchindex` (`elementId`, `attribute`, `fieldId`, `locale`, `keywords`) VALUES ('54', 'field', '11', 'en_us', '');
INSERT INTO `craft_searchindex` (`elementId`, `attribute`, `fieldId`, `locale`, `keywords`) VALUES ('54', 'field', '1', 'en_us', '');
INSERT INTO `craft_searchindex` (`elementId`, `attribute`, `fieldId`, `locale`, `keywords`) VALUES ('54', 'field', '7', 'en_us', '');
INSERT INTO `craft_searchindex` (`elementId`, `attribute`, `fieldId`, `locale`, `keywords`) VALUES ('54', 'field', '9', 'en_us', '');
INSERT INTO `craft_searchindex` (`elementId`, `attribute`, `fieldId`, `locale`, `keywords`) VALUES ('54', 'field', '8', 'en_us', '');
INSERT INTO `craft_searchindex` (`elementId`, `attribute`, `fieldId`, `locale`, `keywords`) VALUES ('54', 'field', '10', 'en_us', '');
INSERT INTO `craft_searchindex` (`elementId`, `attribute`, `fieldId`, `locale`, `keywords`) VALUES ('54', 'field', '27', 'en_us', '');
INSERT INTO `craft_searchindex` (`elementId`, `attribute`, `fieldId`, `locale`, `keywords`) VALUES ('54', 'field', '29', 'en_us', '');
INSERT INTO `craft_searchindex` (`elementId`, `attribute`, `fieldId`, `locale`, `keywords`) VALUES ('54', 'field', '28', 'en_us', '');
INSERT INTO `craft_searchindex` (`elementId`, `attribute`, `fieldId`, `locale`, `keywords`) VALUES ('54', 'field', '26', 'en_us', '');
INSERT INTO `craft_searchindex` (`elementId`, `attribute`, `fieldId`, `locale`, `keywords`) VALUES ('54', 'field', '24', 'en_us', '');
INSERT INTO `craft_searchindex` (`elementId`, `attribute`, `fieldId`, `locale`, `keywords`) VALUES ('54', 'field', '40', 'en_us', ' link for article ');
INSERT INTO `craft_searchindex` (`elementId`, `attribute`, `fieldId`, `locale`, `keywords`) VALUES ('54', 'field', '35', 'en_us', ' 100x135 ');
INSERT INTO `craft_searchindex` (`elementId`, `attribute`, `fieldId`, `locale`, `keywords`) VALUES ('54', 'field', '37', 'en_us', ' 18 publication publication channel 1 press ');
INSERT INTO `craft_searchindex` (`elementId`, `attribute`, `fieldId`, `locale`, `keywords`) VALUES ('54', 'field', '33', 'en_us', '');
INSERT INTO `craft_searchindex` (`elementId`, `attribute`, `fieldId`, `locale`, `keywords`) VALUES ('54', 'field', '5', 'en_us', '');
INSERT INTO `craft_searchindex` (`elementId`, `attribute`, `fieldId`, `locale`, `keywords`) VALUES ('54', 'field', '4', 'en_us', '');
INSERT INTO `craft_searchindex` (`elementId`, `attribute`, `fieldId`, `locale`, `keywords`) VALUES ('54', 'field', '6', 'en_us', '');
INSERT INTO `craft_searchindex` (`elementId`, `attribute`, `fieldId`, `locale`, `keywords`) VALUES ('54', 'field', '3', 'en_us', '');
INSERT INTO `craft_searchindex` (`elementId`, `attribute`, `fieldId`, `locale`, `keywords`) VALUES ('54', 'field', '38', 'en_us', '');



--
-- Schema for table `craft_sections`
--

DROP TABLE IF EXISTS `craft_sections`;

CREATE TABLE `craft_sections` (
  `id` int(11) NOT NULL AUTO_INCREMENT,
  `name` varchar(255) COLLATE utf8_unicode_ci NOT NULL,
  `handle` varchar(255) COLLATE utf8_unicode_ci NOT NULL,
  `type` enum('single','channel','structure') COLLATE utf8_unicode_ci NOT NULL DEFAULT 'channel',
  `hasUrls` tinyint(1) unsigned NOT NULL DEFAULT '1',
  `template` varchar(500) COLLATE utf8_unicode_ci DEFAULT NULL,
  `maxDepth` int(10) unsigned DEFAULT NULL,
  `dateCreated` datetime NOT NULL,
  `dateUpdated` datetime NOT NULL,
  `uid` char(36) COLLATE utf8_unicode_ci NOT NULL DEFAULT '0',
  PRIMARY KEY (`id`),
  UNIQUE KEY `craft_sections_name_unq_idx` (`name`),
  UNIQUE KEY `craft_sections_handle_unq_idx` (`handle`)
) ENGINE=InnoDB AUTO_INCREMENT=19 DEFAULT CHARSET=utf8 COLLATE=utf8_unicode_ci;

--
-- Data for table `craft_sections`
--

INSERT INTO `craft_sections` (`id`, `name`, `handle`, `type`, `hasUrls`, `template`, `maxDepth`, `dateCreated`, `dateUpdated`, `uid`) VALUES ('1', 'Homepage', 'homepage', 'single', '1', 'index', NULL, '2013-12-18 18:11:04', '2013-12-18 18:11:04', '90ee6a7c-3464-4811-bb00-1d1e15fc8d7c');
INSERT INTO `craft_sections` (`id`, `name`, `handle`, `type`, `hasUrls`, `template`, `maxDepth`, `dateCreated`, `dateUpdated`, `uid`) VALUES ('3', 'About', 'about', 'single', '1', 'about', NULL, '2013-12-20 17:01:04', '2013-12-30 12:59:26', '943e68c8-d6c4-4859-abf2-6a47be4bf430');
INSERT INTO `craft_sections` (`id`, `name`, `handle`, `type`, `hasUrls`, `template`, `maxDepth`, `dateCreated`, `dateUpdated`, `uid`) VALUES ('4', 'Contact', 'contact', 'single', '1', 'contact', NULL, '2013-12-20 17:01:10', '2013-12-20 17:01:10', 'd837dab8-2335-439d-9120-478615f369d1');
INSERT INTO `craft_sections` (`id`, `name`, `handle`, `type`, `hasUrls`, `template`, `maxDepth`, `dateCreated`, `dateUpdated`, `uid`) VALUES ('6', 'Stockists', 'stockists', 'structure', '1', 'stockists', NULL, '2013-12-20 17:01:36', '2014-01-03 11:27:20', 'd2c440d7-23a5-40ca-ae56-576014255078');
INSERT INTO `craft_sections` (`id`, `name`, `handle`, `type`, `hasUrls`, `template`, `maxDepth`, `dateCreated`, `dateUpdated`, `uid`) VALUES ('7', 'Press', 'press', 'single', '1', 'press', NULL, '2013-12-20 17:02:27', '2014-01-03 14:54:16', 'eb0c88a0-0c4a-42c7-9c8c-7e80f9d86e1f');
INSERT INTO `craft_sections` (`id`, `name`, `handle`, `type`, `hasUrls`, `template`, `maxDepth`, `dateCreated`, `dateUpdated`, `uid`) VALUES ('8', 'Shop', 'shop', 'single', '1', 'shop', NULL, '2013-12-20 17:02:40', '2013-12-20 17:02:40', '2675b5cd-bb83-481b-ade2-62dfca473df5');
INSERT INTO `craft_sections` (`id`, `name`, `handle`, `type`, `hasUrls`, `template`, `maxDepth`, `dateCreated`, `dateUpdated`, `uid`) VALUES ('9', 'Collections', 'collections', 'single', '1', 'collections', NULL, '2014-01-02 18:12:55', '2014-01-02 18:35:48', '0284ac37-c9e5-4548-bad8-28e50882e018');
INSERT INTO `craft_sections` (`id`, `name`, `handle`, `type`, `hasUrls`, `template`, `maxDepth`, `dateCreated`, `dateUpdated`, `uid`) VALUES ('10', 'Single Collection', 'singleCollection', 'structure', '1', 'single-collection/_entry', NULL, '2014-01-02 18:36:16', '2014-01-02 18:36:16', '48910bb1-dcdb-4570-af27-a480f0e0d841');
INSERT INTO `craft_sections` (`id`, `name`, `handle`, `type`, `hasUrls`, `template`, `maxDepth`, `dateCreated`, `dateUpdated`, `uid`) VALUES ('18', 'Publication', 'publication', 'channel', '1', 'press', NULL, '2014-01-03 19:26:33', '2014-01-03 20:07:53', '5520890c-4c8e-4963-bccc-ac81eff5b9b4');



--
-- Schema for table `craft_sections_i18n`
--

DROP TABLE IF EXISTS `craft_sections_i18n`;

CREATE TABLE `craft_sections_i18n` (
  `id` int(11) NOT NULL AUTO_INCREMENT,
  `sectionId` int(11) NOT NULL,
  `locale` char(12) COLLATE utf8_unicode_ci NOT NULL,
  `urlFormat` varchar(255) COLLATE utf8_unicode_ci DEFAULT NULL,
  `nestedUrlFormat` varchar(255) COLLATE utf8_unicode_ci DEFAULT NULL,
  `dateCreated` datetime NOT NULL,
  `dateUpdated` datetime NOT NULL,
  `uid` char(36) COLLATE utf8_unicode_ci NOT NULL DEFAULT '0',
  PRIMARY KEY (`id`),
  UNIQUE KEY `craft_sections_i18n_sectionId_locale_unq_idx` (`sectionId`,`locale`),
  KEY `craft_sections_i18n_locale_fk` (`locale`)
) ENGINE=InnoDB AUTO_INCREMENT=19 DEFAULT CHARSET=utf8 COLLATE=utf8_unicode_ci;

--
-- Data for table `craft_sections_i18n`
--

INSERT INTO `craft_sections_i18n` (`id`, `sectionId`, `locale`, `urlFormat`, `nestedUrlFormat`, `dateCreated`, `dateUpdated`, `uid`) VALUES ('1', '1', 'en_us', '__home__', NULL, '2013-12-18 18:11:04', '2013-12-18 18:11:04', '7998ae5f-5d2b-4e82-9e5c-8408cf88d4fe');
INSERT INTO `craft_sections_i18n` (`id`, `sectionId`, `locale`, `urlFormat`, `nestedUrlFormat`, `dateCreated`, `dateUpdated`, `uid`) VALUES ('3', '3', 'en_us', 'about', NULL, '2013-12-20 17:01:04', '2013-12-20 17:01:04', 'ad7e9f77-b028-4f8b-b9f1-48db71c9a7ff');
INSERT INTO `craft_sections_i18n` (`id`, `sectionId`, `locale`, `urlFormat`, `nestedUrlFormat`, `dateCreated`, `dateUpdated`, `uid`) VALUES ('4', '4', 'en_us', 'contact', NULL, '2013-12-20 17:01:10', '2013-12-20 17:01:10', 'fa62c3d2-7114-45ae-8694-076d9d142adf');
INSERT INTO `craft_sections_i18n` (`id`, `sectionId`, `locale`, `urlFormat`, `nestedUrlFormat`, `dateCreated`, `dateUpdated`, `uid`) VALUES ('6', '6', 'en_us', '{slug}', '{parent.uri}/{slug}', '2013-12-20 17:01:36', '2014-01-03 11:27:20', '355a5485-465d-4096-bede-9c561d413467');
INSERT INTO `craft_sections_i18n` (`id`, `sectionId`, `locale`, `urlFormat`, `nestedUrlFormat`, `dateCreated`, `dateUpdated`, `uid`) VALUES ('7', '7', 'en_us', 'press', NULL, '2013-12-20 17:02:27', '2013-12-20 17:03:59', 'dd7b73e2-d33e-4bad-af74-7bbecb06db48');
INSERT INTO `craft_sections_i18n` (`id`, `sectionId`, `locale`, `urlFormat`, `nestedUrlFormat`, `dateCreated`, `dateUpdated`, `uid`) VALUES ('8', '8', 'en_us', 'shop', NULL, '2013-12-20 17:02:40', '2013-12-20 17:02:40', 'b3e0b2fe-da6f-4f37-a25b-3f59f6bef429');
INSERT INTO `craft_sections_i18n` (`id`, `sectionId`, `locale`, `urlFormat`, `nestedUrlFormat`, `dateCreated`, `dateUpdated`, `uid`) VALUES ('9', '9', 'en_us', 'collections', NULL, '2014-01-02 18:12:55', '2014-01-02 18:35:47', '46a0db22-42f8-442e-8203-5ca197336e7d');
INSERT INTO `craft_sections_i18n` (`id`, `sectionId`, `locale`, `urlFormat`, `nestedUrlFormat`, `dateCreated`, `dateUpdated`, `uid`) VALUES ('10', '10', 'en_us', 'single-collection/{slug}', '{parent.uri}/{slug}', '2014-01-02 18:36:16', '2014-01-02 18:36:16', 'e35c11e3-e4f2-4fdc-86d1-be37ff777a7c');
INSERT INTO `craft_sections_i18n` (`id`, `sectionId`, `locale`, `urlFormat`, `nestedUrlFormat`, `dateCreated`, `dateUpdated`, `uid`) VALUES ('18', '18', 'en_us', '{slug}', NULL, '2014-01-03 19:26:33', '2014-01-03 19:31:07', 'a67e7714-99f0-4934-81fa-573fc47a2b31');



--
-- Schema for table `craft_sessions`
--

DROP TABLE IF EXISTS `craft_sessions`;

CREATE TABLE `craft_sessions` (
  `id` int(11) NOT NULL AUTO_INCREMENT,
  `userId` int(11) NOT NULL,
  `token` char(100) COLLATE utf8_unicode_ci NOT NULL,
  `dateCreated` datetime NOT NULL,
  `dateUpdated` datetime NOT NULL,
  `uid` char(36) COLLATE utf8_unicode_ci NOT NULL DEFAULT '0',
  PRIMARY KEY (`id`),
  KEY `craft_sessions_uid_idx` (`uid`),
  KEY `craft_sessions_token_idx` (`token`),
  KEY `craft_sessions_dateUpdated_idx` (`dateUpdated`),
  KEY `craft_sessions_userId_fk` (`userId`)
) ENGINE=InnoDB AUTO_INCREMENT=8 DEFAULT CHARSET=utf8 COLLATE=utf8_unicode_ci;

--
-- Data for table `craft_sessions`
--

INSERT INTO `craft_sessions` (`id`, `userId`, `token`, `dateCreated`, `dateUpdated`, `uid`) VALUES ('1', '1', 'ccf62e3530727f6e800609fceb3ff21a3cbb97f9czozNjoiOGUyYWFjZmYtNGZmYS00NmQ1LWEyMzAtZjRlMGIzMTUxODNiIjs=', '2013-12-18 18:11:03', '2013-12-18 18:11:36', '7364beac-d80f-4ed7-ad5e-2788f17e16b9');
INSERT INTO `craft_sessions` (`id`, `userId`, `token`, `dateCreated`, `dateUpdated`, `uid`) VALUES ('3', '1', 'e7960dc7745a66b2633b175b3fa6f96160792766czozNjoiNTAyNDM3MWEtNmVjYi00ZWI2LTgxMzUtYTNmYTI2NzIxNmNjIjs=', '2013-12-20 16:57:37', '2013-12-20 16:57:37', '7d171c3c-347b-4de7-9f59-87c066cd2224');
INSERT INTO `craft_sessions` (`id`, `userId`, `token`, `dateCreated`, `dateUpdated`, `uid`) VALUES ('4', '1', '2135dea37fe91a9e80bf6d1b4708b253173b15c4czozNjoiNTI3YzAzZmMtNDA5Ni00NzVlLWEwMGUtNDYxOWMxMDZiMGQxIjs=', '2013-12-30 12:52:59', '2013-12-30 12:52:59', '2550cee7-25e7-423f-9bb4-f07eb5ee1e6c');
INSERT INTO `craft_sessions` (`id`, `userId`, `token`, `dateCreated`, `dateUpdated`, `uid`) VALUES ('5', '1', 'b6bbc41cbd4a0d9c858f8817c1886bcd5b46ddaaczozNjoiMmI5Yzc0OTgtZTQzMS00ZjgxLTgwZWYtMTJjOGQ0NzFkMjgzIjs=', '2014-01-02 13:41:59', '2014-01-02 13:41:59', 'f2d3656d-f929-49dd-8476-da3579609300');
INSERT INTO `craft_sessions` (`id`, `userId`, `token`, `dateCreated`, `dateUpdated`, `uid`) VALUES ('7', '1', '2024214bac82ffc4bcfa908f06df09ff5a8e0291czozNjoiN2I3NmQwYzgtNmJjNS00ZGVjLTk1MjEtMGE1YTA0NmFhZjMwIjs=', '2014-01-02 17:05:24', '2014-01-02 17:05:25', '377a9a89-6916-4371-b7d5-d0ef479e52d6');



--
-- Schema for table `craft_shunnedmessages`
--

DROP TABLE IF EXISTS `craft_shunnedmessages`;

CREATE TABLE `craft_shunnedmessages` (
  `id` int(11) NOT NULL AUTO_INCREMENT,
  `userId` int(11) NOT NULL,
  `message` varchar(255) COLLATE utf8_unicode_ci NOT NULL,
  `expiryDate` datetime DEFAULT NULL,
  `dateCreated` datetime NOT NULL,
  `dateUpdated` datetime NOT NULL,
  `uid` char(36) COLLATE utf8_unicode_ci NOT NULL DEFAULT '0',
  PRIMARY KEY (`id`),
  UNIQUE KEY `craft_shunnedmessages_userId_message_unq_idx` (`userId`,`message`)
) ENGINE=InnoDB AUTO_INCREMENT=3 DEFAULT CHARSET=utf8 COLLATE=utf8_unicode_ci;

--
-- Data for table `craft_shunnedmessages`
--

INSERT INTO `craft_shunnedmessages` (`id`, `userId`, `message`, `expiryDate`, `dateCreated`, `dateUpdated`, `uid`) VALUES ('1', '1', 'packageTrialAlert', '2014-01-04 11:22:47', '2013-12-30 12:54:14', '2014-01-03 11:22:47', '11f009ac-efb0-4d74-8113-39cb0b09a78c');



--
-- Schema for table `craft_systemsettings`
--

DROP TABLE IF EXISTS `craft_systemsettings`;

CREATE TABLE `craft_systemsettings` (
  `id` int(11) NOT NULL AUTO_INCREMENT,
  `category` varchar(15) COLLATE utf8_unicode_ci NOT NULL,
  `settings` text COLLATE utf8_unicode_ci,
  `dateCreated` datetime NOT NULL,
  `dateUpdated` datetime NOT NULL,
  `uid` char(36) COLLATE utf8_unicode_ci NOT NULL DEFAULT '0',
  PRIMARY KEY (`id`),
  UNIQUE KEY `craft_systemsettings_category_unq_idx` (`category`)
) ENGINE=InnoDB AUTO_INCREMENT=2 DEFAULT CHARSET=utf8 COLLATE=utf8_unicode_ci;

--
-- Data for table `craft_systemsettings`
--

INSERT INTO `craft_systemsettings` (`id`, `category`, `settings`, `dateCreated`, `dateUpdated`, `uid`) VALUES ('1', 'email', '{\"protocol\":\"php\",\"emailAddress\":\"robbiefa@gmail.com\",\"senderName\":\"blobs\"}', '2013-12-18 18:11:03', '2013-12-18 18:11:03', 'c0fc0c2d-756b-4627-9c25-771cb2a2212e');



--
-- Schema for table `craft_tags`
--

DROP TABLE IF EXISTS `craft_tags`;

CREATE TABLE `craft_tags` (
  `id` int(11) NOT NULL,
  `setId` int(11) NOT NULL,
  `name` varchar(255) COLLATE utf8_unicode_ci NOT NULL,
  `dateCreated` datetime NOT NULL,
  `dateUpdated` datetime NOT NULL,
  `uid` char(36) COLLATE utf8_unicode_ci NOT NULL DEFAULT '0',
  PRIMARY KEY (`id`),
  UNIQUE KEY `craft_tags_setId_name_unq_idx` (`setId`,`name`)
) ENGINE=InnoDB DEFAULT CHARSET=utf8 COLLATE=utf8_unicode_ci;

--
-- Schema for table `craft_tagsets`
--

DROP TABLE IF EXISTS `craft_tagsets`;

CREATE TABLE `craft_tagsets` (
  `id` int(11) NOT NULL AUTO_INCREMENT,
  `name` varchar(255) COLLATE utf8_unicode_ci NOT NULL,
  `handle` varchar(255) COLLATE utf8_unicode_ci NOT NULL,
  `fieldLayoutId` int(10) DEFAULT NULL,
  `dateCreated` datetime NOT NULL,
  `dateUpdated` datetime NOT NULL,
  `uid` char(36) COLLATE utf8_unicode_ci NOT NULL DEFAULT '0',
  PRIMARY KEY (`id`),
  UNIQUE KEY `craft_tagsets_name_unq_idx` (`name`),
  UNIQUE KEY `craft_tagsets_handle_unq_idx` (`handle`),
  KEY `craft_tagsets_fieldLayoutId_fk` (`fieldLayoutId`)
) ENGINE=InnoDB AUTO_INCREMENT=2 DEFAULT CHARSET=utf8 COLLATE=utf8_unicode_ci;

--
-- Data for table `craft_tagsets`
--

INSERT INTO `craft_tagsets` (`id`, `name`, `handle`, `fieldLayoutId`, `dateCreated`, `dateUpdated`, `uid`) VALUES ('1', 'Default', 'default', '1', '2013-12-18 18:11:03', '2013-12-18 18:11:03', '17f0e818-7324-499b-bd49-81b0e8a608c7');



--
-- Schema for table `craft_usergroups`
--

DROP TABLE IF EXISTS `craft_usergroups`;

CREATE TABLE `craft_usergroups` (
  `id` int(11) NOT NULL AUTO_INCREMENT,
  `name` varchar(255) COLLATE utf8_unicode_ci NOT NULL,
  `handle` varchar(255) COLLATE utf8_unicode_ci NOT NULL,
  `dateCreated` datetime NOT NULL,
  `dateUpdated` datetime NOT NULL,
  `uid` char(36) COLLATE utf8_unicode_ci NOT NULL DEFAULT '0',
  PRIMARY KEY (`id`)
) ENGINE=InnoDB DEFAULT CHARSET=utf8 COLLATE=utf8_unicode_ci;

--
-- Schema for table `craft_usergroups_users`
--

DROP TABLE IF EXISTS `craft_usergroups_users`;

CREATE TABLE `craft_usergroups_users` (
  `id` int(11) NOT NULL AUTO_INCREMENT,
  `groupId` int(11) NOT NULL,
  `userId` int(11) NOT NULL,
  `dateCreated` datetime NOT NULL,
  `dateUpdated` datetime NOT NULL,
  `uid` char(36) COLLATE utf8_unicode_ci NOT NULL DEFAULT '0',
  PRIMARY KEY (`id`),
  UNIQUE KEY `craft_usergroups_users_groupId_userId_unq_idx` (`groupId`,`userId`),
  KEY `craft_usergroups_users_userId_fk` (`userId`)
) ENGINE=InnoDB DEFAULT CHARSET=utf8 COLLATE=utf8_unicode_ci;

--
-- Schema for table `craft_userpermissions`
--

DROP TABLE IF EXISTS `craft_userpermissions`;

CREATE TABLE `craft_userpermissions` (
  `id` int(11) NOT NULL AUTO_INCREMENT,
  `name` varchar(255) COLLATE utf8_unicode_ci NOT NULL,
  `dateCreated` datetime NOT NULL,
  `dateUpdated` datetime NOT NULL,
  `uid` char(36) COLLATE utf8_unicode_ci NOT NULL DEFAULT '0',
  PRIMARY KEY (`id`),
  UNIQUE KEY `craft_userpermissions_name_unq_idx` (`name`)
) ENGINE=InnoDB DEFAULT CHARSET=utf8 COLLATE=utf8_unicode_ci;

--
-- Schema for table `craft_userpermissions_usergroups`
--

DROP TABLE IF EXISTS `craft_userpermissions_usergroups`;

CREATE TABLE `craft_userpermissions_usergroups` (
  `id` int(11) NOT NULL AUTO_INCREMENT,
  `permissionId` int(11) NOT NULL,
  `groupId` int(11) NOT NULL,
  `dateCreated` datetime NOT NULL,
  `dateUpdated` datetime NOT NULL,
  `uid` char(36) COLLATE utf8_unicode_ci NOT NULL DEFAULT '0',
  PRIMARY KEY (`id`),
  UNIQUE KEY `craft_userpermissions_usergroups_permissionId_groupId_unq_idx` (`permissionId`,`groupId`),
  KEY `craft_userpermissions_usergroups_groupId_fk` (`groupId`)
) ENGINE=InnoDB DEFAULT CHARSET=utf8 COLLATE=utf8_unicode_ci;

--
-- Schema for table `craft_userpermissions_users`
--

DROP TABLE IF EXISTS `craft_userpermissions_users`;

CREATE TABLE `craft_userpermissions_users` (
  `id` int(11) NOT NULL AUTO_INCREMENT,
  `permissionId` int(11) NOT NULL,
  `userId` int(11) NOT NULL,
  `dateCreated` datetime NOT NULL,
  `dateUpdated` datetime NOT NULL,
  `uid` char(36) COLLATE utf8_unicode_ci NOT NULL DEFAULT '0',
  PRIMARY KEY (`id`),
  UNIQUE KEY `craft_userpermissions_users_permissionId_userId_unq_idx` (`permissionId`,`userId`),
  KEY `craft_userpermissions_users_userId_fk` (`userId`)
) ENGINE=InnoDB DEFAULT CHARSET=utf8 COLLATE=utf8_unicode_ci;

--
-- Schema for table `craft_users`
--

DROP TABLE IF EXISTS `craft_users`;

CREATE TABLE `craft_users` (
  `id` int(11) NOT NULL,
  `username` varchar(100) COLLATE utf8_unicode_ci NOT NULL,
  `photo` varchar(50) COLLATE utf8_unicode_ci DEFAULT NULL,
  `firstName` varchar(100) COLLATE utf8_unicode_ci DEFAULT NULL,
  `lastName` varchar(100) COLLATE utf8_unicode_ci DEFAULT NULL,
  `email` varchar(255) COLLATE utf8_unicode_ci NOT NULL,
  `password` char(255) COLLATE utf8_unicode_ci DEFAULT NULL,
  `preferredLocale` char(12) COLLATE utf8_unicode_ci DEFAULT NULL,
  `admin` tinyint(1) unsigned NOT NULL DEFAULT '0',
  `status` enum('locked','suspended','pending','active','archived') COLLATE utf8_unicode_ci DEFAULT 'pending',
  `lastLoginDate` datetime DEFAULT NULL,
  `lastLoginAttemptIPAddress` varchar(45) COLLATE utf8_unicode_ci DEFAULT NULL,
  `invalidLoginWindowStart` datetime DEFAULT NULL,
  `invalidLoginCount` tinyint(4) unsigned DEFAULT NULL,
  `lastInvalidLoginDate` datetime DEFAULT NULL,
  `lockoutDate` datetime DEFAULT NULL,
  `verificationCode` char(100) COLLATE utf8_unicode_ci DEFAULT NULL,
  `verificationCodeIssuedDate` datetime DEFAULT NULL,
  `passwordResetRequired` tinyint(1) unsigned NOT NULL DEFAULT '0',
  `lastPasswordChangeDate` datetime DEFAULT NULL,
  `dateCreated` datetime NOT NULL,
  `dateUpdated` datetime NOT NULL,
  `uid` char(36) COLLATE utf8_unicode_ci NOT NULL DEFAULT '0',
  PRIMARY KEY (`id`),
  UNIQUE KEY `craft_users_username_unq_idx` (`username`),
  UNIQUE KEY `craft_users_email_unq_idx` (`email`),
  KEY `craft_users_verificationCode_idx` (`verificationCode`),
  KEY `craft_users_uid_idx` (`uid`),
  KEY `craft_users_preferredLocale_fk` (`preferredLocale`)
) ENGINE=InnoDB DEFAULT CHARSET=utf8 COLLATE=utf8_unicode_ci;

--
-- Data for table `craft_users`
--

INSERT INTO `craft_users` (`id`, `username`, `photo`, `firstName`, `lastName`, `email`, `password`, `preferredLocale`, `admin`, `status`, `lastLoginDate`, `lastLoginAttemptIPAddress`, `invalidLoginWindowStart`, `invalidLoginCount`, `lastInvalidLoginDate`, `lockoutDate`, `verificationCode`, `verificationCodeIssuedDate`, `passwordResetRequired`, `lastPasswordChangeDate`, `dateCreated`, `dateUpdated`, `uid`) VALUES ('1', 'admin', NULL, NULL, NULL, 'robbiefa@gmail.com', '$2a$13$3VbfiLU/24l/7aHP870/zuEzduZK.ukKu2tKpm4Jenvu5CMK2lBmi', NULL, '1', 'active', '2014-01-02 17:05:24', '127.0.0.1', NULL, NULL, NULL, NULL, NULL, NULL, '0', '2013-12-20 16:56:50', '2013-12-18 18:11:01', '2014-01-02 17:05:24', '67fed9d5-b932-4655-b982-6b0417e5e203');



--
-- Schema for table `craft_widgets`
--

DROP TABLE IF EXISTS `craft_widgets`;

CREATE TABLE `craft_widgets` (
  `id` int(11) NOT NULL AUTO_INCREMENT,
  `userId` int(11) NOT NULL,
  `type` char(150) COLLATE utf8_unicode_ci NOT NULL,
  `sortOrder` tinyint(4) DEFAULT NULL,
  `settings` text COLLATE utf8_unicode_ci,
  `enabled` tinyint(1) unsigned NOT NULL DEFAULT '1',
  `dateCreated` datetime NOT NULL,
  `dateUpdated` datetime NOT NULL,
  `uid` char(36) COLLATE utf8_unicode_ci NOT NULL DEFAULT '0',
  PRIMARY KEY (`id`),
  KEY `craft_widgets_userId_fk` (`userId`)
) ENGINE=InnoDB AUTO_INCREMENT=6 DEFAULT CHARSET=utf8 COLLATE=utf8_unicode_ci;

--
-- Data for table `craft_widgets`
--

INSERT INTO `craft_widgets` (`id`, `userId`, `type`, `sortOrder`, `settings`, `enabled`, `dateCreated`, `dateUpdated`, `uid`) VALUES ('1', '1', 'QuickPost', '1', '{\"section\":\"2\"}', '1', '2013-12-18 18:11:36', '2013-12-18 18:11:36', '007f18c5-2146-4d60-823e-cb3db9897d47');
INSERT INTO `craft_widgets` (`id`, `userId`, `type`, `sortOrder`, `settings`, `enabled`, `dateCreated`, `dateUpdated`, `uid`) VALUES ('2', '1', 'RecentEntries', '2', NULL, '1', '2013-12-18 18:11:36', '2013-12-18 18:11:36', '0c468192-8011-4514-847a-eed90de748f2');
INSERT INTO `craft_widgets` (`id`, `userId`, `type`, `sortOrder`, `settings`, `enabled`, `dateCreated`, `dateUpdated`, `uid`) VALUES ('3', '1', 'GetHelp', '3', NULL, '1', '2013-12-18 18:11:36', '2013-12-18 18:11:36', '310ef72e-55e1-4500-b0eb-10ac1a99466c');
INSERT INTO `craft_widgets` (`id`, `userId`, `type`, `sortOrder`, `settings`, `enabled`, `dateCreated`, `dateUpdated`, `uid`) VALUES ('4', '1', 'Updates', '4', NULL, '1', '2013-12-18 18:11:36', '2013-12-18 18:11:36', 'd82de3bb-7c6e-4864-8bb7-e35ba79cb044');
INSERT INTO `craft_widgets` (`id`, `userId`, `type`, `sortOrder`, `settings`, `enabled`, `dateCreated`, `dateUpdated`, `uid`) VALUES ('5', '1', 'Feed', '5', '{\"url\":\"http:\\/\\/feeds.feedburner.com\\/blogandtonic\",\"title\":\"Blog & Tonic\"}', '1', '2013-12-18 18:11:36', '2013-12-18 18:11:36', 'c6aa475d-29aa-415e-9f8f-254f7f874382');


--
-- Constraints for tables
--


--
-- Constraints for table `craft_assetfiles`
--
ALTER TABLE `craft_assetfiles`
	ADD CONSTRAINT `craft_assetfiles_folderId_fk` FOREIGN KEY (`folderId`) REFERENCES `craft_assetfolders` (`id`) ON DELETE CASCADE,
	ADD CONSTRAINT `craft_assetfiles_id_fk` FOREIGN KEY (`id`) REFERENCES `craft_elements` (`id`) ON DELETE CASCADE,
	ADD CONSTRAINT `craft_assetfiles_sourceId_fk` FOREIGN KEY (`sourceId`) REFERENCES `craft_assetsources` (`id`) ON DELETE CASCADE;

--
-- Constraints for table `craft_assetfolders`
--
ALTER TABLE `craft_assetfolders`
	ADD CONSTRAINT `craft_assetfolders_parentId_fk` FOREIGN KEY (`parentId`) REFERENCES `craft_assetfolders` (`id`) ON DELETE CASCADE,
	ADD CONSTRAINT `craft_assetfolders_sourceId_fk` FOREIGN KEY (`sourceId`) REFERENCES `craft_assetsources` (`id`) ON DELETE CASCADE;

--
-- Constraints for table `craft_assetindexdata`
--
ALTER TABLE `craft_assetindexdata`
	ADD CONSTRAINT `craft_assetindexdata_sourceId_fk` FOREIGN KEY (`sourceId`) REFERENCES `craft_assetsources` (`id`) ON DELETE CASCADE;

--
-- Constraints for table `craft_content`
--
ALTER TABLE `craft_content`
	ADD CONSTRAINT `craft_content_elementId_fk` FOREIGN KEY (`elementId`) REFERENCES `craft_elements` (`id`) ON DELETE CASCADE,
	ADD CONSTRAINT `craft_content_locale_fk` FOREIGN KEY (`locale`) REFERENCES `craft_locales` (`locale`) ON DELETE CASCADE ON UPDATE CASCADE;

--
-- Constraints for table `craft_elements_i18n`
--
ALTER TABLE `craft_elements_i18n`
	ADD CONSTRAINT `craft_elements_i18n_elementId_fk` FOREIGN KEY (`elementId`) REFERENCES `craft_elements` (`id`) ON DELETE CASCADE,
	ADD CONSTRAINT `craft_elements_i18n_locale_fk` FOREIGN KEY (`locale`) REFERENCES `craft_locales` (`locale`) ON DELETE CASCADE ON UPDATE CASCADE;

--
-- Constraints for table `craft_entries`
--
ALTER TABLE `craft_entries`
	ADD CONSTRAINT `craft_entries_authorId_fk` FOREIGN KEY (`authorId`) REFERENCES `craft_users` (`id`) ON DELETE CASCADE,
	ADD CONSTRAINT `craft_entries_id_fk` FOREIGN KEY (`id`) REFERENCES `craft_elements` (`id`) ON DELETE CASCADE,
	ADD CONSTRAINT `craft_entries_sectionId_fk` FOREIGN KEY (`sectionId`) REFERENCES `craft_sections` (`id`) ON DELETE CASCADE,
	ADD CONSTRAINT `craft_entries_typeId_fk` FOREIGN KEY (`typeId`) REFERENCES `craft_entrytypes` (`id`) ON DELETE CASCADE;

--
-- Constraints for table `craft_entries_i18n`
--
ALTER TABLE `craft_entries_i18n`
	ADD CONSTRAINT `craft_entries_i18n_entryId_fk` FOREIGN KEY (`entryId`) REFERENCES `craft_entries` (`id`) ON DELETE CASCADE,
	ADD CONSTRAINT `craft_entries_i18n_locale_fk` FOREIGN KEY (`locale`) REFERENCES `craft_locales` (`locale`) ON DELETE CASCADE ON UPDATE CASCADE,
	ADD CONSTRAINT `craft_entries_i18n_sectionId_fk` FOREIGN KEY (`sectionId`) REFERENCES `craft_sections` (`id`) ON DELETE CASCADE;

--
-- Constraints for table `craft_entrydrafts`
--
ALTER TABLE `craft_entrydrafts`
	ADD CONSTRAINT `craft_entrydrafts_creatorId_fk` FOREIGN KEY (`creatorId`) REFERENCES `craft_users` (`id`) ON DELETE CASCADE,
	ADD CONSTRAINT `craft_entrydrafts_entryId_fk` FOREIGN KEY (`entryId`) REFERENCES `craft_entries` (`id`) ON DELETE CASCADE,
	ADD CONSTRAINT `craft_entrydrafts_locale_fk` FOREIGN KEY (`locale`) REFERENCES `craft_locales` (`locale`) ON DELETE CASCADE ON UPDATE CASCADE,
	ADD CONSTRAINT `craft_entrydrafts_sectionId_fk` FOREIGN KEY (`sectionId`) REFERENCES `craft_sections` (`id`) ON DELETE CASCADE;

--
-- Constraints for table `craft_entrytypes`
--
ALTER TABLE `craft_entrytypes`
	ADD CONSTRAINT `craft_entrytypes_fieldLayoutId_fk` FOREIGN KEY (`fieldLayoutId`) REFERENCES `craft_fieldlayouts` (`id`) ON DELETE SET NULL,
	ADD CONSTRAINT `craft_entrytypes_sectionId_fk` FOREIGN KEY (`sectionId`) REFERENCES `craft_sections` (`id`) ON DELETE CASCADE;

--
-- Constraints for table `craft_entryversions`
--
ALTER TABLE `craft_entryversions`
	ADD CONSTRAINT `craft_entryversions_creatorId_fk` FOREIGN KEY (`creatorId`) REFERENCES `craft_users` (`id`) ON DELETE SET NULL,
	ADD CONSTRAINT `craft_entryversions_entryId_fk` FOREIGN KEY (`entryId`) REFERENCES `craft_entries` (`id`) ON DELETE CASCADE,
	ADD CONSTRAINT `craft_entryversions_locale_fk` FOREIGN KEY (`locale`) REFERENCES `craft_locales` (`locale`) ON DELETE CASCADE ON UPDATE CASCADE,
	ADD CONSTRAINT `craft_entryversions_sectionId_fk` FOREIGN KEY (`sectionId`) REFERENCES `craft_sections` (`id`) ON DELETE CASCADE;

--
-- Constraints for table `craft_fieldlayoutfields`
--
ALTER TABLE `craft_fieldlayoutfields`
	ADD CONSTRAINT `craft_fieldlayoutfields_fieldId_fk` FOREIGN KEY (`fieldId`) REFERENCES `craft_fields` (`id`) ON DELETE CASCADE,
	ADD CONSTRAINT `craft_fieldlayoutfields_layoutId_fk` FOREIGN KEY (`layoutId`) REFERENCES `craft_fieldlayouts` (`id`) ON DELETE CASCADE,
	ADD CONSTRAINT `craft_fieldlayoutfields_tabId_fk` FOREIGN KEY (`tabId`) REFERENCES `craft_fieldlayouttabs` (`id`) ON DELETE CASCADE;

--
-- Constraints for table `craft_fieldlayouttabs`
--
ALTER TABLE `craft_fieldlayouttabs`
	ADD CONSTRAINT `craft_fieldlayouttabs_layoutId_fk` FOREIGN KEY (`layoutId`) REFERENCES `craft_fieldlayouts` (`id`) ON DELETE CASCADE;

--
-- Constraints for table `craft_fields`
--
ALTER TABLE `craft_fields`
	ADD CONSTRAINT `craft_fields_groupId_fk` FOREIGN KEY (`groupId`) REFERENCES `craft_fieldgroups` (`id`) ON DELETE CASCADE;

--
-- Constraints for table `craft_globalsets`
--
ALTER TABLE `craft_globalsets`
	ADD CONSTRAINT `craft_globalsets_fieldLayoutId_fk` FOREIGN KEY (`fieldLayoutId`) REFERENCES `craft_fieldlayouts` (`id`) ON DELETE SET NULL,
	ADD CONSTRAINT `craft_globalsets_id_fk` FOREIGN KEY (`id`) REFERENCES `craft_elements` (`id`) ON DELETE CASCADE;

--
-- Constraints for table `craft_matrixblocks`
--
ALTER TABLE `craft_matrixblocks`
	ADD CONSTRAINT `craft_matrixblocks_fieldId_fk` FOREIGN KEY (`fieldId`) REFERENCES `craft_fields` (`id`) ON DELETE CASCADE,
	ADD CONSTRAINT `craft_matrixblocks_id_fk` FOREIGN KEY (`id`) REFERENCES `craft_elements` (`id`) ON DELETE CASCADE,
	ADD CONSTRAINT `craft_matrixblocks_ownerId_fk` FOREIGN KEY (`ownerId`) REFERENCES `craft_elements` (`id`) ON DELETE CASCADE,
	ADD CONSTRAINT `craft_matrixblocks_typeId_fk` FOREIGN KEY (`typeId`) REFERENCES `craft_matrixblocktypes` (`id`) ON DELETE CASCADE;

--
-- Constraints for table `craft_matrixblocktypes`
--
ALTER TABLE `craft_matrixblocktypes`
	ADD CONSTRAINT `craft_matrixblocktypes_fieldId_fk` FOREIGN KEY (`fieldId`) REFERENCES `craft_fields` (`id`) ON DELETE CASCADE,
	ADD CONSTRAINT `craft_matrixblocktypes_fieldLayoutId_fk` FOREIGN KEY (`fieldLayoutId`) REFERENCES `craft_fieldlayouts` (`id`) ON DELETE SET NULL;

--
-- Constraints for table `craft_migrations`
--
ALTER TABLE `craft_migrations`
	ADD CONSTRAINT `craft_migrations_pluginId_fk` FOREIGN KEY (`pluginId`) REFERENCES `craft_plugins` (`id`) ON DELETE CASCADE;

--
-- Constraints for table `craft_relations`
--
ALTER TABLE `craft_relations`
	ADD CONSTRAINT `craft_relations_fieldId_fk` FOREIGN KEY (`fieldId`) REFERENCES `craft_fields` (`id`) ON DELETE CASCADE,
	ADD CONSTRAINT `craft_relations_sourceId_fk` FOREIGN KEY (`sourceId`) REFERENCES `craft_elements` (`id`) ON DELETE CASCADE,
	ADD CONSTRAINT `craft_relations_targetId_fk` FOREIGN KEY (`targetId`) REFERENCES `craft_elements` (`id`) ON DELETE CASCADE;

--
-- Constraints for table `craft_sections_i18n`
--
ALTER TABLE `craft_sections_i18n`
	ADD CONSTRAINT `craft_sections_i18n_locale_fk` FOREIGN KEY (`locale`) REFERENCES `craft_locales` (`locale`) ON DELETE CASCADE ON UPDATE CASCADE,
	ADD CONSTRAINT `craft_sections_i18n_sectionId_fk` FOREIGN KEY (`sectionId`) REFERENCES `craft_sections` (`id`) ON DELETE CASCADE;

--
-- Constraints for table `craft_sessions`
--
ALTER TABLE `craft_sessions`
	ADD CONSTRAINT `craft_sessions_userId_fk` FOREIGN KEY (`userId`) REFERENCES `craft_users` (`id`) ON DELETE CASCADE;

--
-- Constraints for table `craft_shunnedmessages`
--
ALTER TABLE `craft_shunnedmessages`
	ADD CONSTRAINT `craft_shunnedmessages_userId_fk` FOREIGN KEY (`userId`) REFERENCES `craft_users` (`id`) ON DELETE CASCADE;

--
-- Constraints for table `craft_tags`
--
ALTER TABLE `craft_tags`
	ADD CONSTRAINT `craft_tags_id_fk` FOREIGN KEY (`id`) REFERENCES `craft_elements` (`id`) ON DELETE CASCADE,
	ADD CONSTRAINT `craft_tags_setId_fk` FOREIGN KEY (`setId`) REFERENCES `craft_tagsets` (`id`) ON DELETE CASCADE;

--
-- Constraints for table `craft_tagsets`
--
ALTER TABLE `craft_tagsets`
	ADD CONSTRAINT `craft_tagsets_fieldLayoutId_fk` FOREIGN KEY (`fieldLayoutId`) REFERENCES `craft_fieldlayouts` (`id`) ON DELETE SET NULL;

--
-- Constraints for table `craft_usergroups_users`
--
ALTER TABLE `craft_usergroups_users`
	ADD CONSTRAINT `craft_usergroups_users_groupId_fk` FOREIGN KEY (`groupId`) REFERENCES `craft_usergroups` (`id`) ON DELETE CASCADE,
	ADD CONSTRAINT `craft_usergroups_users_userId_fk` FOREIGN KEY (`userId`) REFERENCES `craft_users` (`id`) ON DELETE CASCADE;

--
-- Constraints for table `craft_userpermissions_usergroups`
--
ALTER TABLE `craft_userpermissions_usergroups`
	ADD CONSTRAINT `craft_userpermissions_usergroups_groupId_fk` FOREIGN KEY (`groupId`) REFERENCES `craft_usergroups` (`id`) ON DELETE CASCADE,
	ADD CONSTRAINT `craft_userpermissions_usergroups_permissionId_fk` FOREIGN KEY (`permissionId`) REFERENCES `craft_userpermissions` (`id`) ON DELETE CASCADE;

--
-- Constraints for table `craft_userpermissions_users`
--
ALTER TABLE `craft_userpermissions_users`
	ADD CONSTRAINT `craft_userpermissions_users_permissionId_fk` FOREIGN KEY (`permissionId`) REFERENCES `craft_userpermissions` (`id`) ON DELETE CASCADE,
	ADD CONSTRAINT `craft_userpermissions_users_userId_fk` FOREIGN KEY (`userId`) REFERENCES `craft_users` (`id`) ON DELETE CASCADE;

--
-- Constraints for table `craft_users`
--
ALTER TABLE `craft_users`
	ADD CONSTRAINT `craft_users_id_fk` FOREIGN KEY (`id`) REFERENCES `craft_elements` (`id`) ON DELETE CASCADE,
	ADD CONSTRAINT `craft_users_preferredLocale_fk` FOREIGN KEY (`preferredLocale`) REFERENCES `craft_locales` (`locale`) ON DELETE SET NULL ON UPDATE CASCADE;

--
-- Constraints for table `craft_widgets`
--
ALTER TABLE `craft_widgets`
	ADD CONSTRAINT `craft_widgets_userId_fk` FOREIGN KEY (`userId`) REFERENCES `craft_users` (`id`) ON DELETE CASCADE;

SET FOREIGN_KEY_CHECKS = 1;
